WARNING - 2023-07-18 04:41:53 --> [DEPRECATED] Creation of dynamic property App\Controllers\Input::$Model_Input is deprecated in APPPATH\Controllers\Input.php on line 16.
 1 SYSTEMPATH\CodeIgniter.php(904): App\Controllers\Input->__construct()
 2 SYSTEMPATH\CodeIgniter.php(488): CodeIgniter\CodeIgniter->createController()
 3 SYSTEMPATH\CodeIgniter.php(366): CodeIgniter\CodeIgniter->handleRequest(null, Object(Config\Cache), false)
 4 FCPATH\index.php(67): CodeIgniter\CodeIgniter->run()
CRITICAL - 2023-07-18 04:41:53 --> Class "PhpOffice\PhpSpreadsheet\Spreadsheet" not found
in APPPATH\Controllers\Input.php on line 17.
 1 SYSTEMPATH\CodeIgniter.php(904): App\Controllers\Input->__construct()
 2 SYSTEMPATH\CodeIgniter.php(488): CodeIgniter\CodeIgniter->createController()
 3 SYSTEMPATH\CodeIgniter.php(366): CodeIgniter\CodeIgniter->handleRequest(null, Object(Config\Cache), false)
 4 FCPATH\index.php(67): CodeIgniter\CodeIgniter->run()
WARNING - 2023-07-18 04:43:44 --> [DEPRECATED] Creation of dynamic property App\Controllers\Input::$Model_Input is deprecated in APPPATH\Controllers\Input.php on line 16.
 1 SYSTEMPATH\CodeIgniter.php(906): App\Controllers\Input->__construct()
 2 SYSTEMPATH\CodeIgniter.php(490): CodeIgniter\CodeIgniter->createController()
 3 SYSTEMPATH\CodeIgniter.php(368): CodeIgniter\CodeIgniter->handleRequest(null, Object(Config\Cache), false)
 4 FCPATH\index.php(67): CodeIgniter\CodeIgniter->run()
INFO - 2023-07-18 04:43:44 --> Session: Class initialized using 'CodeIgniter\Session\Handlers\FileHandler' driver.
WARNING - 2023-07-18 04:43:56 --> [DEPRECATED] Creation of dynamic property App\Controllers\Auth::$Model_User is deprecated in APPPATH\Controllers\Auth.php on line 13.
 1 SYSTEMPATH\CodeIgniter.php(906): App\Controllers\Auth->__construct()
 2 SYSTEMPATH\CodeIgniter.php(490): CodeIgniter\CodeIgniter->createController()
 3 SYSTEMPATH\CodeIgniter.php(368): CodeIgniter\CodeIgniter->handleRequest(null, Object(Config\Cache), false)
 4 FCPATH\index.php(67): CodeIgniter\CodeIgniter->run()
INFO - 2023-07-18 04:43:56 --> Session: Class initialized using 'CodeIgniter\Session\Handlers\FileHandler' driver.
WARNING - 2023-07-18 04:43:56 --> [DEPRECATED] Creation of dynamic property App\Controllers\Auth::$Model_User is deprecated in APPPATH\Controllers\Auth.php on line 13.
 1 SYSTEMPATH\CodeIgniter.php(906): App\Controllers\Auth->__construct()
 2 SYSTEMPATH\CodeIgniter.php(490): CodeIgniter\CodeIgniter->createController()
 3 SYSTEMPATH\CodeIgniter.php(368): CodeIgniter\CodeIgniter->handleRequest(null, Object(Config\Cache), false)
 4 FCPATH\index.php(67): CodeIgniter\CodeIgniter->run()
INFO - 2023-07-18 04:43:56 --> Session: Class initialized using 'CodeIgniter\Session\Handlers\FileHandler' driver.
WARNING - 2023-07-18 04:44:05 --> [DEPRECATED] Creation of dynamic property App\Controllers\Auth::$Model_User is deprecated in APPPATH\Controllers\Auth.php on line 13.
 1 SYSTEMPATH\CodeIgniter.php(906): App\Controllers\Auth->__construct()
 2 SYSTEMPATH\CodeIgniter.php(490): CodeIgniter\CodeIgniter->createController()
 3 SYSTEMPATH\CodeIgniter.php(368): CodeIgniter\CodeIgniter->handleRequest(null, Object(Config\Cache), false)
 4 FCPATH\index.php(67): CodeIgniter\CodeIgniter->run()
INFO - 2023-07-18 04:44:05 --> Session: Class initialized using 'CodeIgniter\Session\Handlers\FileHandler' driver.
WARNING - 2023-07-18 04:44:10 --> [DEPRECATED] Creation of dynamic property App\Controllers\Auth::$Model_User is deprecated in APPPATH\Controllers\Auth.php on line 13.
 1 SYSTEMPATH\CodeIgniter.php(906): App\Controllers\Auth->__construct()
 2 SYSTEMPATH\CodeIgniter.php(490): CodeIgniter\CodeIgniter->createController()
 3 SYSTEMPATH\CodeIgniter.php(368): CodeIgniter\CodeIgniter->handleRequest(null, Object(Config\Cache), false)
 4 FCPATH\index.php(67): CodeIgniter\CodeIgniter->run()
INFO - 2023-07-18 04:44:10 --> Session: Class initialized using 'CodeIgniter\Session\Handlers\FileHandler' driver.
WARNING - 2023-07-18 04:44:10 --> [DEPRECATED] Creation of dynamic property App\Controllers\Auth::$Model_User is deprecated in APPPATH\Controllers\Auth.php on line 13.
 1 SYSTEMPATH\CodeIgniter.php(906): App\Controllers\Auth->__construct()
 2 SYSTEMPATH\CodeIgniter.php(490): CodeIgniter\CodeIgniter->createController()
 3 SYSTEMPATH\CodeIgniter.php(368): CodeIgniter\CodeIgniter->handleRequest(null, Object(Config\Cache), false)
 4 FCPATH\index.php(67): CodeIgniter\CodeIgniter->run()
INFO - 2023-07-18 04:44:10 --> Session: Class initialized using 'CodeIgniter\Session\Handlers\FileHandler' driver.
WARNING - 2023-07-18 04:45:22 --> [DEPRECATED] Creation of dynamic property App\Controllers\Auth::$Model_User is deprecated in APPPATH\Controllers\Auth.php on line 13.
 1 SYSTEMPATH\CodeIgniter.php(906): App\Controllers\Auth->__construct()
 2 SYSTEMPATH\CodeIgniter.php(490): CodeIgniter\CodeIgniter->createController()
 3 SYSTEMPATH\CodeIgniter.php(368): CodeIgniter\CodeIgniter->handleRequest(null, Object(Config\Cache), false)
 4 FCPATH\index.php(67): CodeIgniter\CodeIgniter->run()
INFO - 2023-07-18 04:45:22 --> Session: Class initialized using 'CodeIgniter\Session\Handlers\FileHandler' driver.
WARNING - 2023-07-18 04:45:51 --> [DEPRECATED] Creation of dynamic property App\Controllers\Auth::$Model_User is deprecated in APPPATH\Controllers\Auth.php on line 13.
 1 SYSTEMPATH\CodeIgniter.php(906): App\Controllers\Auth->__construct()
 2 SYSTEMPATH\CodeIgniter.php(490): CodeIgniter\CodeIgniter->createController()
 3 SYSTEMPATH\CodeIgniter.php(368): CodeIgniter\CodeIgniter->handleRequest(null, Object(Config\Cache), false)
 4 FCPATH\index.php(67): CodeIgniter\CodeIgniter->run()
INFO - 2023-07-18 04:45:51 --> Session: Class initialized using 'CodeIgniter\Session\Handlers\FileHandler' driver.
WARNING - 2023-07-18 04:46:30 --> [DEPRECATED] Creation of dynamic property App\Controllers\Auth::$Model_User is deprecated in APPPATH\Controllers\Auth.php on line 13.
 1 SYSTEMPATH\CodeIgniter.php(906): App\Controllers\Auth->__construct()
 2 SYSTEMPATH\CodeIgniter.php(490): CodeIgniter\CodeIgniter->createController()
 3 SYSTEMPATH\CodeIgniter.php(368): CodeIgniter\CodeIgniter->handleRequest(null, Object(Config\Cache), false)
 4 FCPATH\index.php(67): CodeIgniter\CodeIgniter->run()
INFO - 2023-07-18 04:46:30 --> Session: Class initialized using 'CodeIgniter\Session\Handlers\FileHandler' driver.
WARNING - 2023-07-18 04:46:57 --> [DEPRECATED] Creation of dynamic property App\Controllers\Auth::$Model_User is deprecated in APPPATH\Controllers\Auth.php on line 13.
 1 SYSTEMPATH\CodeIgniter.php(906): App\Controllers\Auth->__construct()
 2 SYSTEMPATH\CodeIgniter.php(490): CodeIgniter\CodeIgniter->createController()
 3 SYSTEMPATH\CodeIgniter.php(368): CodeIgniter\CodeIgniter->handleRequest(null, Object(Config\Cache), false)
 4 FCPATH\index.php(67): CodeIgniter\CodeIgniter->run()
INFO - 2023-07-18 04:46:57 --> Session: Class initialized using 'CodeIgniter\Session\Handlers\FileHandler' driver.
WARNING - 2023-07-18 04:47:13 --> [DEPRECATED] Creation of dynamic property App\Controllers\Auth::$Model_User is deprecated in APPPATH\Controllers\Auth.php on line 13.
 1 SYSTEMPATH\CodeIgniter.php(906): App\Controllers\Auth->__construct()
 2 SYSTEMPATH\CodeIgniter.php(490): CodeIgniter\CodeIgniter->createController()
 3 SYSTEMPATH\CodeIgniter.php(368): CodeIgniter\CodeIgniter->handleRequest(null, Object(Config\Cache), false)
 4 FCPATH\index.php(67): CodeIgniter\CodeIgniter->run()
INFO - 2023-07-18 04:47:13 --> Session: Class initialized using 'CodeIgniter\Session\Handlers\FileHandler' driver.
WARNING - 2023-07-18 04:47:27 --> [DEPRECATED] Creation of dynamic property App\Controllers\Auth::$Model_User is deprecated in APPPATH\Controllers\Auth.php on line 13.
 1 SYSTEMPATH\CodeIgniter.php(906): App\Controllers\Auth->__construct()
 2 SYSTEMPATH\CodeIgniter.php(490): CodeIgniter\CodeIgniter->createController()
 3 SYSTEMPATH\CodeIgniter.php(368): CodeIgniter\CodeIgniter->handleRequest(null, Object(Config\Cache), false)
 4 FCPATH\index.php(67): CodeIgniter\CodeIgniter->run()
INFO - 2023-07-18 04:47:27 --> Session: Class initialized using 'CodeIgniter\Session\Handlers\FileHandler' driver.
WARNING - 2023-07-18 04:47:53 --> [DEPRECATED] Creation of dynamic property App\Controllers\Auth::$Model_User is deprecated in APPPATH\Controllers\Auth.php on line 13.
 1 SYSTEMPATH\CodeIgniter.php(906): App\Controllers\Auth->__construct()
 2 SYSTEMPATH\CodeIgniter.php(490): CodeIgniter\CodeIgniter->createController()
 3 SYSTEMPATH\CodeIgniter.php(368): CodeIgniter\CodeIgniter->handleRequest(null, Object(Config\Cache), false)
 4 FCPATH\index.php(67): CodeIgniter\CodeIgniter->run()
INFO - 2023-07-18 04:47:53 --> Session: Class initialized using 'CodeIgniter\Session\Handlers\FileHandler' driver.
WARNING - 2023-07-18 04:48:10 --> [DEPRECATED] Creation of dynamic property App\Controllers\Auth::$Model_User is deprecated in APPPATH\Controllers\Auth.php on line 13.
 1 SYSTEMPATH\CodeIgniter.php(906): App\Controllers\Auth->__construct()
 2 SYSTEMPATH\CodeIgniter.php(490): CodeIgniter\CodeIgniter->createController()
 3 SYSTEMPATH\CodeIgniter.php(368): CodeIgniter\CodeIgniter->handleRequest(null, Object(Config\Cache), false)
 4 FCPATH\index.php(67): CodeIgniter\CodeIgniter->run()
INFO - 2023-07-18 04:48:10 --> Session: Class initialized using 'CodeIgniter\Session\Handlers\FileHandler' driver.
WARNING - 2023-07-18 04:48:39 --> [DEPRECATED] Creation of dynamic property App\Controllers\Auth::$Model_User is deprecated in APPPATH\Controllers\Auth.php on line 13.
 1 SYSTEMPATH\CodeIgniter.php(906): App\Controllers\Auth->__construct()
 2 SYSTEMPATH\CodeIgniter.php(490): CodeIgniter\CodeIgniter->createController()
 3 SYSTEMPATH\CodeIgniter.php(368): CodeIgniter\CodeIgniter->handleRequest(null, Object(Config\Cache), false)
 4 FCPATH\index.php(67): CodeIgniter\CodeIgniter->run()
INFO - 2023-07-18 04:48:39 --> Session: Class initialized using 'CodeIgniter\Session\Handlers\FileHandler' driver.
WARNING - 2023-07-18 04:48:51 --> [DEPRECATED] Creation of dynamic property App\Controllers\Auth::$Model_User is deprecated in APPPATH\Controllers\Auth.php on line 13.
 1 SYSTEMPATH\CodeIgniter.php(906): App\Controllers\Auth->__construct()
 2 SYSTEMPATH\CodeIgniter.php(490): CodeIgniter\CodeIgniter->createController()
 3 SYSTEMPATH\CodeIgniter.php(368): CodeIgniter\CodeIgniter->handleRequest(null, Object(Config\Cache), false)
 4 FCPATH\index.php(67): CodeIgniter\CodeIgniter->run()
INFO - 2023-07-18 04:48:51 --> Session: Class initialized using 'CodeIgniter\Session\Handlers\FileHandler' driver.
WARNING - 2023-07-18 04:48:59 --> [DEPRECATED] Creation of dynamic property App\Controllers\Input::$Model_Input is deprecated in APPPATH\Controllers\Input.php on line 16.
 1 SYSTEMPATH\CodeIgniter.php(906): App\Controllers\Input->__construct()
 2 SYSTEMPATH\CodeIgniter.php(490): CodeIgniter\CodeIgniter->createController()
 3 SYSTEMPATH\CodeIgniter.php(368): CodeIgniter\CodeIgniter->handleRequest(null, Object(Config\Cache), false)
 4 FCPATH\index.php(67): CodeIgniter\CodeIgniter->run()
INFO - 2023-07-18 04:48:59 --> Session: Class initialized using 'CodeIgniter\Session\Handlers\FileHandler' driver.
WARNING - 2023-07-18 04:49:01 --> [DEPRECATED] Creation of dynamic property App\Controllers\Input::$Model_Input is deprecated in APPPATH\Controllers\Input.php on line 16.
 1 SYSTEMPATH\CodeIgniter.php(906): App\Controllers\Input->__construct()
 2 SYSTEMPATH\CodeIgniter.php(490): CodeIgniter\CodeIgniter->createController()
 3 SYSTEMPATH\CodeIgniter.php(368): CodeIgniter\CodeIgniter->handleRequest(null, Object(Config\Cache), false)
 4 FCPATH\index.php(67): CodeIgniter\CodeIgniter->run()
INFO - 2023-07-18 04:49:01 --> Session: Class initialized using 'CodeIgniter\Session\Handlers\FileHandler' driver.
WARNING - 2023-07-18 04:49:09 --> [DEPRECATED] Creation of dynamic property App\Controllers\Proses::$Model_Proses is deprecated in APPPATH\Controllers\Proses.php on line 15.
 1 SYSTEMPATH\CodeIgniter.php(906): App\Controllers\Proses->__construct()
 2 SYSTEMPATH\CodeIgniter.php(490): CodeIgniter\CodeIgniter->createController()
 3 SYSTEMPATH\CodeIgniter.php(368): CodeIgniter\CodeIgniter->handleRequest(null, Object(Config\Cache), false)
 4 FCPATH\index.php(67): CodeIgniter\CodeIgniter->run()
WARNING - 2023-07-18 04:49:09 --> [DEPRECATED] Creation of dynamic property App\Controllers\Proses::$Model_Input is deprecated in APPPATH\Controllers\Proses.php on line 16.
 1 SYSTEMPATH\CodeIgniter.php(906): App\Controllers\Proses->__construct()
 2 SYSTEMPATH\CodeIgniter.php(490): CodeIgniter\CodeIgniter->createController()
 3 SYSTEMPATH\CodeIgniter.php(368): CodeIgniter\CodeIgniter->handleRequest(null, Object(Config\Cache), false)
 4 FCPATH\index.php(67): CodeIgniter\CodeIgniter->run()
INFO - 2023-07-18 04:49:09 --> Session: Class initialized using 'CodeIgniter\Session\Handlers\FileHandler' driver.
WARNING - 2023-07-18 04:49:11 --> [DEPRECATED] Creation of dynamic property App\Controllers\Proses::$Model_Proses is deprecated in APPPATH\Controllers\Proses.php on line 15.
 1 SYSTEMPATH\CodeIgniter.php(906): App\Controllers\Proses->__construct()
 2 SYSTEMPATH\CodeIgniter.php(490): CodeIgniter\CodeIgniter->createController()
 3 SYSTEMPATH\CodeIgniter.php(368): CodeIgniter\CodeIgniter->handleRequest(null, Object(Config\Cache), false)
 4 FCPATH\index.php(67): CodeIgniter\CodeIgniter->run()
WARNING - 2023-07-18 04:49:11 --> [DEPRECATED] Creation of dynamic property App\Controllers\Proses::$Model_Input is deprecated in APPPATH\Controllers\Proses.php on line 16.
 1 SYSTEMPATH\CodeIgniter.php(906): App\Controllers\Proses->__construct()
 2 SYSTEMPATH\CodeIgniter.php(490): CodeIgniter\CodeIgniter->createController()
 3 SYSTEMPATH\CodeIgniter.php(368): CodeIgniter\CodeIgniter->handleRequest(null, Object(Config\Cache), false)
 4 FCPATH\index.php(67): CodeIgniter\CodeIgniter->run()
WARNING - 2023-07-18 04:49:12 --> [DEPRECATED] Creation of dynamic property App\Controllers\Proses::$Model_Proses is deprecated in APPPATH\Controllers\Proses.php on line 15.
 1 SYSTEMPATH\CodeIgniter.php(906): App\Controllers\Proses->__construct()
 2 SYSTEMPATH\CodeIgniter.php(490): CodeIgniter\CodeIgniter->createController()
 3 SYSTEMPATH\CodeIgniter.php(368): CodeIgniter\CodeIgniter->handleRequest(null, Object(Config\Cache), false)
 4 FCPATH\index.php(67): CodeIgniter\CodeIgniter->run()
WARNING - 2023-07-18 04:49:12 --> [DEPRECATED] Creation of dynamic property App\Controllers\Proses::$Model_Input is deprecated in APPPATH\Controllers\Proses.php on line 16.
 1 SYSTEMPATH\CodeIgniter.php(906): App\Controllers\Proses->__construct()
 2 SYSTEMPATH\CodeIgniter.php(490): CodeIgniter\CodeIgniter->createController()
 3 SYSTEMPATH\CodeIgniter.php(368): CodeIgniter\CodeIgniter->handleRequest(null, Object(Config\Cache), false)
 4 FCPATH\index.php(67): CodeIgniter\CodeIgniter->run()
WARNING - 2023-07-18 04:49:20 --> [DEPRECATED] Creation of dynamic property App\Controllers\Input::$Model_Input is deprecated in APPPATH\Controllers\Input.php on line 16.
 1 SYSTEMPATH\CodeIgniter.php(906): App\Controllers\Input->__construct()
 2 SYSTEMPATH\CodeIgniter.php(490): CodeIgniter\CodeIgniter->createController()
 3 SYSTEMPATH\CodeIgniter.php(368): CodeIgniter\CodeIgniter->handleRequest(null, Object(Config\Cache), false)
 4 FCPATH\index.php(67): CodeIgniter\CodeIgniter->run()
INFO - 2023-07-18 04:49:20 --> Session: Class initialized using 'CodeIgniter\Session\Handlers\FileHandler' driver.
WARNING - 2023-07-18 04:49:30 --> [DEPRECATED] Creation of dynamic property App\Controllers\Input::$Model_Input is deprecated in APPPATH\Controllers\Input.php on line 16.
 1 SYSTEMPATH\CodeIgniter.php(906): App\Controllers\Input->__construct()
 2 SYSTEMPATH\CodeIgniter.php(490): CodeIgniter\CodeIgniter->createController()
 3 SYSTEMPATH\CodeIgniter.php(368): CodeIgniter\CodeIgniter->handleRequest(null, Object(Config\Cache), false)
 4 FCPATH\index.php(67): CodeIgniter\CodeIgniter->run()
INFO - 2023-07-18 04:49:30 --> Session: Class initialized using 'CodeIgniter\Session\Handlers\FileHandler' driver.
WARNING - 2023-07-18 04:49:30 --> [DEPRECATED] Creation of dynamic property App\Controllers\Input::$Model_Input is deprecated in APPPATH\Controllers\Input.php on line 16.
 1 SYSTEMPATH\CodeIgniter.php(906): App\Controllers\Input->__construct()
 2 SYSTEMPATH\CodeIgniter.php(490): CodeIgniter\CodeIgniter->createController()
 3 SYSTEMPATH\CodeIgniter.php(368): CodeIgniter\CodeIgniter->handleRequest(null, Object(Config\Cache), false)
 4 FCPATH\index.php(67): CodeIgniter\CodeIgniter->run()
INFO - 2023-07-18 04:49:30 --> Session: Class initialized using 'CodeIgniter\Session\Handlers\FileHandler' driver.
WARNING - 2023-07-18 04:49:35 --> [DEPRECATED] Creation of dynamic property App\Controllers\Input::$Model_Input is deprecated in APPPATH\Controllers\Input.php on line 16.
 1 SYSTEMPATH\CodeIgniter.php(906): App\Controllers\Input->__construct()
 2 SYSTEMPATH\CodeIgniter.php(490): CodeIgniter\CodeIgniter->createController()
 3 SYSTEMPATH\CodeIgniter.php(368): CodeIgniter\CodeIgniter->handleRequest(null, Object(Config\Cache), false)
 4 FCPATH\index.php(67): CodeIgniter\CodeIgniter->run()
INFO - 2023-07-18 04:49:35 --> Session: Class initialized using 'CodeIgniter\Session\Handlers\FileHandler' driver.
WARNING - 2023-07-18 04:49:36 --> [DEPRECATED] Creation of dynamic property App\Controllers\Proses::$Model_Proses is deprecated in APPPATH\Controllers\Proses.php on line 15.
 1 SYSTEMPATH\CodeIgniter.php(906): App\Controllers\Proses->__construct()
 2 SYSTEMPATH\CodeIgniter.php(490): CodeIgniter\CodeIgniter->createController()
 3 SYSTEMPATH\CodeIgniter.php(368): CodeIgniter\CodeIgniter->handleRequest(null, Object(Config\Cache), false)
 4 FCPATH\index.php(67): CodeIgniter\CodeIgniter->run()
WARNING - 2023-07-18 04:49:36 --> [DEPRECATED] Creation of dynamic property App\Controllers\Proses::$Model_Input is deprecated in APPPATH\Controllers\Proses.php on line 16.
 1 SYSTEMPATH\CodeIgniter.php(906): App\Controllers\Proses->__construct()
 2 SYSTEMPATH\CodeIgniter.php(490): CodeIgniter\CodeIgniter->createController()
 3 SYSTEMPATH\CodeIgniter.php(368): CodeIgniter\CodeIgniter->handleRequest(null, Object(Config\Cache), false)
 4 FCPATH\index.php(67): CodeIgniter\CodeIgniter->run()
INFO - 2023-07-18 04:49:36 --> Session: Class initialized using 'CodeIgniter\Session\Handlers\FileHandler' driver.
WARNING - 2023-07-18 04:49:38 --> [DEPRECATED] Creation of dynamic property App\Controllers\Proses::$Model_Proses is deprecated in APPPATH\Controllers\Proses.php on line 15.
 1 SYSTEMPATH\CodeIgniter.php(906): App\Controllers\Proses->__construct()
 2 SYSTEMPATH\CodeIgniter.php(490): CodeIgniter\CodeIgniter->createController()
 3 SYSTEMPATH\CodeIgniter.php(368): CodeIgniter\CodeIgniter->handleRequest(null, Object(Config\Cache), false)
 4 FCPATH\index.php(67): CodeIgniter\CodeIgniter->run()
WARNING - 2023-07-18 04:49:38 --> [DEPRECATED] Creation of dynamic property App\Controllers\Proses::$Model_Input is deprecated in APPPATH\Controllers\Proses.php on line 16.
 1 SYSTEMPATH\CodeIgniter.php(906): App\Controllers\Proses->__construct()
 2 SYSTEMPATH\CodeIgniter.php(490): CodeIgniter\CodeIgniter->createController()
 3 SYSTEMPATH\CodeIgniter.php(368): CodeIgniter\CodeIgniter->handleRequest(null, Object(Config\Cache), false)
 4 FCPATH\index.php(67): CodeIgniter\CodeIgniter->run()
WARNING - 2023-07-18 04:49:39 --> [DEPRECATED] Creation of dynamic property App\Controllers\Proses::$Model_Proses is deprecated in APPPATH\Controllers\Proses.php on line 15.
 1 SYSTEMPATH\CodeIgniter.php(906): App\Controllers\Proses->__construct()
 2 SYSTEMPATH\CodeIgniter.php(490): CodeIgniter\CodeIgniter->createController()
 3 SYSTEMPATH\CodeIgniter.php(368): CodeIgniter\CodeIgniter->handleRequest(null, Object(Config\Cache), false)
 4 FCPATH\index.php(67): CodeIgniter\CodeIgniter->run()
WARNING - 2023-07-18 04:49:39 --> [DEPRECATED] Creation of dynamic property App\Controllers\Proses::$Model_Input is deprecated in APPPATH\Controllers\Proses.php on line 16.
 1 SYSTEMPATH\CodeIgniter.php(906): App\Controllers\Proses->__construct()
 2 SYSTEMPATH\CodeIgniter.php(490): CodeIgniter\CodeIgniter->createController()
 3 SYSTEMPATH\CodeIgniter.php(368): CodeIgniter\CodeIgniter->handleRequest(null, Object(Config\Cache), false)
 4 FCPATH\index.php(67): CodeIgniter\CodeIgniter->run()
WARNING - 2023-07-18 04:50:20 --> [DEPRECATED] Creation of dynamic property App\Controllers\Input::$Model_Input is deprecated in APPPATH\Controllers\Input.php on line 16.
 1 SYSTEMPATH\CodeIgniter.php(906): App\Controllers\Input->__construct()
 2 SYSTEMPATH\CodeIgniter.php(490): CodeIgniter\CodeIgniter->createController()
 3 SYSTEMPATH\CodeIgniter.php(368): CodeIgniter\CodeIgniter->handleRequest(null, Object(Config\Cache), false)
 4 FCPATH\index.php(67): CodeIgniter\CodeIgniter->run()
INFO - 2023-07-18 04:50:20 --> Session: Class initialized using 'CodeIgniter\Session\Handlers\FileHandler' driver.
WARNING - 2023-07-18 04:50:24 --> [DEPRECATED] Creation of dynamic property App\Controllers\Input::$Model_Input is deprecated in APPPATH\Controllers\Input.php on line 16.
 1 SYSTEMPATH\CodeIgniter.php(906): App\Controllers\Input->__construct()
 2 SYSTEMPATH\CodeIgniter.php(490): CodeIgniter\CodeIgniter->createController()
 3 SYSTEMPATH\CodeIgniter.php(368): CodeIgniter\CodeIgniter->handleRequest(null, Object(Config\Cache), false)
 4 FCPATH\index.php(67): CodeIgniter\CodeIgniter->run()
INFO - 2023-07-18 04:50:24 --> Session: Class initialized using 'CodeIgniter\Session\Handlers\FileHandler' driver.
WARNING - 2023-07-18 04:51:29 --> [DEPRECATED] Creation of dynamic property App\Controllers\Input::$Model_Input is deprecated in APPPATH\Controllers\Input.php on line 16.
 1 SYSTEMPATH\CodeIgniter.php(906): App\Controllers\Input->__construct()
 2 SYSTEMPATH\CodeIgniter.php(490): CodeIgniter\CodeIgniter->createController()
 3 SYSTEMPATH\CodeIgniter.php(368): CodeIgniter\CodeIgniter->handleRequest(null, Object(Config\Cache), false)
 4 FCPATH\index.php(67): CodeIgniter\CodeIgniter->run()
INFO - 2023-07-18 04:51:29 --> Session: Class initialized using 'CodeIgniter\Session\Handlers\FileHandler' driver.
WARNING - 2023-07-18 04:51:46 --> [DEPRECATED] Creation of dynamic property App\Controllers\Input::$Model_Input is deprecated in APPPATH\Controllers\Input.php on line 16.
 1 SYSTEMPATH\CodeIgniter.php(906): App\Controllers\Input->__construct()
 2 SYSTEMPATH\CodeIgniter.php(490): CodeIgniter\CodeIgniter->createController()
 3 SYSTEMPATH\CodeIgniter.php(368): CodeIgniter\CodeIgniter->handleRequest(null, Object(Config\Cache), false)
 4 FCPATH\index.php(67): CodeIgniter\CodeIgniter->run()
INFO - 2023-07-18 04:51:46 --> Session: Class initialized using 'CodeIgniter\Session\Handlers\FileHandler' driver.
WARNING - 2023-07-18 04:52:24 --> [DEPRECATED] Creation of dynamic property App\Controllers\Input::$Model_Input is deprecated in APPPATH\Controllers\Input.php on line 16.
 1 SYSTEMPATH\CodeIgniter.php(906): App\Controllers\Input->__construct()
 2 SYSTEMPATH\CodeIgniter.php(490): CodeIgniter\CodeIgniter->createController()
 3 SYSTEMPATH\CodeIgniter.php(368): CodeIgniter\CodeIgniter->handleRequest(null, Object(Config\Cache), false)
 4 FCPATH\index.php(67): CodeIgniter\CodeIgniter->run()
WARNING - 2023-07-18 04:52:24 --> [DEPRECATED] Creation of dynamic property App\Controllers\Input::$Model_Input is deprecated in APPPATH\Controllers\Input.php on line 16.
 1 SYSTEMPATH\CodeIgniter.php(906): App\Controllers\Input->__construct()
 2 SYSTEMPATH\CodeIgniter.php(490): CodeIgniter\CodeIgniter->createController()
 3 SYSTEMPATH\CodeIgniter.php(368): CodeIgniter\CodeIgniter->handleRequest(null, Object(Config\Cache), false)
 4 FCPATH\index.php(67): CodeIgniter\CodeIgniter->run()
INFO - 2023-07-18 04:52:24 --> Session: Class initialized using 'CodeIgniter\Session\Handlers\FileHandler' driver.
WARNING - 2023-07-18 04:52:29 --> [DEPRECATED] Creation of dynamic property App\Controllers\Input::$Model_Input is deprecated in APPPATH\Controllers\Input.php on line 16.
 1 SYSTEMPATH\CodeIgniter.php(906): App\Controllers\Input->__construct()
 2 SYSTEMPATH\CodeIgniter.php(490): CodeIgniter\CodeIgniter->createController()
 3 SYSTEMPATH\CodeIgniter.php(368): CodeIgniter\CodeIgniter->handleRequest(null, Object(Config\Cache), false)
 4 FCPATH\index.php(67): CodeIgniter\CodeIgniter->run()
WARNING - 2023-07-18 04:52:29 --> [DEPRECATED] Creation of dynamic property App\Controllers\Input::$Model_Input is deprecated in APPPATH\Controllers\Input.php on line 16.
 1 SYSTEMPATH\CodeIgniter.php(906): App\Controllers\Input->__construct()
 2 SYSTEMPATH\CodeIgniter.php(490): CodeIgniter\CodeIgniter->createController()
 3 SYSTEMPATH\CodeIgniter.php(368): CodeIgniter\CodeIgniter->handleRequest(null, Object(Config\Cache), false)
 4 FCPATH\index.php(67): CodeIgniter\CodeIgniter->run()
WARNING - 2023-07-18 04:52:31 --> [DEPRECATED] Creation of dynamic property App\Controllers\Input::$Model_Input is deprecated in APPPATH\Controllers\Input.php on line 16.
 1 SYSTEMPATH\CodeIgniter.php(906): App\Controllers\Input->__construct()
 2 SYSTEMPATH\CodeIgniter.php(490): CodeIgniter\CodeIgniter->createController()
 3 SYSTEMPATH\CodeIgniter.php(368): CodeIgniter\CodeIgniter->handleRequest(null, Object(Config\Cache), false)
 4 FCPATH\index.php(67): CodeIgniter\CodeIgniter->run()
WARNING - 2023-07-18 04:52:40 --> [DEPRECATED] Creation of dynamic property App\Controllers\Input::$Model_Input is deprecated in APPPATH\Controllers\Input.php on line 16.
 1 SYSTEMPATH\CodeIgniter.php(906): App\Controllers\Input->__construct()
 2 SYSTEMPATH\CodeIgniter.php(490): CodeIgniter\CodeIgniter->createController()
 3 SYSTEMPATH\CodeIgniter.php(368): CodeIgniter\CodeIgniter->handleRequest(null, Object(Config\Cache), false)
 4 FCPATH\index.php(67): CodeIgniter\CodeIgniter->run()
WARNING - 2023-07-18 04:52:59 --> [DEPRECATED] Creation of dynamic property App\Controllers\Input::$Model_Input is deprecated in APPPATH\Controllers\Input.php on line 16.
 1 SYSTEMPATH\CodeIgniter.php(906): App\Controllers\Input->__construct()
 2 SYSTEMPATH\CodeIgniter.php(490): CodeIgniter\CodeIgniter->createController()
 3 SYSTEMPATH\CodeIgniter.php(368): CodeIgniter\CodeIgniter->handleRequest(null, Object(Config\Cache), false)
 4 FCPATH\index.php(67): CodeIgniter\CodeIgniter->run()
INFO - 2023-07-18 04:52:59 --> Session: Class initialized using 'CodeIgniter\Session\Handlers\FileHandler' driver.
WARNING - 2023-07-18 04:52:59 --> [DEPRECATED] Creation of dynamic property App\Controllers\Input::$Model_Input is deprecated in APPPATH\Controllers\Input.php on line 16.
 1 SYSTEMPATH\CodeIgniter.php(906): App\Controllers\Input->__construct()
 2 SYSTEMPATH\CodeIgniter.php(490): CodeIgniter\CodeIgniter->createController()
 3 SYSTEMPATH\CodeIgniter.php(368): CodeIgniter\CodeIgniter->handleRequest(null, Object(Config\Cache), false)
 4 FCPATH\index.php(67): CodeIgniter\CodeIgniter->run()
INFO - 2023-07-18 04:53:00 --> Session: Class initialized using 'CodeIgniter\Session\Handlers\FileHandler' driver.
WARNING - 2023-07-18 04:53:04 --> [DEPRECATED] Creation of dynamic property App\Controllers\Input::$Model_Input is deprecated in APPPATH\Controllers\Input.php on line 16.
 1 SYSTEMPATH\CodeIgniter.php(906): App\Controllers\Input->__construct()
 2 SYSTEMPATH\CodeIgniter.php(490): CodeIgniter\CodeIgniter->createController()
 3 SYSTEMPATH\CodeIgniter.php(368): CodeIgniter\CodeIgniter->handleRequest(null, Object(Config\Cache), false)
 4 FCPATH\index.php(67): CodeIgniter\CodeIgniter->run()
INFO - 2023-07-18 04:53:04 --> Session: Class initialized using 'CodeIgniter\Session\Handlers\FileHandler' driver.
WARNING - 2023-07-18 04:53:08 --> [DEPRECATED] Creation of dynamic property App\Controllers\Input::$Model_Input is deprecated in APPPATH\Controllers\Input.php on line 16.
 1 SYSTEMPATH\CodeIgniter.php(906): App\Controllers\Input->__construct()
 2 SYSTEMPATH\CodeIgniter.php(490): CodeIgniter\CodeIgniter->createController()
 3 SYSTEMPATH\CodeIgniter.php(368): CodeIgniter\CodeIgniter->handleRequest(null, Object(Config\Cache), false)
 4 FCPATH\index.php(67): CodeIgniter\CodeIgniter->run()
INFO - 2023-07-18 04:53:08 --> Session: Class initialized using 'CodeIgniter\Session\Handlers\FileHandler' driver.
WARNING - 2023-07-18 04:53:10 --> [DEPRECATED] Creation of dynamic property App\Controllers\Proses::$Model_Proses is deprecated in APPPATH\Controllers\Proses.php on line 15.
 1 SYSTEMPATH\CodeIgniter.php(906): App\Controllers\Proses->__construct()
 2 SYSTEMPATH\CodeIgniter.php(490): CodeIgniter\CodeIgniter->createController()
 3 SYSTEMPATH\CodeIgniter.php(368): CodeIgniter\CodeIgniter->handleRequest(null, Object(Config\Cache), false)
 4 FCPATH\index.php(67): CodeIgniter\CodeIgniter->run()
WARNING - 2023-07-18 04:53:10 --> [DEPRECATED] Creation of dynamic property App\Controllers\Proses::$Model_Input is deprecated in APPPATH\Controllers\Proses.php on line 16.
 1 SYSTEMPATH\CodeIgniter.php(906): App\Controllers\Proses->__construct()
 2 SYSTEMPATH\CodeIgniter.php(490): CodeIgniter\CodeIgniter->createController()
 3 SYSTEMPATH\CodeIgniter.php(368): CodeIgniter\CodeIgniter->handleRequest(null, Object(Config\Cache), false)
 4 FCPATH\index.php(67): CodeIgniter\CodeIgniter->run()
INFO - 2023-07-18 04:53:10 --> Session: Class initialized using 'CodeIgniter\Session\Handlers\FileHandler' driver.
WARNING - 2023-07-18 04:53:11 --> [DEPRECATED] Creation of dynamic property App\Controllers\Proses::$Model_Proses is deprecated in APPPATH\Controllers\Proses.php on line 15.
 1 SYSTEMPATH\CodeIgniter.php(906): App\Controllers\Proses->__construct()
 2 SYSTEMPATH\CodeIgniter.php(490): CodeIgniter\CodeIgniter->createController()
 3 SYSTEMPATH\CodeIgniter.php(368): CodeIgniter\CodeIgniter->handleRequest(null, Object(Config\Cache), false)
 4 FCPATH\index.php(67): CodeIgniter\CodeIgniter->run()
WARNING - 2023-07-18 04:53:11 --> [DEPRECATED] Creation of dynamic property App\Controllers\Proses::$Model_Input is deprecated in APPPATH\Controllers\Proses.php on line 16.
 1 SYSTEMPATH\CodeIgniter.php(906): App\Controllers\Proses->__construct()
 2 SYSTEMPATH\CodeIgniter.php(490): CodeIgniter\CodeIgniter->createController()
 3 SYSTEMPATH\CodeIgniter.php(368): CodeIgniter\CodeIgniter->handleRequest(null, Object(Config\Cache), false)
 4 FCPATH\index.php(67): CodeIgniter\CodeIgniter->run()
WARNING - 2023-07-18 04:53:13 --> [DEPRECATED] Creation of dynamic property App\Controllers\Proses::$Model_Proses is deprecated in APPPATH\Controllers\Proses.php on line 15.
 1 SYSTEMPATH\CodeIgniter.php(906): App\Controllers\Proses->__construct()
 2 SYSTEMPATH\CodeIgniter.php(490): CodeIgniter\CodeIgniter->createController()
 3 SYSTEMPATH\CodeIgniter.php(368): CodeIgniter\CodeIgniter->handleRequest(null, Object(Config\Cache), false)
 4 FCPATH\index.php(67): CodeIgniter\CodeIgniter->run()
WARNING - 2023-07-18 04:53:13 --> [DEPRECATED] Creation of dynamic property App\Controllers\Proses::$Model_Input is deprecated in APPPATH\Controllers\Proses.php on line 16.
 1 SYSTEMPATH\CodeIgniter.php(906): App\Controllers\Proses->__construct()
 2 SYSTEMPATH\CodeIgniter.php(490): CodeIgniter\CodeIgniter->createController()
 3 SYSTEMPATH\CodeIgniter.php(368): CodeIgniter\CodeIgniter->handleRequest(null, Object(Config\Cache), false)
 4 FCPATH\index.php(67): CodeIgniter\CodeIgniter->run()
WARNING - 2023-07-18 04:53:43 --> [DEPRECATED] Creation of dynamic property App\Controllers\Input::$Model_Input is deprecated in APPPATH\Controllers\Input.php on line 16.
 1 SYSTEMPATH\CodeIgniter.php(906): App\Controllers\Input->__construct()
 2 SYSTEMPATH\CodeIgniter.php(490): CodeIgniter\CodeIgniter->createController()
 3 SYSTEMPATH\CodeIgniter.php(368): CodeIgniter\CodeIgniter->handleRequest(null, Object(Config\Cache), false)
 4 FCPATH\index.php(67): CodeIgniter\CodeIgniter->run()
INFO - 2023-07-18 04:53:43 --> Session: Class initialized using 'CodeIgniter\Session\Handlers\FileHandler' driver.
WARNING - 2023-07-18 04:54:38 --> [DEPRECATED] Creation of dynamic property App\Controllers\Hasil::$Model_Hasil is deprecated in APPPATH\Controllers\Hasil.php on line 14.
 1 SYSTEMPATH\CodeIgniter.php(906): App\Controllers\Hasil->__construct()
 2 SYSTEMPATH\CodeIgniter.php(490): CodeIgniter\CodeIgniter->createController()
 3 SYSTEMPATH\CodeIgniter.php(368): CodeIgniter\CodeIgniter->handleRequest(null, Object(Config\Cache), false)
 4 FCPATH\index.php(67): CodeIgniter\CodeIgniter->run()
WARNING - 2023-07-18 04:54:38 --> [DEPRECATED] strtotime(): Passing null to parameter #1 ($datetime) of type string is deprecated in APPPATH\Controllers\Hasil.php on line 21.
 1 APPPATH\Controllers\Hasil.php(21): strtotime(null)
 2 SYSTEMPATH\CodeIgniter.php(934): App\Controllers\Hasil->Jasa_Langsung()
 3 SYSTEMPATH\CodeIgniter.php(499): CodeIgniter\CodeIgniter->runController(Object(App\Controllers\Hasil))
 4 SYSTEMPATH\CodeIgniter.php(368): CodeIgniter\CodeIgniter->handleRequest(null, Object(Config\Cache), false)
 5 FCPATH\index.php(67): CodeIgniter\CodeIgniter->run()
WARNING - 2023-07-18 04:54:38 --> [DEPRECATED] strtotime(): Passing null to parameter #1 ($datetime) of type string is deprecated in APPPATH\Controllers\Hasil.php on line 22.
 1 APPPATH\Controllers\Hasil.php(22): strtotime(null)
 2 SYSTEMPATH\CodeIgniter.php(934): App\Controllers\Hasil->Jasa_Langsung()
 3 SYSTEMPATH\CodeIgniter.php(499): CodeIgniter\CodeIgniter->runController(Object(App\Controllers\Hasil))
 4 SYSTEMPATH\CodeIgniter.php(368): CodeIgniter\CodeIgniter->handleRequest(null, Object(Config\Cache), false)
 5 FCPATH\index.php(67): CodeIgniter\CodeIgniter->run()
INFO - 2023-07-18 04:54:38 --> Session: Class initialized using 'CodeIgniter\Session\Handlers\FileHandler' driver.
WARNING - 2023-07-18 04:54:43 --> [DEPRECATED] Creation of dynamic property App\Controllers\Hasil::$Model_Hasil is deprecated in APPPATH\Controllers\Hasil.php on line 14.
 1 SYSTEMPATH\CodeIgniter.php(906): App\Controllers\Hasil->__construct()
 2 SYSTEMPATH\CodeIgniter.php(490): CodeIgniter\CodeIgniter->createController()
 3 SYSTEMPATH\CodeIgniter.php(368): CodeIgniter\CodeIgniter->handleRequest(null, Object(Config\Cache), false)
 4 FCPATH\index.php(67): CodeIgniter\CodeIgniter->run()
INFO - 2023-07-18 04:54:43 --> Session: Class initialized using 'CodeIgniter\Session\Handlers\FileHandler' driver.
WARNING - 2023-07-18 05:04:33 --> [DEPRECATED] Creation of dynamic property App\Controllers\Input::$Model_Input is deprecated in APPPATH\Controllers\Input.php on line 16.
 1 SYSTEMPATH\CodeIgniter.php(906): App\Controllers\Input->__construct()
 2 SYSTEMPATH\CodeIgniter.php(490): CodeIgniter\CodeIgniter->createController()
 3 SYSTEMPATH\CodeIgniter.php(368): CodeIgniter\CodeIgniter->handleRequest(null, Object(Config\Cache), false)
 4 FCPATH\index.php(67): CodeIgniter\CodeIgniter->run()
INFO - 2023-07-18 05:04:33 --> Session: Class initialized using 'CodeIgniter\Session\Handlers\FileHandler' driver.
WARNING - 2023-07-18 05:04:38 --> [DEPRECATED] Creation of dynamic property App\Controllers\Input::$Model_Input is deprecated in APPPATH\Controllers\Input.php on line 16.
 1 SYSTEMPATH\CodeIgniter.php(906): App\Controllers\Input->__construct()
 2 SYSTEMPATH\CodeIgniter.php(490): CodeIgniter\CodeIgniter->createController()
 3 SYSTEMPATH\CodeIgniter.php(368): CodeIgniter\CodeIgniter->handleRequest(null, Object(Config\Cache), false)
 4 FCPATH\index.php(67): CodeIgniter\CodeIgniter->run()
INFO - 2023-07-18 05:04:38 --> Session: Class initialized using 'CodeIgniter\Session\Handlers\FileHandler' driver.
WARNING - 2023-07-18 05:04:38 --> [DEPRECATED] Creation of dynamic property App\Controllers\Input::$Model_Input is deprecated in APPPATH\Controllers\Input.php on line 16.
 1 SYSTEMPATH\CodeIgniter.php(906): App\Controllers\Input->__construct()
 2 SYSTEMPATH\CodeIgniter.php(490): CodeIgniter\CodeIgniter->createController()
 3 SYSTEMPATH\CodeIgniter.php(368): CodeIgniter\CodeIgniter->handleRequest(null, Object(Config\Cache), false)
 4 FCPATH\index.php(67): CodeIgniter\CodeIgniter->run()
INFO - 2023-07-18 05:04:38 --> Session: Class initialized using 'CodeIgniter\Session\Handlers\FileHandler' driver.
WARNING - 2023-07-18 05:04:44 --> [DEPRECATED] Creation of dynamic property App\Controllers\Input::$Model_Input is deprecated in APPPATH\Controllers\Input.php on line 16.
 1 SYSTEMPATH\CodeIgniter.php(906): App\Controllers\Input->__construct()
 2 SYSTEMPATH\CodeIgniter.php(490): CodeIgniter\CodeIgniter->createController()
 3 SYSTEMPATH\CodeIgniter.php(368): CodeIgniter\CodeIgniter->handleRequest(null, Object(Config\Cache), false)
 4 FCPATH\index.php(67): CodeIgniter\CodeIgniter->run()
INFO - 2023-07-18 05:04:45 --> Session: Class initialized using 'CodeIgniter\Session\Handlers\FileHandler' driver.
WARNING - 2023-07-18 05:04:49 --> [DEPRECATED] Creation of dynamic property App\Controllers\Input::$Model_Input is deprecated in APPPATH\Controllers\Input.php on line 16.
 1 SYSTEMPATH\CodeIgniter.php(906): App\Controllers\Input->__construct()
 2 SYSTEMPATH\CodeIgniter.php(490): CodeIgniter\CodeIgniter->createController()
 3 SYSTEMPATH\CodeIgniter.php(368): CodeIgniter\CodeIgniter->handleRequest(null, Object(Config\Cache), false)
 4 FCPATH\index.php(67): CodeIgniter\CodeIgniter->run()
INFO - 2023-07-18 05:04:49 --> Session: Class initialized using 'CodeIgniter\Session\Handlers\FileHandler' driver.
WARNING - 2023-07-18 05:04:52 --> [DEPRECATED] Creation of dynamic property App\Controllers\Input::$Model_Input is deprecated in APPPATH\Controllers\Input.php on line 16.
 1 SYSTEMPATH\CodeIgniter.php(906): App\Controllers\Input->__construct()
 2 SYSTEMPATH\CodeIgniter.php(490): CodeIgniter\CodeIgniter->createController()
 3 SYSTEMPATH\CodeIgniter.php(368): CodeIgniter\CodeIgniter->handleRequest(null, Object(Config\Cache), false)
 4 FCPATH\index.php(67): CodeIgniter\CodeIgniter->run()
INFO - 2023-07-18 05:04:52 --> Session: Class initialized using 'CodeIgniter\Session\Handlers\FileHandler' driver.
WARNING - 2023-07-18 05:04:58 --> [DEPRECATED] Creation of dynamic property App\Controllers\Input::$Model_Input is deprecated in APPPATH\Controllers\Input.php on line 16.
 1 SYSTEMPATH\CodeIgniter.php(906): App\Controllers\Input->__construct()
 2 SYSTEMPATH\CodeIgniter.php(490): CodeIgniter\CodeIgniter->createController()
 3 SYSTEMPATH\CodeIgniter.php(368): CodeIgniter\CodeIgniter->handleRequest(null, Object(Config\Cache), false)
 4 FCPATH\index.php(67): CodeIgniter\CodeIgniter->run()
WARNING - 2023-07-18 05:04:58 --> [DEPRECATED] Creation of dynamic property App\Controllers\Input::$Model_Input is deprecated in APPPATH\Controllers\Input.php on line 16.
 1 SYSTEMPATH\CodeIgniter.php(906): App\Controllers\Input->__construct()
 2 SYSTEMPATH\CodeIgniter.php(490): CodeIgniter\CodeIgniter->createController()
 3 SYSTEMPATH\CodeIgniter.php(368): CodeIgniter\CodeIgniter->handleRequest(null, Object(Config\Cache), false)
 4 FCPATH\index.php(67): CodeIgniter\CodeIgniter->run()
INFO - 2023-07-18 05:04:58 --> Session: Class initialized using 'CodeIgniter\Session\Handlers\FileHandler' driver.
WARNING - 2023-07-18 05:05:03 --> [DEPRECATED] Creation of dynamic property App\Controllers\Input::$Model_Input is deprecated in APPPATH\Controllers\Input.php on line 16.
 1 SYSTEMPATH\CodeIgniter.php(906): App\Controllers\Input->__construct()
 2 SYSTEMPATH\CodeIgniter.php(490): CodeIgniter\CodeIgniter->createController()
 3 SYSTEMPATH\CodeIgniter.php(368): CodeIgniter\CodeIgniter->handleRequest(null, Object(Config\Cache), false)
 4 FCPATH\index.php(67): CodeIgniter\CodeIgniter->run()
WARNING - 2023-07-18 05:05:03 --> [DEPRECATED] Creation of dynamic property App\Controllers\Input::$Model_Input is deprecated in APPPATH\Controllers\Input.php on line 16.
 1 SYSTEMPATH\CodeIgniter.php(906): App\Controllers\Input->__construct()
 2 SYSTEMPATH\CodeIgniter.php(490): CodeIgniter\CodeIgniter->createController()
 3 SYSTEMPATH\CodeIgniter.php(368): CodeIgniter\CodeIgniter->handleRequest(null, Object(Config\Cache), false)
 4 FCPATH\index.php(67): CodeIgniter\CodeIgniter->run()
WARNING - 2023-07-18 05:05:05 --> [DEPRECATED] Creation of dynamic property App\Controllers\Input::$Model_Input is deprecated in APPPATH\Controllers\Input.php on line 16.
 1 SYSTEMPATH\CodeIgniter.php(906): App\Controllers\Input->__construct()
 2 SYSTEMPATH\CodeIgniter.php(490): CodeIgniter\CodeIgniter->createController()
 3 SYSTEMPATH\CodeIgniter.php(368): CodeIgniter\CodeIgniter->handleRequest(null, Object(Config\Cache), false)
 4 FCPATH\index.php(67): CodeIgniter\CodeIgniter->run()
WARNING - 2023-07-18 05:05:24 --> [DEPRECATED] Creation of dynamic property App\Controllers\Input::$Model_Input is deprecated in APPPATH\Controllers\Input.php on line 16.
 1 SYSTEMPATH\CodeIgniter.php(906): App\Controllers\Input->__construct()
 2 SYSTEMPATH\CodeIgniter.php(490): CodeIgniter\CodeIgniter->createController()
 3 SYSTEMPATH\CodeIgniter.php(368): CodeIgniter\CodeIgniter->handleRequest(null, Object(Config\Cache), false)
 4 FCPATH\index.php(67): CodeIgniter\CodeIgniter->run()
WARNING - 2023-07-18 05:05:29 --> [DEPRECATED] Creation of dynamic property App\Controllers\Input::$Model_Input is deprecated in APPPATH\Controllers\Input.php on line 16.
 1 SYSTEMPATH\CodeIgniter.php(906): App\Controllers\Input->__construct()
 2 SYSTEMPATH\CodeIgniter.php(490): CodeIgniter\CodeIgniter->createController()
 3 SYSTEMPATH\CodeIgniter.php(368): CodeIgniter\CodeIgniter->handleRequest(null, Object(Config\Cache), false)
 4 FCPATH\index.php(67): CodeIgniter\CodeIgniter->run()
WARNING - 2023-07-18 05:05:29 --> [DEPRECATED] Creation of dynamic property App\Controllers\Input::$Model_Input is deprecated in APPPATH\Controllers\Input.php on line 16.
 1 SYSTEMPATH\CodeIgniter.php(906): App\Controllers\Input->__construct()
 2 SYSTEMPATH\CodeIgniter.php(490): CodeIgniter\CodeIgniter->createController()
 3 SYSTEMPATH\CodeIgniter.php(368): CodeIgniter\CodeIgniter->handleRequest(null, Object(Config\Cache), false)
 4 FCPATH\index.php(67): CodeIgniter\CodeIgniter->run()
WARNING - 2023-07-18 05:05:31 --> [DEPRECATED] Creation of dynamic property App\Controllers\Input::$Model_Input is deprecated in APPPATH\Controllers\Input.php on line 16.
 1 SYSTEMPATH\CodeIgniter.php(906): App\Controllers\Input->__construct()
 2 SYSTEMPATH\CodeIgniter.php(490): CodeIgniter\CodeIgniter->createController()
 3 SYSTEMPATH\CodeIgniter.php(368): CodeIgniter\CodeIgniter->handleRequest(null, Object(Config\Cache), false)
 4 FCPATH\index.php(67): CodeIgniter\CodeIgniter->run()
WARNING - 2023-07-18 05:05:39 --> [DEPRECATED] Creation of dynamic property App\Controllers\Input::$Model_Input is deprecated in APPPATH\Controllers\Input.php on line 16.
 1 SYSTEMPATH\CodeIgniter.php(906): App\Controllers\Input->__construct()
 2 SYSTEMPATH\CodeIgniter.php(490): CodeIgniter\CodeIgniter->createController()
 3 SYSTEMPATH\CodeIgniter.php(368): CodeIgniter\CodeIgniter->handleRequest(null, Object(Config\Cache), false)
 4 FCPATH\index.php(67): CodeIgniter\CodeIgniter->run()
WARNING - 2023-07-18 05:05:50 --> [DEPRECATED] Creation of dynamic property App\Controllers\Input::$Model_Input is deprecated in APPPATH\Controllers\Input.php on line 16.
 1 SYSTEMPATH\CodeIgniter.php(906): App\Controllers\Input->__construct()
 2 SYSTEMPATH\CodeIgniter.php(490): CodeIgniter\CodeIgniter->createController()
 3 SYSTEMPATH\CodeIgniter.php(368): CodeIgniter\CodeIgniter->handleRequest(null, Object(Config\Cache), false)
 4 FCPATH\index.php(67): CodeIgniter\CodeIgniter->run()
WARNING - 2023-07-18 05:05:50 --> [DEPRECATED] Creation of dynamic property App\Controllers\Input::$Model_Input is deprecated in APPPATH\Controllers\Input.php on line 16.
 1 SYSTEMPATH\CodeIgniter.php(906): App\Controllers\Input->__construct()
 2 SYSTEMPATH\CodeIgniter.php(490): CodeIgniter\CodeIgniter->createController()
 3 SYSTEMPATH\CodeIgniter.php(368): CodeIgniter\CodeIgniter->handleRequest(null, Object(Config\Cache), false)
 4 FCPATH\index.php(67): CodeIgniter\CodeIgniter->run()
WARNING - 2023-07-18 05:05:52 --> [DEPRECATED] Creation of dynamic property App\Controllers\Input::$Model_Input is deprecated in APPPATH\Controllers\Input.php on line 16.
 1 SYSTEMPATH\CodeIgniter.php(906): App\Controllers\Input->__construct()
 2 SYSTEMPATH\CodeIgniter.php(490): CodeIgniter\CodeIgniter->createController()
 3 SYSTEMPATH\CodeIgniter.php(368): CodeIgniter\CodeIgniter->handleRequest(null, Object(Config\Cache), false)
 4 FCPATH\index.php(67): CodeIgniter\CodeIgniter->run()
WARNING - 2023-07-18 05:06:13 --> [DEPRECATED] Creation of dynamic property App\Controllers\Input::$Model_Input is deprecated in APPPATH\Controllers\Input.php on line 16.
 1 SYSTEMPATH\CodeIgniter.php(906): App\Controllers\Input->__construct()
 2 SYSTEMPATH\CodeIgniter.php(490): CodeIgniter\CodeIgniter->createController()
 3 SYSTEMPATH\CodeIgniter.php(368): CodeIgniter\CodeIgniter->handleRequest(null, Object(Config\Cache), false)
 4 FCPATH\index.php(67): CodeIgniter\CodeIgniter->run()
WARNING - 2023-07-18 05:06:23 --> [DEPRECATED] Creation of dynamic property App\Controllers\Input::$Model_Input is deprecated in APPPATH\Controllers\Input.php on line 16.
 1 SYSTEMPATH\CodeIgniter.php(906): App\Controllers\Input->__construct()
 2 SYSTEMPATH\CodeIgniter.php(490): CodeIgniter\CodeIgniter->createController()
 3 SYSTEMPATH\CodeIgniter.php(368): CodeIgniter\CodeIgniter->handleRequest(null, Object(Config\Cache), false)
 4 FCPATH\index.php(67): CodeIgniter\CodeIgniter->run()
WARNING - 2023-07-18 05:06:23 --> [DEPRECATED] Creation of dynamic property App\Controllers\Input::$Model_Input is deprecated in APPPATH\Controllers\Input.php on line 16.
 1 SYSTEMPATH\CodeIgniter.php(906): App\Controllers\Input->__construct()
 2 SYSTEMPATH\CodeIgniter.php(490): CodeIgniter\CodeIgniter->createController()
 3 SYSTEMPATH\CodeIgniter.php(368): CodeIgniter\CodeIgniter->handleRequest(null, Object(Config\Cache), false)
 4 FCPATH\index.php(67): CodeIgniter\CodeIgniter->run()
WARNING - 2023-07-18 05:06:24 --> [DEPRECATED] Creation of dynamic property App\Controllers\Input::$Model_Input is deprecated in APPPATH\Controllers\Input.php on line 16.
 1 SYSTEMPATH\CodeIgniter.php(906): App\Controllers\Input->__construct()
 2 SYSTEMPATH\CodeIgniter.php(490): CodeIgniter\CodeIgniter->createController()
 3 SYSTEMPATH\CodeIgniter.php(368): CodeIgniter\CodeIgniter->handleRequest(null, Object(Config\Cache), false)
 4 FCPATH\index.php(67): CodeIgniter\CodeIgniter->run()
WARNING - 2023-07-18 05:06:36 --> [DEPRECATED] Creation of dynamic property App\Controllers\Input::$Model_Input is deprecated in APPPATH\Controllers\Input.php on line 16.
 1 SYSTEMPATH\CodeIgniter.php(906): App\Controllers\Input->__construct()
 2 SYSTEMPATH\CodeIgniter.php(490): CodeIgniter\CodeIgniter->createController()
 3 SYSTEMPATH\CodeIgniter.php(368): CodeIgniter\CodeIgniter->handleRequest(null, Object(Config\Cache), false)
 4 FCPATH\index.php(67): CodeIgniter\CodeIgniter->run()
WARNING - 2023-07-18 05:07:56 --> [DEPRECATED] Creation of dynamic property App\Controllers\Input::$Model_Input is deprecated in APPPATH\Controllers\Input.php on line 16.
 1 SYSTEMPATH\CodeIgniter.php(906): App\Controllers\Input->__construct()
 2 SYSTEMPATH\CodeIgniter.php(490): CodeIgniter\CodeIgniter->createController()
 3 SYSTEMPATH\CodeIgniter.php(368): CodeIgniter\CodeIgniter->handleRequest(null, Object(Config\Cache), false)
 4 FCPATH\index.php(67): CodeIgniter\CodeIgniter->run()
WARNING - 2023-07-18 05:07:56 --> [DEPRECATED] Creation of dynamic property App\Controllers\Input::$Model_Input is deprecated in APPPATH\Controllers\Input.php on line 16.
 1 SYSTEMPATH\CodeIgniter.php(906): App\Controllers\Input->__construct()
 2 SYSTEMPATH\CodeIgniter.php(490): CodeIgniter\CodeIgniter->createController()
 3 SYSTEMPATH\CodeIgniter.php(368): CodeIgniter\CodeIgniter->handleRequest(null, Object(Config\Cache), false)
 4 FCPATH\index.php(67): CodeIgniter\CodeIgniter->run()
WARNING - 2023-07-18 05:07:57 --> [DEPRECATED] Creation of dynamic property App\Controllers\Input::$Model_Input is deprecated in APPPATH\Controllers\Input.php on line 16.
 1 SYSTEMPATH\CodeIgniter.php(906): App\Controllers\Input->__construct()
 2 SYSTEMPATH\CodeIgniter.php(490): CodeIgniter\CodeIgniter->createController()
 3 SYSTEMPATH\CodeIgniter.php(368): CodeIgniter\CodeIgniter->handleRequest(null, Object(Config\Cache), false)
 4 FCPATH\index.php(67): CodeIgniter\CodeIgniter->run()
WARNING - 2023-07-18 05:08:21 --> [DEPRECATED] Creation of dynamic property App\Controllers\Input::$Model_Input is deprecated in APPPATH\Controllers\Input.php on line 16.
 1 SYSTEMPATH\CodeIgniter.php(906): App\Controllers\Input->__construct()
 2 SYSTEMPATH\CodeIgniter.php(490): CodeIgniter\CodeIgniter->createController()
 3 SYSTEMPATH\CodeIgniter.php(368): CodeIgniter\CodeIgniter->handleRequest(null, Object(Config\Cache), false)
 4 FCPATH\index.php(67): CodeIgniter\CodeIgniter->run()
WARNING - 2023-07-18 05:08:36 --> [DEPRECATED] Creation of dynamic property App\Controllers\Input::$Model_Input is deprecated in APPPATH\Controllers\Input.php on line 16.
 1 SYSTEMPATH\CodeIgniter.php(906): App\Controllers\Input->__construct()
 2 SYSTEMPATH\CodeIgniter.php(490): CodeIgniter\CodeIgniter->createController()
 3 SYSTEMPATH\CodeIgniter.php(368): CodeIgniter\CodeIgniter->handleRequest(null, Object(Config\Cache), false)
 4 FCPATH\index.php(67): CodeIgniter\CodeIgniter->run()
WARNING - 2023-07-18 05:08:36 --> [DEPRECATED] Creation of dynamic property App\Controllers\Input::$Model_Input is deprecated in APPPATH\Controllers\Input.php on line 16.
 1 SYSTEMPATH\CodeIgniter.php(906): App\Controllers\Input->__construct()
 2 SYSTEMPATH\CodeIgniter.php(490): CodeIgniter\CodeIgniter->createController()
 3 SYSTEMPATH\CodeIgniter.php(368): CodeIgniter\CodeIgniter->handleRequest(null, Object(Config\Cache), false)
 4 FCPATH\index.php(67): CodeIgniter\CodeIgniter->run()
INFO - 2023-07-18 05:08:36 --> Session: Class initialized using 'CodeIgniter\Session\Handlers\FileHandler' driver.
WARNING - 2023-07-18 05:08:56 --> [DEPRECATED] Creation of dynamic property App\Controllers\Input::$Model_Input is deprecated in APPPATH\Controllers\Input.php on line 16.
 1 SYSTEMPATH\CodeIgniter.php(906): App\Controllers\Input->__construct()
 2 SYSTEMPATH\CodeIgniter.php(490): CodeIgniter\CodeIgniter->createController()
 3 SYSTEMPATH\CodeIgniter.php(368): CodeIgniter\CodeIgniter->handleRequest(null, Object(Config\Cache), false)
 4 FCPATH\index.php(67): CodeIgniter\CodeIgniter->run()
WARNING - 2023-07-18 05:08:56 --> [DEPRECATED] Creation of dynamic property App\Controllers\Input::$Model_Input is deprecated in APPPATH\Controllers\Input.php on line 16.
 1 SYSTEMPATH\CodeIgniter.php(906): App\Controllers\Input->__construct()
 2 SYSTEMPATH\CodeIgniter.php(490): CodeIgniter\CodeIgniter->createController()
 3 SYSTEMPATH\CodeIgniter.php(368): CodeIgniter\CodeIgniter->handleRequest(null, Object(Config\Cache), false)
 4 FCPATH\index.php(67): CodeIgniter\CodeIgniter->run()
INFO - 2023-07-18 05:08:56 --> Session: Class initialized using 'CodeIgniter\Session\Handlers\FileHandler' driver.
WARNING - 2023-07-18 05:09:29 --> [DEPRECATED] Creation of dynamic property App\Controllers\Input::$Model_Input is deprecated in APPPATH\Controllers\Input.php on line 16.
 1 SYSTEMPATH\CodeIgniter.php(906): App\Controllers\Input->__construct()
 2 SYSTEMPATH\CodeIgniter.php(490): CodeIgniter\CodeIgniter->createController()
 3 SYSTEMPATH\CodeIgniter.php(368): CodeIgniter\CodeIgniter->handleRequest(null, Object(Config\Cache), false)
 4 FCPATH\index.php(67): CodeIgniter\CodeIgniter->run()
WARNING - 2023-07-18 05:09:29 --> [DEPRECATED] Creation of dynamic property App\Controllers\Input::$Model_Input is deprecated in APPPATH\Controllers\Input.php on line 16.
 1 SYSTEMPATH\CodeIgniter.php(906): App\Controllers\Input->__construct()
 2 SYSTEMPATH\CodeIgniter.php(490): CodeIgniter\CodeIgniter->createController()
 3 SYSTEMPATH\CodeIgniter.php(368): CodeIgniter\CodeIgniter->handleRequest(null, Object(Config\Cache), false)
 4 FCPATH\index.php(67): CodeIgniter\CodeIgniter->run()
WARNING - 2023-07-18 05:09:31 --> [DEPRECATED] Creation of dynamic property App\Controllers\Input::$Model_Input is deprecated in APPPATH\Controllers\Input.php on line 16.
 1 SYSTEMPATH\CodeIgniter.php(906): App\Controllers\Input->__construct()
 2 SYSTEMPATH\CodeIgniter.php(490): CodeIgniter\CodeIgniter->createController()
 3 SYSTEMPATH\CodeIgniter.php(368): CodeIgniter\CodeIgniter->handleRequest(null, Object(Config\Cache), false)
 4 FCPATH\index.php(67): CodeIgniter\CodeIgniter->run()
WARNING - 2023-07-18 05:09:54 --> [DEPRECATED] Creation of dynamic property App\Controllers\Input::$Model_Input is deprecated in APPPATH\Controllers\Input.php on line 16.
 1 SYSTEMPATH\CodeIgniter.php(906): App\Controllers\Input->__construct()
 2 SYSTEMPATH\CodeIgniter.php(490): CodeIgniter\CodeIgniter->createController()
 3 SYSTEMPATH\CodeIgniter.php(368): CodeIgniter\CodeIgniter->handleRequest(null, Object(Config\Cache), false)
 4 FCPATH\index.php(67): CodeIgniter\CodeIgniter->run()
WARNING - 2023-07-18 05:10:07 --> [DEPRECATED] Creation of dynamic property App\Controllers\Input::$Model_Input is deprecated in APPPATH\Controllers\Input.php on line 16.
 1 SYSTEMPATH\CodeIgniter.php(906): App\Controllers\Input->__construct()
 2 SYSTEMPATH\CodeIgniter.php(490): CodeIgniter\CodeIgniter->createController()
 3 SYSTEMPATH\CodeIgniter.php(368): CodeIgniter\CodeIgniter->handleRequest(null, Object(Config\Cache), false)
 4 FCPATH\index.php(67): CodeIgniter\CodeIgniter->run()
WARNING - 2023-07-18 05:10:07 --> [DEPRECATED] str_replace(): Passing null to parameter #3 ($subject) of type array|string is deprecated in APPPATH\Controllers\Input.php on line 422.
 1 APPPATH\Controllers\Input.php(422): str_replace('.', '', null)
 2 SYSTEMPATH\CodeIgniter.php(934): App\Controllers\Input->Simpan_Input()
 3 SYSTEMPATH\CodeIgniter.php(499): CodeIgniter\CodeIgniter->runController(Object(App\Controllers\Input))
 4 SYSTEMPATH\CodeIgniter.php(368): CodeIgniter\CodeIgniter->handleRequest(null, Object(Config\Cache), false)
 5 FCPATH\index.php(67): CodeIgniter\CodeIgniter->run()
WARNING - 2023-07-18 05:10:07 --> [DEPRECATED] str_replace(): Passing null to parameter #3 ($subject) of type array|string is deprecated in APPPATH\Controllers\Input.php on line 423.
 1 APPPATH\Controllers\Input.php(423): str_replace('.', '', null)
 2 SYSTEMPATH\CodeIgniter.php(934): App\Controllers\Input->Simpan_Input()
 3 SYSTEMPATH\CodeIgniter.php(499): CodeIgniter\CodeIgniter->runController(Object(App\Controllers\Input))
 4 SYSTEMPATH\CodeIgniter.php(368): CodeIgniter\CodeIgniter->handleRequest(null, Object(Config\Cache), false)
 5 FCPATH\index.php(67): CodeIgniter\CodeIgniter->run()
INFO - 2023-07-18 05:10:07 --> Session: Class initialized using 'CodeIgniter\Session\Handlers\FileHandler' driver.
WARNING - 2023-07-18 05:10:07 --> [DEPRECATED] Creation of dynamic property App\Controllers\Input::$Model_Input is deprecated in APPPATH\Controllers\Input.php on line 16.
 1 SYSTEMPATH\CodeIgniter.php(906): App\Controllers\Input->__construct()
 2 SYSTEMPATH\CodeIgniter.php(490): CodeIgniter\CodeIgniter->createController()
 3 SYSTEMPATH\CodeIgniter.php(368): CodeIgniter\CodeIgniter->handleRequest(null, Object(Config\Cache), false)
 4 FCPATH\index.php(67): CodeIgniter\CodeIgniter->run()
INFO - 2023-07-18 05:10:07 --> Session: Class initialized using 'CodeIgniter\Session\Handlers\FileHandler' driver.
WARNING - 2023-07-18 05:10:12 --> [DEPRECATED] Creation of dynamic property App\Controllers\Input::$Model_Input is deprecated in APPPATH\Controllers\Input.php on line 16.
 1 SYSTEMPATH\CodeIgniter.php(906): App\Controllers\Input->__construct()
 2 SYSTEMPATH\CodeIgniter.php(490): CodeIgniter\CodeIgniter->createController()
 3 SYSTEMPATH\CodeIgniter.php(368): CodeIgniter\CodeIgniter->handleRequest(null, Object(Config\Cache), false)
 4 FCPATH\index.php(67): CodeIgniter\CodeIgniter->run()
INFO - 2023-07-18 05:10:12 --> Session: Class initialized using 'CodeIgniter\Session\Handlers\FileHandler' driver.
WARNING - 2023-07-18 05:10:19 --> [DEPRECATED] Creation of dynamic property App\Controllers\Input::$Model_Input is deprecated in APPPATH\Controllers\Input.php on line 16.
 1 SYSTEMPATH\CodeIgniter.php(906): App\Controllers\Input->__construct()
 2 SYSTEMPATH\CodeIgniter.php(490): CodeIgniter\CodeIgniter->createController()
 3 SYSTEMPATH\CodeIgniter.php(368): CodeIgniter\CodeIgniter->handleRequest(null, Object(Config\Cache), false)
 4 FCPATH\index.php(67): CodeIgniter\CodeIgniter->run()
INFO - 2023-07-18 05:10:19 --> Session: Class initialized using 'CodeIgniter\Session\Handlers\FileHandler' driver.
WARNING - 2023-07-18 05:11:13 --> [DEPRECATED] Creation of dynamic property App\Controllers\Input::$Model_Input is deprecated in APPPATH\Controllers\Input.php on line 16.
 1 SYSTEMPATH\CodeIgniter.php(906): App\Controllers\Input->__construct()
 2 SYSTEMPATH\CodeIgniter.php(490): CodeIgniter\CodeIgniter->createController()
 3 SYSTEMPATH\CodeIgniter.php(368): CodeIgniter\CodeIgniter->handleRequest(null, Object(Config\Cache), false)
 4 FCPATH\index.php(67): CodeIgniter\CodeIgniter->run()
WARNING - 2023-07-18 05:11:13 --> [DEPRECATED] Creation of dynamic property App\Controllers\Input::$Model_Input is deprecated in APPPATH\Controllers\Input.php on line 16.
 1 SYSTEMPATH\CodeIgniter.php(906): App\Controllers\Input->__construct()
 2 SYSTEMPATH\CodeIgniter.php(490): CodeIgniter\CodeIgniter->createController()
 3 SYSTEMPATH\CodeIgniter.php(368): CodeIgniter\CodeIgniter->handleRequest(null, Object(Config\Cache), false)
 4 FCPATH\index.php(67): CodeIgniter\CodeIgniter->run()
INFO - 2023-07-18 05:11:13 --> Session: Class initialized using 'CodeIgniter\Session\Handlers\FileHandler' driver.
WARNING - 2023-07-18 05:11:26 --> [DEPRECATED] Creation of dynamic property App\Controllers\Input::$Model_Input is deprecated in APPPATH\Controllers\Input.php on line 16.
 1 SYSTEMPATH\CodeIgniter.php(906): App\Controllers\Input->__construct()
 2 SYSTEMPATH\CodeIgniter.php(490): CodeIgniter\CodeIgniter->createController()
 3 SYSTEMPATH\CodeIgniter.php(368): CodeIgniter\CodeIgniter->handleRequest(null, Object(Config\Cache), false)
 4 FCPATH\index.php(67): CodeIgniter\CodeIgniter->run()
WARNING - 2023-07-18 05:11:26 --> [DEPRECATED] Creation of dynamic property App\Controllers\Input::$Model_Input is deprecated in APPPATH\Controllers\Input.php on line 16.
 1 SYSTEMPATH\CodeIgniter.php(906): App\Controllers\Input->__construct()
 2 SYSTEMPATH\CodeIgniter.php(490): CodeIgniter\CodeIgniter->createController()
 3 SYSTEMPATH\CodeIgniter.php(368): CodeIgniter\CodeIgniter->handleRequest(null, Object(Config\Cache), false)
 4 FCPATH\index.php(67): CodeIgniter\CodeIgniter->run()
WARNING - 2023-07-18 05:11:27 --> [DEPRECATED] Creation of dynamic property App\Controllers\Input::$Model_Input is deprecated in APPPATH\Controllers\Input.php on line 16.
 1 SYSTEMPATH\CodeIgniter.php(906): App\Controllers\Input->__construct()
 2 SYSTEMPATH\CodeIgniter.php(490): CodeIgniter\CodeIgniter->createController()
 3 SYSTEMPATH\CodeIgniter.php(368): CodeIgniter\CodeIgniter->handleRequest(null, Object(Config\Cache), false)
 4 FCPATH\index.php(67): CodeIgniter\CodeIgniter->run()
WARNING - 2023-07-18 05:11:37 --> [DEPRECATED] Creation of dynamic property App\Controllers\Input::$Model_Input is deprecated in APPPATH\Controllers\Input.php on line 16.
 1 SYSTEMPATH\CodeIgniter.php(906): App\Controllers\Input->__construct()
 2 SYSTEMPATH\CodeIgniter.php(490): CodeIgniter\CodeIgniter->createController()
 3 SYSTEMPATH\CodeIgniter.php(368): CodeIgniter\CodeIgniter->handleRequest(null, Object(Config\Cache), false)
 4 FCPATH\index.php(67): CodeIgniter\CodeIgniter->run()
WARNING - 2023-07-18 05:11:59 --> [DEPRECATED] Creation of dynamic property App\Controllers\Input::$Model_Input is deprecated in APPPATH\Controllers\Input.php on line 16.
 1 SYSTEMPATH\CodeIgniter.php(906): App\Controllers\Input->__construct()
 2 SYSTEMPATH\CodeIgniter.php(490): CodeIgniter\CodeIgniter->createController()
 3 SYSTEMPATH\CodeIgniter.php(368): CodeIgniter\CodeIgniter->handleRequest(null, Object(Config\Cache), false)
 4 FCPATH\index.php(67): CodeIgniter\CodeIgniter->run()
INFO - 2023-07-18 05:11:59 --> Session: Class initialized using 'CodeIgniter\Session\Handlers\FileHandler' driver.
WARNING - 2023-07-18 05:11:59 --> [DEPRECATED] Creation of dynamic property App\Controllers\Input::$Model_Input is deprecated in APPPATH\Controllers\Input.php on line 16.
 1 SYSTEMPATH\CodeIgniter.php(906): App\Controllers\Input->__construct()
 2 SYSTEMPATH\CodeIgniter.php(490): CodeIgniter\CodeIgniter->createController()
 3 SYSTEMPATH\CodeIgniter.php(368): CodeIgniter\CodeIgniter->handleRequest(null, Object(Config\Cache), false)
 4 FCPATH\index.php(67): CodeIgniter\CodeIgniter->run()
INFO - 2023-07-18 05:11:59 --> Session: Class initialized using 'CodeIgniter\Session\Handlers\FileHandler' driver.
WARNING - 2023-07-18 05:12:45 --> [DEPRECATED] Creation of dynamic property App\Controllers\Input::$Model_Input is deprecated in APPPATH\Controllers\Input.php on line 16.
 1 SYSTEMPATH\CodeIgniter.php(906): App\Controllers\Input->__construct()
 2 SYSTEMPATH\CodeIgniter.php(490): CodeIgniter\CodeIgniter->createController()
 3 SYSTEMPATH\CodeIgniter.php(368): CodeIgniter\CodeIgniter->handleRequest(null, Object(Config\Cache), false)
 4 FCPATH\index.php(67): CodeIgniter\CodeIgniter->run()
INFO - 2023-07-18 05:12:45 --> Session: Class initialized using 'CodeIgniter\Session\Handlers\FileHandler' driver.
WARNING - 2023-07-18 05:13:21 --> [DEPRECATED] Creation of dynamic property App\Controllers\Input::$Model_Input is deprecated in APPPATH\Controllers\Input.php on line 16.
 1 SYSTEMPATH\CodeIgniter.php(906): App\Controllers\Input->__construct()
 2 SYSTEMPATH\CodeIgniter.php(490): CodeIgniter\CodeIgniter->createController()
 3 SYSTEMPATH\CodeIgniter.php(368): CodeIgniter\CodeIgniter->handleRequest(null, Object(Config\Cache), false)
 4 FCPATH\index.php(67): CodeIgniter\CodeIgniter->run()
INFO - 2023-07-18 05:13:21 --> Session: Class initialized using 'CodeIgniter\Session\Handlers\FileHandler' driver.
WARNING - 2023-07-18 05:13:21 --> [DEPRECATED] Creation of dynamic property App\Controllers\Input::$Model_Input is deprecated in APPPATH\Controllers\Input.php on line 16.
 1 SYSTEMPATH\CodeIgniter.php(906): App\Controllers\Input->__construct()
 2 SYSTEMPATH\CodeIgniter.php(490): CodeIgniter\CodeIgniter->createController()
 3 SYSTEMPATH\CodeIgniter.php(368): CodeIgniter\CodeIgniter->handleRequest(null, Object(Config\Cache), false)
 4 FCPATH\index.php(67): CodeIgniter\CodeIgniter->run()
INFO - 2023-07-18 05:13:21 --> Session: Class initialized using 'CodeIgniter\Session\Handlers\FileHandler' driver.
WARNING - 2023-07-18 05:13:32 --> [DEPRECATED] Creation of dynamic property App\Controllers\Proses::$Model_Proses is deprecated in APPPATH\Controllers\Proses.php on line 15.
 1 SYSTEMPATH\CodeIgniter.php(906): App\Controllers\Proses->__construct()
 2 SYSTEMPATH\CodeIgniter.php(490): CodeIgniter\CodeIgniter->createController()
 3 SYSTEMPATH\CodeIgniter.php(368): CodeIgniter\CodeIgniter->handleRequest(null, Object(Config\Cache), false)
 4 FCPATH\index.php(67): CodeIgniter\CodeIgniter->run()
WARNING - 2023-07-18 05:13:32 --> [DEPRECATED] Creation of dynamic property App\Controllers\Proses::$Model_Input is deprecated in APPPATH\Controllers\Proses.php on line 16.
 1 SYSTEMPATH\CodeIgniter.php(906): App\Controllers\Proses->__construct()
 2 SYSTEMPATH\CodeIgniter.php(490): CodeIgniter\CodeIgniter->createController()
 3 SYSTEMPATH\CodeIgniter.php(368): CodeIgniter\CodeIgniter->handleRequest(null, Object(Config\Cache), false)
 4 FCPATH\index.php(67): CodeIgniter\CodeIgniter->run()
WARNING - 2023-07-18 05:13:32 --> [DEPRECATED] strtotime(): Passing null to parameter #1 ($datetime) of type string is deprecated in APPPATH\Models\Model_Proses.php on line 15.
 1 APPPATH\Models\Model_Proses.php(15): strtotime(null)
 2 APPPATH\Controllers\Proses.php(67): App\Models\Model_Proses->ambil_pasien(null, null)
 3 SYSTEMPATH\CodeIgniter.php(934): App\Controllers\Proses->Konversi()
 4 SYSTEMPATH\CodeIgniter.php(499): CodeIgniter\CodeIgniter->runController(Object(App\Controllers\Proses))
 5 SYSTEMPATH\CodeIgniter.php(368): CodeIgniter\CodeIgniter->handleRequest(null, Object(Config\Cache), false)
 6 FCPATH\index.php(67): CodeIgniter\CodeIgniter->run()
INFO - 2023-07-18 05:13:32 --> Session: Class initialized using 'CodeIgniter\Session\Handlers\FileHandler' driver.
WARNING - 2023-07-18 05:13:35 --> [DEPRECATED] Creation of dynamic property App\Controllers\Proses::$Model_Proses is deprecated in APPPATH\Controllers\Proses.php on line 15.
 1 SYSTEMPATH\CodeIgniter.php(906): App\Controllers\Proses->__construct()
 2 SYSTEMPATH\CodeIgniter.php(490): CodeIgniter\CodeIgniter->createController()
 3 SYSTEMPATH\CodeIgniter.php(368): CodeIgniter\CodeIgniter->handleRequest(null, Object(Config\Cache), false)
 4 FCPATH\index.php(67): CodeIgniter\CodeIgniter->run()
WARNING - 2023-07-18 05:13:35 --> [DEPRECATED] Creation of dynamic property App\Controllers\Proses::$Model_Input is deprecated in APPPATH\Controllers\Proses.php on line 16.
 1 SYSTEMPATH\CodeIgniter.php(906): App\Controllers\Proses->__construct()
 2 SYSTEMPATH\CodeIgniter.php(490): CodeIgniter\CodeIgniter->createController()
 3 SYSTEMPATH\CodeIgniter.php(368): CodeIgniter\CodeIgniter->handleRequest(null, Object(Config\Cache), false)
 4 FCPATH\index.php(67): CodeIgniter\CodeIgniter->run()
WARNING - 2023-07-18 05:13:37 --> [DEPRECATED] Creation of dynamic property App\Controllers\Proses::$Model_Proses is deprecated in APPPATH\Controllers\Proses.php on line 15.
 1 SYSTEMPATH\CodeIgniter.php(906): App\Controllers\Proses->__construct()
 2 SYSTEMPATH\CodeIgniter.php(490): CodeIgniter\CodeIgniter->createController()
 3 SYSTEMPATH\CodeIgniter.php(368): CodeIgniter\CodeIgniter->handleRequest(null, Object(Config\Cache), false)
 4 FCPATH\index.php(67): CodeIgniter\CodeIgniter->run()
WARNING - 2023-07-18 05:13:37 --> [DEPRECATED] Creation of dynamic property App\Controllers\Proses::$Model_Input is deprecated in APPPATH\Controllers\Proses.php on line 16.
 1 SYSTEMPATH\CodeIgniter.php(906): App\Controllers\Proses->__construct()
 2 SYSTEMPATH\CodeIgniter.php(490): CodeIgniter\CodeIgniter->createController()
 3 SYSTEMPATH\CodeIgniter.php(368): CodeIgniter\CodeIgniter->handleRequest(null, Object(Config\Cache), false)
 4 FCPATH\index.php(67): CodeIgniter\CodeIgniter->run()
INFO - 2023-07-18 05:13:37 --> Session: Class initialized using 'CodeIgniter\Session\Handlers\FileHandler' driver.
WARNING - 2023-07-18 05:13:41 --> [DEPRECATED] Creation of dynamic property App\Controllers\Input::$Model_Input is deprecated in APPPATH\Controllers\Input.php on line 16.
 1 SYSTEMPATH\CodeIgniter.php(906): App\Controllers\Input->__construct()
 2 SYSTEMPATH\CodeIgniter.php(490): CodeIgniter\CodeIgniter->createController()
 3 SYSTEMPATH\CodeIgniter.php(368): CodeIgniter\CodeIgniter->handleRequest(null, Object(Config\Cache), false)
 4 FCPATH\index.php(67): CodeIgniter\CodeIgniter->run()
INFO - 2023-07-18 05:13:41 --> Session: Class initialized using 'CodeIgniter\Session\Handlers\FileHandler' driver.
WARNING - 2023-07-18 05:13:43 --> [DEPRECATED] Creation of dynamic property App\Controllers\Input::$Model_Input is deprecated in APPPATH\Controllers\Input.php on line 16.
 1 SYSTEMPATH\CodeIgniter.php(906): App\Controllers\Input->__construct()
 2 SYSTEMPATH\CodeIgniter.php(490): CodeIgniter\CodeIgniter->createController()
 3 SYSTEMPATH\CodeIgniter.php(368): CodeIgniter\CodeIgniter->handleRequest(null, Object(Config\Cache), false)
 4 FCPATH\index.php(67): CodeIgniter\CodeIgniter->run()
INFO - 2023-07-18 05:13:43 --> Session: Class initialized using 'CodeIgniter\Session\Handlers\FileHandler' driver.
WARNING - 2023-07-18 05:13:49 --> [DEPRECATED] Creation of dynamic property App\Controllers\Proses::$Model_Proses is deprecated in APPPATH\Controllers\Proses.php on line 15.
 1 SYSTEMPATH\CodeIgniter.php(906): App\Controllers\Proses->__construct()
 2 SYSTEMPATH\CodeIgniter.php(490): CodeIgniter\CodeIgniter->createController()
 3 SYSTEMPATH\CodeIgniter.php(368): CodeIgniter\CodeIgniter->handleRequest(null, Object(Config\Cache), false)
 4 FCPATH\index.php(67): CodeIgniter\CodeIgniter->run()
WARNING - 2023-07-18 05:13:49 --> [DEPRECATED] Creation of dynamic property App\Controllers\Proses::$Model_Input is deprecated in APPPATH\Controllers\Proses.php on line 16.
 1 SYSTEMPATH\CodeIgniter.php(906): App\Controllers\Proses->__construct()
 2 SYSTEMPATH\CodeIgniter.php(490): CodeIgniter\CodeIgniter->createController()
 3 SYSTEMPATH\CodeIgniter.php(368): CodeIgniter\CodeIgniter->handleRequest(null, Object(Config\Cache), false)
 4 FCPATH\index.php(67): CodeIgniter\CodeIgniter->run()
INFO - 2023-07-18 05:13:49 --> Session: Class initialized using 'CodeIgniter\Session\Handlers\FileHandler' driver.
WARNING - 2023-07-18 05:13:54 --> [DEPRECATED] Creation of dynamic property App\Controllers\Proses::$Model_Proses is deprecated in APPPATH\Controllers\Proses.php on line 15.
 1 SYSTEMPATH\CodeIgniter.php(906): App\Controllers\Proses->__construct()
 2 SYSTEMPATH\CodeIgniter.php(490): CodeIgniter\CodeIgniter->createController()
 3 SYSTEMPATH\CodeIgniter.php(368): CodeIgniter\CodeIgniter->handleRequest(null, Object(Config\Cache), false)
 4 FCPATH\index.php(67): CodeIgniter\CodeIgniter->run()
WARNING - 2023-07-18 05:13:54 --> [DEPRECATED] Creation of dynamic property App\Controllers\Proses::$Model_Input is deprecated in APPPATH\Controllers\Proses.php on line 16.
 1 SYSTEMPATH\CodeIgniter.php(906): App\Controllers\Proses->__construct()
 2 SYSTEMPATH\CodeIgniter.php(490): CodeIgniter\CodeIgniter->createController()
 3 SYSTEMPATH\CodeIgniter.php(368): CodeIgniter\CodeIgniter->handleRequest(null, Object(Config\Cache), false)
 4 FCPATH\index.php(67): CodeIgniter\CodeIgniter->run()
WARNING - 2023-07-18 05:14:01 --> [DEPRECATED] Creation of dynamic property App\Controllers\Proses::$Model_Proses is deprecated in APPPATH\Controllers\Proses.php on line 15.
 1 SYSTEMPATH\CodeIgniter.php(906): App\Controllers\Proses->__construct()
 2 SYSTEMPATH\CodeIgniter.php(490): CodeIgniter\CodeIgniter->createController()
 3 SYSTEMPATH\CodeIgniter.php(368): CodeIgniter\CodeIgniter->handleRequest(null, Object(Config\Cache), false)
 4 FCPATH\index.php(67): CodeIgniter\CodeIgniter->run()
WARNING - 2023-07-18 05:14:01 --> [DEPRECATED] Creation of dynamic property App\Controllers\Proses::$Model_Input is deprecated in APPPATH\Controllers\Proses.php on line 16.
 1 SYSTEMPATH\CodeIgniter.php(906): App\Controllers\Proses->__construct()
 2 SYSTEMPATH\CodeIgniter.php(490): CodeIgniter\CodeIgniter->createController()
 3 SYSTEMPATH\CodeIgniter.php(368): CodeIgniter\CodeIgniter->handleRequest(null, Object(Config\Cache), false)
 4 FCPATH\index.php(67): CodeIgniter\CodeIgniter->run()
WARNING - 2023-07-18 05:14:38 --> [DEPRECATED] Creation of dynamic property App\Controllers\Proses::$Model_Proses is deprecated in APPPATH\Controllers\Proses.php on line 15.
 1 SYSTEMPATH\CodeIgniter.php(906): App\Controllers\Proses->__construct()
 2 SYSTEMPATH\CodeIgniter.php(490): CodeIgniter\CodeIgniter->createController()
 3 SYSTEMPATH\CodeIgniter.php(368): CodeIgniter\CodeIgniter->handleRequest(null, Object(Config\Cache), false)
 4 FCPATH\index.php(67): CodeIgniter\CodeIgniter->run()
WARNING - 2023-07-18 05:14:38 --> [DEPRECATED] Creation of dynamic property App\Controllers\Proses::$Model_Input is deprecated in APPPATH\Controllers\Proses.php on line 16.
 1 SYSTEMPATH\CodeIgniter.php(906): App\Controllers\Proses->__construct()
 2 SYSTEMPATH\CodeIgniter.php(490): CodeIgniter\CodeIgniter->createController()
 3 SYSTEMPATH\CodeIgniter.php(368): CodeIgniter\CodeIgniter->handleRequest(null, Object(Config\Cache), false)
 4 FCPATH\index.php(67): CodeIgniter\CodeIgniter->run()
INFO - 2023-07-18 05:14:38 --> Session: Class initialized using 'CodeIgniter\Session\Handlers\FileHandler' driver.
WARNING - 2023-07-18 05:14:38 --> [DEPRECATED] Creation of dynamic property App\Controllers\Proses::$Model_Proses is deprecated in APPPATH\Controllers\Proses.php on line 15.
 1 SYSTEMPATH\CodeIgniter.php(906): App\Controllers\Proses->__construct()
 2 SYSTEMPATH\CodeIgniter.php(490): CodeIgniter\CodeIgniter->createController()
 3 SYSTEMPATH\CodeIgniter.php(368): CodeIgniter\CodeIgniter->handleRequest(null, Object(Config\Cache), false)
 4 FCPATH\index.php(67): CodeIgniter\CodeIgniter->run()
WARNING - 2023-07-18 05:14:38 --> [DEPRECATED] Creation of dynamic property App\Controllers\Proses::$Model_Input is deprecated in APPPATH\Controllers\Proses.php on line 16.
 1 SYSTEMPATH\CodeIgniter.php(906): App\Controllers\Proses->__construct()
 2 SYSTEMPATH\CodeIgniter.php(490): CodeIgniter\CodeIgniter->createController()
 3 SYSTEMPATH\CodeIgniter.php(368): CodeIgniter\CodeIgniter->handleRequest(null, Object(Config\Cache), false)
 4 FCPATH\index.php(67): CodeIgniter\CodeIgniter->run()
INFO - 2023-07-18 05:14:38 --> Session: Class initialized using 'CodeIgniter\Session\Handlers\FileHandler' driver.
WARNING - 2023-07-18 05:14:42 --> [DEPRECATED] Creation of dynamic property App\Controllers\Hasil::$Model_Hasil is deprecated in APPPATH\Controllers\Hasil.php on line 14.
 1 SYSTEMPATH\CodeIgniter.php(906): App\Controllers\Hasil->__construct()
 2 SYSTEMPATH\CodeIgniter.php(490): CodeIgniter\CodeIgniter->createController()
 3 SYSTEMPATH\CodeIgniter.php(368): CodeIgniter\CodeIgniter->handleRequest(null, Object(Config\Cache), false)
 4 FCPATH\index.php(67): CodeIgniter\CodeIgniter->run()
WARNING - 2023-07-18 05:14:42 --> [DEPRECATED] strtotime(): Passing null to parameter #1 ($datetime) of type string is deprecated in APPPATH\Controllers\Hasil.php on line 21.
 1 APPPATH\Controllers\Hasil.php(21): strtotime(null)
 2 SYSTEMPATH\CodeIgniter.php(934): App\Controllers\Hasil->Jasa_Langsung()
 3 SYSTEMPATH\CodeIgniter.php(499): CodeIgniter\CodeIgniter->runController(Object(App\Controllers\Hasil))
 4 SYSTEMPATH\CodeIgniter.php(368): CodeIgniter\CodeIgniter->handleRequest(null, Object(Config\Cache), false)
 5 FCPATH\index.php(67): CodeIgniter\CodeIgniter->run()
WARNING - 2023-07-18 05:14:42 --> [DEPRECATED] strtotime(): Passing null to parameter #1 ($datetime) of type string is deprecated in APPPATH\Controllers\Hasil.php on line 22.
 1 APPPATH\Controllers\Hasil.php(22): strtotime(null)
 2 SYSTEMPATH\CodeIgniter.php(934): App\Controllers\Hasil->Jasa_Langsung()
 3 SYSTEMPATH\CodeIgniter.php(499): CodeIgniter\CodeIgniter->runController(Object(App\Controllers\Hasil))
 4 SYSTEMPATH\CodeIgniter.php(368): CodeIgniter\CodeIgniter->handleRequest(null, Object(Config\Cache), false)
 5 FCPATH\index.php(67): CodeIgniter\CodeIgniter->run()
INFO - 2023-07-18 05:14:42 --> Session: Class initialized using 'CodeIgniter\Session\Handlers\FileHandler' driver.
WARNING - 2023-07-18 05:14:53 --> [DEPRECATED] Creation of dynamic property App\Controllers\Input::$Model_Input is deprecated in APPPATH\Controllers\Input.php on line 16.
 1 SYSTEMPATH\CodeIgniter.php(906): App\Controllers\Input->__construct()
 2 SYSTEMPATH\CodeIgniter.php(490): CodeIgniter\CodeIgniter->createController()
 3 SYSTEMPATH\CodeIgniter.php(368): CodeIgniter\CodeIgniter->handleRequest(null, Object(Config\Cache), false)
 4 FCPATH\index.php(67): CodeIgniter\CodeIgniter->run()
INFO - 2023-07-18 05:14:53 --> Session: Class initialized using 'CodeIgniter\Session\Handlers\FileHandler' driver.
WARNING - 2023-07-18 05:14:57 --> [DEPRECATED] Creation of dynamic property App\Controllers\Input::$Model_Input is deprecated in APPPATH\Controllers\Input.php on line 16.
 1 SYSTEMPATH\CodeIgniter.php(906): App\Controllers\Input->__construct()
 2 SYSTEMPATH\CodeIgniter.php(490): CodeIgniter\CodeIgniter->createController()
 3 SYSTEMPATH\CodeIgniter.php(368): CodeIgniter\CodeIgniter->handleRequest(null, Object(Config\Cache), false)
 4 FCPATH\index.php(67): CodeIgniter\CodeIgniter->run()
INFO - 2023-07-18 05:14:57 --> Session: Class initialized using 'CodeIgniter\Session\Handlers\FileHandler' driver.
WARNING - 2023-07-18 05:14:58 --> [DEPRECATED] Creation of dynamic property App\Controllers\Input::$Model_Input is deprecated in APPPATH\Controllers\Input.php on line 16.
 1 SYSTEMPATH\CodeIgniter.php(906): App\Controllers\Input->__construct()
 2 SYSTEMPATH\CodeIgniter.php(490): CodeIgniter\CodeIgniter->createController()
 3 SYSTEMPATH\CodeIgniter.php(368): CodeIgniter\CodeIgniter->handleRequest(null, Object(Config\Cache), false)
 4 FCPATH\index.php(67): CodeIgniter\CodeIgniter->run()
INFO - 2023-07-18 05:14:58 --> Session: Class initialized using 'CodeIgniter\Session\Handlers\FileHandler' driver.
WARNING - 2023-07-18 05:15:23 --> [DEPRECATED] Creation of dynamic property App\Controllers\Input::$Model_Input is deprecated in APPPATH\Controllers\Input.php on line 16.
 1 SYSTEMPATH\CodeIgniter.php(906): App\Controllers\Input->__construct()
 2 SYSTEMPATH\CodeIgniter.php(490): CodeIgniter\CodeIgniter->createController()
 3 SYSTEMPATH\CodeIgniter.php(368): CodeIgniter\CodeIgniter->handleRequest(null, Object(Config\Cache), false)
 4 FCPATH\index.php(67): CodeIgniter\CodeIgniter->run()
INFO - 2023-07-18 05:15:23 --> Session: Class initialized using 'CodeIgniter\Session\Handlers\FileHandler' driver.
WARNING - 2023-07-18 05:15:24 --> [DEPRECATED] Creation of dynamic property App\Controllers\Input::$Model_Input is deprecated in APPPATH\Controllers\Input.php on line 16.
 1 SYSTEMPATH\CodeIgniter.php(906): App\Controllers\Input->__construct()
 2 SYSTEMPATH\CodeIgniter.php(490): CodeIgniter\CodeIgniter->createController()
 3 SYSTEMPATH\CodeIgniter.php(368): CodeIgniter\CodeIgniter->handleRequest(null, Object(Config\Cache), false)
 4 FCPATH\index.php(67): CodeIgniter\CodeIgniter->run()
INFO - 2023-07-18 05:15:24 --> Session: Class initialized using 'CodeIgniter\Session\Handlers\FileHandler' driver.
WARNING - 2023-07-18 05:15:32 --> [DEPRECATED] Creation of dynamic property App\Controllers\Proses::$Model_Proses is deprecated in APPPATH\Controllers\Proses.php on line 15.
 1 SYSTEMPATH\CodeIgniter.php(906): App\Controllers\Proses->__construct()
 2 SYSTEMPATH\CodeIgniter.php(490): CodeIgniter\CodeIgniter->createController()
 3 SYSTEMPATH\CodeIgniter.php(368): CodeIgniter\CodeIgniter->handleRequest(null, Object(Config\Cache), false)
 4 FCPATH\index.php(67): CodeIgniter\CodeIgniter->run()
WARNING - 2023-07-18 05:15:32 --> [DEPRECATED] Creation of dynamic property App\Controllers\Proses::$Model_Input is deprecated in APPPATH\Controllers\Proses.php on line 16.
 1 SYSTEMPATH\CodeIgniter.php(906): App\Controllers\Proses->__construct()
 2 SYSTEMPATH\CodeIgniter.php(490): CodeIgniter\CodeIgniter->createController()
 3 SYSTEMPATH\CodeIgniter.php(368): CodeIgniter\CodeIgniter->handleRequest(null, Object(Config\Cache), false)
 4 FCPATH\index.php(67): CodeIgniter\CodeIgniter->run()
WARNING - 2023-07-18 05:15:32 --> [DEPRECATED] strtotime(): Passing null to parameter #1 ($datetime) of type string is deprecated in APPPATH\Models\Model_Proses.php on line 15.
 1 APPPATH\Models\Model_Proses.php(15): strtotime(null)
 2 APPPATH\Controllers\Proses.php(67): App\Models\Model_Proses->ambil_pasien(null, null)
 3 SYSTEMPATH\CodeIgniter.php(934): App\Controllers\Proses->Konversi()
 4 SYSTEMPATH\CodeIgniter.php(499): CodeIgniter\CodeIgniter->runController(Object(App\Controllers\Proses))
 5 SYSTEMPATH\CodeIgniter.php(368): CodeIgniter\CodeIgniter->handleRequest(null, Object(Config\Cache), false)
 6 FCPATH\index.php(67): CodeIgniter\CodeIgniter->run()
INFO - 2023-07-18 05:15:32 --> Session: Class initialized using 'CodeIgniter\Session\Handlers\FileHandler' driver.
WARNING - 2023-07-18 05:16:11 --> [DEPRECATED] Creation of dynamic property App\Controllers\Proses::$Model_Proses is deprecated in APPPATH\Controllers\Proses.php on line 15.
 1 SYSTEMPATH\CodeIgniter.php(906): App\Controllers\Proses->__construct()
 2 SYSTEMPATH\CodeIgniter.php(490): CodeIgniter\CodeIgniter->createController()
 3 SYSTEMPATH\CodeIgniter.php(368): CodeIgniter\CodeIgniter->handleRequest(null, Object(Config\Cache), false)
 4 FCPATH\index.php(67): CodeIgniter\CodeIgniter->run()
WARNING - 2023-07-18 05:16:11 --> [DEPRECATED] Creation of dynamic property App\Controllers\Proses::$Model_Input is deprecated in APPPATH\Controllers\Proses.php on line 16.
 1 SYSTEMPATH\CodeIgniter.php(906): App\Controllers\Proses->__construct()
 2 SYSTEMPATH\CodeIgniter.php(490): CodeIgniter\CodeIgniter->createController()
 3 SYSTEMPATH\CodeIgniter.php(368): CodeIgniter\CodeIgniter->handleRequest(null, Object(Config\Cache), false)
 4 FCPATH\index.php(67): CodeIgniter\CodeIgniter->run()
WARNING - 2023-07-18 05:16:11 --> [DEPRECATED] strtotime(): Passing null to parameter #1 ($datetime) of type string is deprecated in APPPATH\Models\Model_Proses.php on line 15.
 1 APPPATH\Models\Model_Proses.php(15): strtotime(null)
 2 APPPATH\Controllers\Proses.php(67): App\Models\Model_Proses->ambil_pasien(null, null)
 3 SYSTEMPATH\CodeIgniter.php(934): App\Controllers\Proses->Konversi()
 4 SYSTEMPATH\CodeIgniter.php(499): CodeIgniter\CodeIgniter->runController(Object(App\Controllers\Proses))
 5 SYSTEMPATH\CodeIgniter.php(368): CodeIgniter\CodeIgniter->handleRequest(null, Object(Config\Cache), false)
 6 FCPATH\index.php(67): CodeIgniter\CodeIgniter->run()
INFO - 2023-07-18 05:16:11 --> Session: Class initialized using 'CodeIgniter\Session\Handlers\FileHandler' driver.
WARNING - 2023-07-18 05:16:23 --> [DEPRECATED] Creation of dynamic property App\Controllers\Proses::$Model_Proses is deprecated in APPPATH\Controllers\Proses.php on line 15.
 1 SYSTEMPATH\CodeIgniter.php(906): App\Controllers\Proses->__construct()
 2 SYSTEMPATH\CodeIgniter.php(490): CodeIgniter\CodeIgniter->createController()
 3 SYSTEMPATH\CodeIgniter.php(368): CodeIgniter\CodeIgniter->handleRequest(null, Object(Config\Cache), false)
 4 FCPATH\index.php(67): CodeIgniter\CodeIgniter->run()
WARNING - 2023-07-18 05:16:23 --> [DEPRECATED] Creation of dynamic property App\Controllers\Proses::$Model_Input is deprecated in APPPATH\Controllers\Proses.php on line 16.
 1 SYSTEMPATH\CodeIgniter.php(906): App\Controllers\Proses->__construct()
 2 SYSTEMPATH\CodeIgniter.php(490): CodeIgniter\CodeIgniter->createController()
 3 SYSTEMPATH\CodeIgniter.php(368): CodeIgniter\CodeIgniter->handleRequest(null, Object(Config\Cache), false)
 4 FCPATH\index.php(67): CodeIgniter\CodeIgniter->run()
WARNING - 2023-07-18 05:16:23 --> [DEPRECATED] strtotime(): Passing null to parameter #1 ($datetime) of type string is deprecated in APPPATH\Models\Model_Proses.php on line 15.
 1 APPPATH\Models\Model_Proses.php(15): strtotime(null)
 2 APPPATH\Controllers\Proses.php(67): App\Models\Model_Proses->ambil_pasien(null, null)
 3 SYSTEMPATH\CodeIgniter.php(934): App\Controllers\Proses->Konversi()
 4 SYSTEMPATH\CodeIgniter.php(499): CodeIgniter\CodeIgniter->runController(Object(App\Controllers\Proses))
 5 SYSTEMPATH\CodeIgniter.php(368): CodeIgniter\CodeIgniter->handleRequest(null, Object(Config\Cache), false)
 6 FCPATH\index.php(67): CodeIgniter\CodeIgniter->run()
INFO - 2023-07-18 05:16:23 --> Session: Class initialized using 'CodeIgniter\Session\Handlers\FileHandler' driver.
WARNING - 2023-07-18 05:16:26 --> [DEPRECATED] Creation of dynamic property App\Controllers\Input::$Model_Input is deprecated in APPPATH\Controllers\Input.php on line 16.
 1 SYSTEMPATH\CodeIgniter.php(906): App\Controllers\Input->__construct()
 2 SYSTEMPATH\CodeIgniter.php(490): CodeIgniter\CodeIgniter->createController()
 3 SYSTEMPATH\CodeIgniter.php(368): CodeIgniter\CodeIgniter->handleRequest(null, Object(Config\Cache), false)
 4 FCPATH\index.php(67): CodeIgniter\CodeIgniter->run()
INFO - 2023-07-18 05:16:26 --> Session: Class initialized using 'CodeIgniter\Session\Handlers\FileHandler' driver.
WARNING - 2023-07-18 05:16:27 --> [DEPRECATED] Creation of dynamic property App\Controllers\Input::$Model_Input is deprecated in APPPATH\Controllers\Input.php on line 16.
 1 SYSTEMPATH\CodeIgniter.php(906): App\Controllers\Input->__construct()
 2 SYSTEMPATH\CodeIgniter.php(490): CodeIgniter\CodeIgniter->createController()
 3 SYSTEMPATH\CodeIgniter.php(368): CodeIgniter\CodeIgniter->handleRequest(null, Object(Config\Cache), false)
 4 FCPATH\index.php(67): CodeIgniter\CodeIgniter->run()
INFO - 2023-07-18 05:16:28 --> Session: Class initialized using 'CodeIgniter\Session\Handlers\FileHandler' driver.
WARNING - 2023-07-18 05:16:29 --> [DEPRECATED] Creation of dynamic property App\Controllers\Proses::$Model_Proses is deprecated in APPPATH\Controllers\Proses.php on line 15.
 1 SYSTEMPATH\CodeIgniter.php(906): App\Controllers\Proses->__construct()
 2 SYSTEMPATH\CodeIgniter.php(490): CodeIgniter\CodeIgniter->createController()
 3 SYSTEMPATH\CodeIgniter.php(368): CodeIgniter\CodeIgniter->handleRequest(null, Object(Config\Cache), false)
 4 FCPATH\index.php(67): CodeIgniter\CodeIgniter->run()
WARNING - 2023-07-18 05:16:29 --> [DEPRECATED] Creation of dynamic property App\Controllers\Proses::$Model_Input is deprecated in APPPATH\Controllers\Proses.php on line 16.
 1 SYSTEMPATH\CodeIgniter.php(906): App\Controllers\Proses->__construct()
 2 SYSTEMPATH\CodeIgniter.php(490): CodeIgniter\CodeIgniter->createController()
 3 SYSTEMPATH\CodeIgniter.php(368): CodeIgniter\CodeIgniter->handleRequest(null, Object(Config\Cache), false)
 4 FCPATH\index.php(67): CodeIgniter\CodeIgniter->run()
INFO - 2023-07-18 05:16:29 --> Session: Class initialized using 'CodeIgniter\Session\Handlers\FileHandler' driver.
WARNING - 2023-07-18 05:16:49 --> [DEPRECATED] Creation of dynamic property App\Controllers\Proses::$Model_Proses is deprecated in APPPATH\Controllers\Proses.php on line 15.
 1 SYSTEMPATH\CodeIgniter.php(906): App\Controllers\Proses->__construct()
 2 SYSTEMPATH\CodeIgniter.php(490): CodeIgniter\CodeIgniter->createController()
 3 SYSTEMPATH\CodeIgniter.php(368): CodeIgniter\CodeIgniter->handleRequest(null, Object(Config\Cache), false)
 4 FCPATH\index.php(67): CodeIgniter\CodeIgniter->run()
WARNING - 2023-07-18 05:16:49 --> [DEPRECATED] Creation of dynamic property App\Controllers\Proses::$Model_Input is deprecated in APPPATH\Controllers\Proses.php on line 16.
 1 SYSTEMPATH\CodeIgniter.php(906): App\Controllers\Proses->__construct()
 2 SYSTEMPATH\CodeIgniter.php(490): CodeIgniter\CodeIgniter->createController()
 3 SYSTEMPATH\CodeIgniter.php(368): CodeIgniter\CodeIgniter->handleRequest(null, Object(Config\Cache), false)
 4 FCPATH\index.php(67): CodeIgniter\CodeIgniter->run()
INFO - 2023-07-18 05:16:49 --> Session: Class initialized using 'CodeIgniter\Session\Handlers\FileHandler' driver.
WARNING - 2023-07-18 05:16:54 --> [DEPRECATED] Creation of dynamic property App\Controllers\Proses::$Model_Proses is deprecated in APPPATH\Controllers\Proses.php on line 15.
 1 SYSTEMPATH\CodeIgniter.php(906): App\Controllers\Proses->__construct()
 2 SYSTEMPATH\CodeIgniter.php(490): CodeIgniter\CodeIgniter->createController()
 3 SYSTEMPATH\CodeIgniter.php(368): CodeIgniter\CodeIgniter->handleRequest(null, Object(Config\Cache), false)
 4 FCPATH\index.php(67): CodeIgniter\CodeIgniter->run()
WARNING - 2023-07-18 05:16:54 --> [DEPRECATED] Creation of dynamic property App\Controllers\Proses::$Model_Input is deprecated in APPPATH\Controllers\Proses.php on line 16.
 1 SYSTEMPATH\CodeIgniter.php(906): App\Controllers\Proses->__construct()
 2 SYSTEMPATH\CodeIgniter.php(490): CodeIgniter\CodeIgniter->createController()
 3 SYSTEMPATH\CodeIgniter.php(368): CodeIgniter\CodeIgniter->handleRequest(null, Object(Config\Cache), false)
 4 FCPATH\index.php(67): CodeIgniter\CodeIgniter->run()
WARNING - 2023-07-18 05:16:54 --> [DEPRECATED] strtotime(): Passing null to parameter #1 ($datetime) of type string is deprecated in APPPATH\Models\Model_Proses.php on line 15.
 1 APPPATH\Models\Model_Proses.php(15): strtotime(null)
 2 APPPATH\Controllers\Proses.php(67): App\Models\Model_Proses->ambil_pasien(null, null)
 3 SYSTEMPATH\CodeIgniter.php(934): App\Controllers\Proses->Konversi()
 4 SYSTEMPATH\CodeIgniter.php(499): CodeIgniter\CodeIgniter->runController(Object(App\Controllers\Proses))
 5 SYSTEMPATH\CodeIgniter.php(368): CodeIgniter\CodeIgniter->handleRequest(null, Object(Config\Cache), false)
 6 FCPATH\index.php(67): CodeIgniter\CodeIgniter->run()
INFO - 2023-07-18 05:16:54 --> Session: Class initialized using 'CodeIgniter\Session\Handlers\FileHandler' driver.
WARNING - 2023-07-18 05:16:57 --> [DEPRECATED] Creation of dynamic property App\Controllers\Proses::$Model_Proses is deprecated in APPPATH\Controllers\Proses.php on line 15.
 1 SYSTEMPATH\CodeIgniter.php(906): App\Controllers\Proses->__construct()
 2 SYSTEMPATH\CodeIgniter.php(490): CodeIgniter\CodeIgniter->createController()
 3 SYSTEMPATH\CodeIgniter.php(368): CodeIgniter\CodeIgniter->handleRequest(null, Object(Config\Cache), false)
 4 FCPATH\index.php(67): CodeIgniter\CodeIgniter->run()
WARNING - 2023-07-18 05:16:57 --> [DEPRECATED] Creation of dynamic property App\Controllers\Proses::$Model_Input is deprecated in APPPATH\Controllers\Proses.php on line 16.
 1 SYSTEMPATH\CodeIgniter.php(906): App\Controllers\Proses->__construct()
 2 SYSTEMPATH\CodeIgniter.php(490): CodeIgniter\CodeIgniter->createController()
 3 SYSTEMPATH\CodeIgniter.php(368): CodeIgniter\CodeIgniter->handleRequest(null, Object(Config\Cache), false)
 4 FCPATH\index.php(67): CodeIgniter\CodeIgniter->run()
WARNING - 2023-07-18 05:16:58 --> [DEPRECATED] Creation of dynamic property App\Controllers\Proses::$Model_Proses is deprecated in APPPATH\Controllers\Proses.php on line 15.
 1 SYSTEMPATH\CodeIgniter.php(906): App\Controllers\Proses->__construct()
 2 SYSTEMPATH\CodeIgniter.php(490): CodeIgniter\CodeIgniter->createController()
 3 SYSTEMPATH\CodeIgniter.php(368): CodeIgniter\CodeIgniter->handleRequest(null, Object(Config\Cache), false)
 4 FCPATH\index.php(67): CodeIgniter\CodeIgniter->run()
WARNING - 2023-07-18 05:16:58 --> [DEPRECATED] Creation of dynamic property App\Controllers\Proses::$Model_Input is deprecated in APPPATH\Controllers\Proses.php on line 16.
 1 SYSTEMPATH\CodeIgniter.php(906): App\Controllers\Proses->__construct()
 2 SYSTEMPATH\CodeIgniter.php(490): CodeIgniter\CodeIgniter->createController()
 3 SYSTEMPATH\CodeIgniter.php(368): CodeIgniter\CodeIgniter->handleRequest(null, Object(Config\Cache), false)
 4 FCPATH\index.php(67): CodeIgniter\CodeIgniter->run()
INFO - 2023-07-18 05:16:58 --> Session: Class initialized using 'CodeIgniter\Session\Handlers\FileHandler' driver.
WARNING - 2023-07-18 05:17:00 --> [DEPRECATED] Creation of dynamic property App\Controllers\Proses::$Model_Proses is deprecated in APPPATH\Controllers\Proses.php on line 15.
 1 SYSTEMPATH\CodeIgniter.php(906): App\Controllers\Proses->__construct()
 2 SYSTEMPATH\CodeIgniter.php(490): CodeIgniter\CodeIgniter->createController()
 3 SYSTEMPATH\CodeIgniter.php(368): CodeIgniter\CodeIgniter->handleRequest(null, Object(Config\Cache), false)
 4 FCPATH\index.php(67): CodeIgniter\CodeIgniter->run()
WARNING - 2023-07-18 05:17:00 --> [DEPRECATED] Creation of dynamic property App\Controllers\Proses::$Model_Input is deprecated in APPPATH\Controllers\Proses.php on line 16.
 1 SYSTEMPATH\CodeIgniter.php(906): App\Controllers\Proses->__construct()
 2 SYSTEMPATH\CodeIgniter.php(490): CodeIgniter\CodeIgniter->createController()
 3 SYSTEMPATH\CodeIgniter.php(368): CodeIgniter\CodeIgniter->handleRequest(null, Object(Config\Cache), false)
 4 FCPATH\index.php(67): CodeIgniter\CodeIgniter->run()
WARNING - 2023-07-18 05:17:01 --> [DEPRECATED] Creation of dynamic property App\Controllers\Proses::$Model_Proses is deprecated in APPPATH\Controllers\Proses.php on line 15.
 1 SYSTEMPATH\CodeIgniter.php(906): App\Controllers\Proses->__construct()
 2 SYSTEMPATH\CodeIgniter.php(490): CodeIgniter\CodeIgniter->createController()
 3 SYSTEMPATH\CodeIgniter.php(368): CodeIgniter\CodeIgniter->handleRequest(null, Object(Config\Cache), false)
 4 FCPATH\index.php(67): CodeIgniter\CodeIgniter->run()
WARNING - 2023-07-18 05:17:01 --> [DEPRECATED] Creation of dynamic property App\Controllers\Proses::$Model_Input is deprecated in APPPATH\Controllers\Proses.php on line 16.
 1 SYSTEMPATH\CodeIgniter.php(906): App\Controllers\Proses->__construct()
 2 SYSTEMPATH\CodeIgniter.php(490): CodeIgniter\CodeIgniter->createController()
 3 SYSTEMPATH\CodeIgniter.php(368): CodeIgniter\CodeIgniter->handleRequest(null, Object(Config\Cache), false)
 4 FCPATH\index.php(67): CodeIgniter\CodeIgniter->run()
WARNING - 2023-07-18 05:17:09 --> [DEPRECATED] Creation of dynamic property App\Controllers\Input::$Model_Input is deprecated in APPPATH\Controllers\Input.php on line 16.
 1 SYSTEMPATH\CodeIgniter.php(906): App\Controllers\Input->__construct()
 2 SYSTEMPATH\CodeIgniter.php(490): CodeIgniter\CodeIgniter->createController()
 3 SYSTEMPATH\CodeIgniter.php(368): CodeIgniter\CodeIgniter->handleRequest(null, Object(Config\Cache), false)
 4 FCPATH\index.php(67): CodeIgniter\CodeIgniter->run()
INFO - 2023-07-18 05:17:09 --> Session: Class initialized using 'CodeIgniter\Session\Handlers\FileHandler' driver.
WARNING - 2023-07-18 05:17:11 --> [DEPRECATED] Creation of dynamic property App\Controllers\Input::$Model_Input is deprecated in APPPATH\Controllers\Input.php on line 16.
 1 SYSTEMPATH\CodeIgniter.php(906): App\Controllers\Input->__construct()
 2 SYSTEMPATH\CodeIgniter.php(490): CodeIgniter\CodeIgniter->createController()
 3 SYSTEMPATH\CodeIgniter.php(368): CodeIgniter\CodeIgniter->handleRequest(null, Object(Config\Cache), false)
 4 FCPATH\index.php(67): CodeIgniter\CodeIgniter->run()
INFO - 2023-07-18 05:17:11 --> Session: Class initialized using 'CodeIgniter\Session\Handlers\FileHandler' driver.
WARNING - 2023-07-18 05:17:13 --> [DEPRECATED] Creation of dynamic property App\Controllers\Proses::$Model_Proses is deprecated in APPPATH\Controllers\Proses.php on line 15.
 1 SYSTEMPATH\CodeIgniter.php(906): App\Controllers\Proses->__construct()
 2 SYSTEMPATH\CodeIgniter.php(490): CodeIgniter\CodeIgniter->createController()
 3 SYSTEMPATH\CodeIgniter.php(368): CodeIgniter\CodeIgniter->handleRequest(null, Object(Config\Cache), false)
 4 FCPATH\index.php(67): CodeIgniter\CodeIgniter->run()
WARNING - 2023-07-18 05:17:13 --> [DEPRECATED] Creation of dynamic property App\Controllers\Proses::$Model_Input is deprecated in APPPATH\Controllers\Proses.php on line 16.
 1 SYSTEMPATH\CodeIgniter.php(906): App\Controllers\Proses->__construct()
 2 SYSTEMPATH\CodeIgniter.php(490): CodeIgniter\CodeIgniter->createController()
 3 SYSTEMPATH\CodeIgniter.php(368): CodeIgniter\CodeIgniter->handleRequest(null, Object(Config\Cache), false)
 4 FCPATH\index.php(67): CodeIgniter\CodeIgniter->run()
INFO - 2023-07-18 05:17:13 --> Session: Class initialized using 'CodeIgniter\Session\Handlers\FileHandler' driver.
WARNING - 2023-07-18 05:17:16 --> [DEPRECATED] Creation of dynamic property App\Controllers\Proses::$Model_Proses is deprecated in APPPATH\Controllers\Proses.php on line 15.
 1 SYSTEMPATH\CodeIgniter.php(906): App\Controllers\Proses->__construct()
 2 SYSTEMPATH\CodeIgniter.php(490): CodeIgniter\CodeIgniter->createController()
 3 SYSTEMPATH\CodeIgniter.php(368): CodeIgniter\CodeIgniter->handleRequest(null, Object(Config\Cache), false)
 4 FCPATH\index.php(67): CodeIgniter\CodeIgniter->run()
WARNING - 2023-07-18 05:17:16 --> [DEPRECATED] Creation of dynamic property App\Controllers\Proses::$Model_Input is deprecated in APPPATH\Controllers\Proses.php on line 16.
 1 SYSTEMPATH\CodeIgniter.php(906): App\Controllers\Proses->__construct()
 2 SYSTEMPATH\CodeIgniter.php(490): CodeIgniter\CodeIgniter->createController()
 3 SYSTEMPATH\CodeIgniter.php(368): CodeIgniter\CodeIgniter->handleRequest(null, Object(Config\Cache), false)
 4 FCPATH\index.php(67): CodeIgniter\CodeIgniter->run()
WARNING - 2023-07-18 05:18:10 --> [DEPRECATED] Creation of dynamic property App\Controllers\Proses::$Model_Proses is deprecated in APPPATH\Controllers\Proses.php on line 15.
 1 SYSTEMPATH\CodeIgniter.php(906): App\Controllers\Proses->__construct()
 2 SYSTEMPATH\CodeIgniter.php(490): CodeIgniter\CodeIgniter->createController()
 3 SYSTEMPATH\CodeIgniter.php(368): CodeIgniter\CodeIgniter->handleRequest(null, Object(Config\Cache), false)
 4 FCPATH\index.php(67): CodeIgniter\CodeIgniter->run()
WARNING - 2023-07-18 05:18:10 --> [DEPRECATED] Creation of dynamic property App\Controllers\Proses::$Model_Input is deprecated in APPPATH\Controllers\Proses.php on line 16.
 1 SYSTEMPATH\CodeIgniter.php(906): App\Controllers\Proses->__construct()
 2 SYSTEMPATH\CodeIgniter.php(490): CodeIgniter\CodeIgniter->createController()
 3 SYSTEMPATH\CodeIgniter.php(368): CodeIgniter\CodeIgniter->handleRequest(null, Object(Config\Cache), false)
 4 FCPATH\index.php(67): CodeIgniter\CodeIgniter->run()
WARNING - 2023-07-18 05:18:10 --> [DEPRECATED] strtotime(): Passing null to parameter #1 ($datetime) of type string is deprecated in APPPATH\Models\Model_Proses.php on line 15.
 1 APPPATH\Models\Model_Proses.php(15): strtotime(null)
 2 APPPATH\Controllers\Proses.php(67): App\Models\Model_Proses->ambil_pasien(null, null)
 3 SYSTEMPATH\CodeIgniter.php(934): App\Controllers\Proses->Konversi()
 4 SYSTEMPATH\CodeIgniter.php(499): CodeIgniter\CodeIgniter->runController(Object(App\Controllers\Proses))
 5 SYSTEMPATH\CodeIgniter.php(368): CodeIgniter\CodeIgniter->handleRequest(null, Object(Config\Cache), false)
 6 FCPATH\index.php(67): CodeIgniter\CodeIgniter->run()
INFO - 2023-07-18 05:18:10 --> Session: Class initialized using 'CodeIgniter\Session\Handlers\FileHandler' driver.
WARNING - 2023-07-18 05:18:16 --> [DEPRECATED] Creation of dynamic property App\Controllers\Proses::$Model_Proses is deprecated in APPPATH\Controllers\Proses.php on line 15.
 1 SYSTEMPATH\CodeIgniter.php(906): App\Controllers\Proses->__construct()
 2 SYSTEMPATH\CodeIgniter.php(490): CodeIgniter\CodeIgniter->createController()
 3 SYSTEMPATH\CodeIgniter.php(368): CodeIgniter\CodeIgniter->handleRequest(null, Object(Config\Cache), false)
 4 FCPATH\index.php(67): CodeIgniter\CodeIgniter->run()
WARNING - 2023-07-18 05:18:16 --> [DEPRECATED] Creation of dynamic property App\Controllers\Proses::$Model_Input is deprecated in APPPATH\Controllers\Proses.php on line 16.
 1 SYSTEMPATH\CodeIgniter.php(906): App\Controllers\Proses->__construct()
 2 SYSTEMPATH\CodeIgniter.php(490): CodeIgniter\CodeIgniter->createController()
 3 SYSTEMPATH\CodeIgniter.php(368): CodeIgniter\CodeIgniter->handleRequest(null, Object(Config\Cache), false)
 4 FCPATH\index.php(67): CodeIgniter\CodeIgniter->run()
WARNING - 2023-07-18 05:18:17 --> [DEPRECATED] Creation of dynamic property App\Controllers\Proses::$Model_Proses is deprecated in APPPATH\Controllers\Proses.php on line 15.
 1 SYSTEMPATH\CodeIgniter.php(906): App\Controllers\Proses->__construct()
 2 SYSTEMPATH\CodeIgniter.php(490): CodeIgniter\CodeIgniter->createController()
 3 SYSTEMPATH\CodeIgniter.php(368): CodeIgniter\CodeIgniter->handleRequest(null, Object(Config\Cache), false)
 4 FCPATH\index.php(67): CodeIgniter\CodeIgniter->run()
WARNING - 2023-07-18 05:18:17 --> [DEPRECATED] Creation of dynamic property App\Controllers\Proses::$Model_Input is deprecated in APPPATH\Controllers\Proses.php on line 16.
 1 SYSTEMPATH\CodeIgniter.php(906): App\Controllers\Proses->__construct()
 2 SYSTEMPATH\CodeIgniter.php(490): CodeIgniter\CodeIgniter->createController()
 3 SYSTEMPATH\CodeIgniter.php(368): CodeIgniter\CodeIgniter->handleRequest(null, Object(Config\Cache), false)
 4 FCPATH\index.php(67): CodeIgniter\CodeIgniter->run()
INFO - 2023-07-18 05:18:17 --> Session: Class initialized using 'CodeIgniter\Session\Handlers\FileHandler' driver.
WARNING - 2023-07-18 05:18:19 --> [DEPRECATED] Creation of dynamic property App\Controllers\Proses::$Model_Proses is deprecated in APPPATH\Controllers\Proses.php on line 15.
 1 SYSTEMPATH\CodeIgniter.php(906): App\Controllers\Proses->__construct()
 2 SYSTEMPATH\CodeIgniter.php(490): CodeIgniter\CodeIgniter->createController()
 3 SYSTEMPATH\CodeIgniter.php(368): CodeIgniter\CodeIgniter->handleRequest(null, Object(Config\Cache), false)
 4 FCPATH\index.php(67): CodeIgniter\CodeIgniter->run()
WARNING - 2023-07-18 05:18:19 --> [DEPRECATED] Creation of dynamic property App\Controllers\Proses::$Model_Input is deprecated in APPPATH\Controllers\Proses.php on line 16.
 1 SYSTEMPATH\CodeIgniter.php(906): App\Controllers\Proses->__construct()
 2 SYSTEMPATH\CodeIgniter.php(490): CodeIgniter\CodeIgniter->createController()
 3 SYSTEMPATH\CodeIgniter.php(368): CodeIgniter\CodeIgniter->handleRequest(null, Object(Config\Cache), false)
 4 FCPATH\index.php(67): CodeIgniter\CodeIgniter->run()
WARNING - 2023-07-18 05:18:20 --> [DEPRECATED] Creation of dynamic property App\Controllers\Proses::$Model_Proses is deprecated in APPPATH\Controllers\Proses.php on line 15.
 1 SYSTEMPATH\CodeIgniter.php(906): App\Controllers\Proses->__construct()
 2 SYSTEMPATH\CodeIgniter.php(490): CodeIgniter\CodeIgniter->createController()
 3 SYSTEMPATH\CodeIgniter.php(368): CodeIgniter\CodeIgniter->handleRequest(null, Object(Config\Cache), false)
 4 FCPATH\index.php(67): CodeIgniter\CodeIgniter->run()
WARNING - 2023-07-18 05:18:20 --> [DEPRECATED] Creation of dynamic property App\Controllers\Proses::$Model_Input is deprecated in APPPATH\Controllers\Proses.php on line 16.
 1 SYSTEMPATH\CodeIgniter.php(906): App\Controllers\Proses->__construct()
 2 SYSTEMPATH\CodeIgniter.php(490): CodeIgniter\CodeIgniter->createController()
 3 SYSTEMPATH\CodeIgniter.php(368): CodeIgniter\CodeIgniter->handleRequest(null, Object(Config\Cache), false)
 4 FCPATH\index.php(67): CodeIgniter\CodeIgniter->run()
WARNING - 2023-07-18 05:18:25 --> [DEPRECATED] Creation of dynamic property App\Controllers\Input::$Model_Input is deprecated in APPPATH\Controllers\Input.php on line 16.
 1 SYSTEMPATH\CodeIgniter.php(906): App\Controllers\Input->__construct()
 2 SYSTEMPATH\CodeIgniter.php(490): CodeIgniter\CodeIgniter->createController()
 3 SYSTEMPATH\CodeIgniter.php(368): CodeIgniter\CodeIgniter->handleRequest(null, Object(Config\Cache), false)
 4 FCPATH\index.php(67): CodeIgniter\CodeIgniter->run()
INFO - 2023-07-18 05:18:25 --> Session: Class initialized using 'CodeIgniter\Session\Handlers\FileHandler' driver.
WARNING - 2023-07-18 05:18:26 --> [DEPRECATED] Creation of dynamic property App\Controllers\Input::$Model_Input is deprecated in APPPATH\Controllers\Input.php on line 16.
 1 SYSTEMPATH\CodeIgniter.php(906): App\Controllers\Input->__construct()
 2 SYSTEMPATH\CodeIgniter.php(490): CodeIgniter\CodeIgniter->createController()
 3 SYSTEMPATH\CodeIgniter.php(368): CodeIgniter\CodeIgniter->handleRequest(null, Object(Config\Cache), false)
 4 FCPATH\index.php(67): CodeIgniter\CodeIgniter->run()
INFO - 2023-07-18 05:18:26 --> Session: Class initialized using 'CodeIgniter\Session\Handlers\FileHandler' driver.
WARNING - 2023-07-18 05:18:27 --> [DEPRECATED] Creation of dynamic property App\Controllers\Proses::$Model_Proses is deprecated in APPPATH\Controllers\Proses.php on line 15.
 1 SYSTEMPATH\CodeIgniter.php(906): App\Controllers\Proses->__construct()
 2 SYSTEMPATH\CodeIgniter.php(490): CodeIgniter\CodeIgniter->createController()
 3 SYSTEMPATH\CodeIgniter.php(368): CodeIgniter\CodeIgniter->handleRequest(null, Object(Config\Cache), false)
 4 FCPATH\index.php(67): CodeIgniter\CodeIgniter->run()
WARNING - 2023-07-18 05:18:27 --> [DEPRECATED] Creation of dynamic property App\Controllers\Proses::$Model_Input is deprecated in APPPATH\Controllers\Proses.php on line 16.
 1 SYSTEMPATH\CodeIgniter.php(906): App\Controllers\Proses->__construct()
 2 SYSTEMPATH\CodeIgniter.php(490): CodeIgniter\CodeIgniter->createController()
 3 SYSTEMPATH\CodeIgniter.php(368): CodeIgniter\CodeIgniter->handleRequest(null, Object(Config\Cache), false)
 4 FCPATH\index.php(67): CodeIgniter\CodeIgniter->run()
INFO - 2023-07-18 05:18:27 --> Session: Class initialized using 'CodeIgniter\Session\Handlers\FileHandler' driver.
WARNING - 2023-07-18 05:18:29 --> [DEPRECATED] Creation of dynamic property App\Controllers\Proses::$Model_Proses is deprecated in APPPATH\Controllers\Proses.php on line 15.
 1 SYSTEMPATH\CodeIgniter.php(906): App\Controllers\Proses->__construct()
 2 SYSTEMPATH\CodeIgniter.php(490): CodeIgniter\CodeIgniter->createController()
 3 SYSTEMPATH\CodeIgniter.php(368): CodeIgniter\CodeIgniter->handleRequest(null, Object(Config\Cache), false)
 4 FCPATH\index.php(67): CodeIgniter\CodeIgniter->run()
WARNING - 2023-07-18 05:18:29 --> [DEPRECATED] Creation of dynamic property App\Controllers\Proses::$Model_Input is deprecated in APPPATH\Controllers\Proses.php on line 16.
 1 SYSTEMPATH\CodeIgniter.php(906): App\Controllers\Proses->__construct()
 2 SYSTEMPATH\CodeIgniter.php(490): CodeIgniter\CodeIgniter->createController()
 3 SYSTEMPATH\CodeIgniter.php(368): CodeIgniter\CodeIgniter->handleRequest(null, Object(Config\Cache), false)
 4 FCPATH\index.php(67): CodeIgniter\CodeIgniter->run()
WARNING - 2023-07-18 05:18:33 --> [DEPRECATED] Creation of dynamic property App\Controllers\Proses::$Model_Proses is deprecated in APPPATH\Controllers\Proses.php on line 15.
 1 SYSTEMPATH\CodeIgniter.php(906): App\Controllers\Proses->__construct()
 2 SYSTEMPATH\CodeIgniter.php(490): CodeIgniter\CodeIgniter->createController()
 3 SYSTEMPATH\CodeIgniter.php(368): CodeIgniter\CodeIgniter->handleRequest(null, Object(Config\Cache), false)
 4 FCPATH\index.php(67): CodeIgniter\CodeIgniter->run()
WARNING - 2023-07-18 05:18:33 --> [DEPRECATED] Creation of dynamic property App\Controllers\Proses::$Model_Input is deprecated in APPPATH\Controllers\Proses.php on line 16.
 1 SYSTEMPATH\CodeIgniter.php(906): App\Controllers\Proses->__construct()
 2 SYSTEMPATH\CodeIgniter.php(490): CodeIgniter\CodeIgniter->createController()
 3 SYSTEMPATH\CodeIgniter.php(368): CodeIgniter\CodeIgniter->handleRequest(null, Object(Config\Cache), false)
 4 FCPATH\index.php(67): CodeIgniter\CodeIgniter->run()
WARNING - 2023-07-18 05:18:52 --> [DEPRECATED] Creation of dynamic property App\Controllers\Proses::$Model_Proses is deprecated in APPPATH\Controllers\Proses.php on line 15.
 1 SYSTEMPATH\CodeIgniter.php(906): App\Controllers\Proses->__construct()
 2 SYSTEMPATH\CodeIgniter.php(490): CodeIgniter\CodeIgniter->createController()
 3 SYSTEMPATH\CodeIgniter.php(368): CodeIgniter\CodeIgniter->handleRequest(null, Object(Config\Cache), false)
 4 FCPATH\index.php(67): CodeIgniter\CodeIgniter->run()
WARNING - 2023-07-18 05:18:52 --> [DEPRECATED] Creation of dynamic property App\Controllers\Proses::$Model_Input is deprecated in APPPATH\Controllers\Proses.php on line 16.
 1 SYSTEMPATH\CodeIgniter.php(906): App\Controllers\Proses->__construct()
 2 SYSTEMPATH\CodeIgniter.php(490): CodeIgniter\CodeIgniter->createController()
 3 SYSTEMPATH\CodeIgniter.php(368): CodeIgniter\CodeIgniter->handleRequest(null, Object(Config\Cache), false)
 4 FCPATH\index.php(67): CodeIgniter\CodeIgniter->run()
INFO - 2023-07-18 05:18:52 --> Session: Class initialized using 'CodeIgniter\Session\Handlers\FileHandler' driver.
WARNING - 2023-07-18 05:18:52 --> [DEPRECATED] Creation of dynamic property App\Controllers\Proses::$Model_Proses is deprecated in APPPATH\Controllers\Proses.php on line 15.
 1 SYSTEMPATH\CodeIgniter.php(906): App\Controllers\Proses->__construct()
 2 SYSTEMPATH\CodeIgniter.php(490): CodeIgniter\CodeIgniter->createController()
 3 SYSTEMPATH\CodeIgniter.php(368): CodeIgniter\CodeIgniter->handleRequest(null, Object(Config\Cache), false)
 4 FCPATH\index.php(67): CodeIgniter\CodeIgniter->run()
WARNING - 2023-07-18 05:18:52 --> [DEPRECATED] Creation of dynamic property App\Controllers\Proses::$Model_Input is deprecated in APPPATH\Controllers\Proses.php on line 16.
 1 SYSTEMPATH\CodeIgniter.php(906): App\Controllers\Proses->__construct()
 2 SYSTEMPATH\CodeIgniter.php(490): CodeIgniter\CodeIgniter->createController()
 3 SYSTEMPATH\CodeIgniter.php(368): CodeIgniter\CodeIgniter->handleRequest(null, Object(Config\Cache), false)
 4 FCPATH\index.php(67): CodeIgniter\CodeIgniter->run()
INFO - 2023-07-18 05:18:52 --> Session: Class initialized using 'CodeIgniter\Session\Handlers\FileHandler' driver.
WARNING - 2023-07-18 05:19:01 --> [DEPRECATED] Creation of dynamic property App\Controllers\Hasil::$Model_Hasil is deprecated in APPPATH\Controllers\Hasil.php on line 14.
 1 SYSTEMPATH\CodeIgniter.php(906): App\Controllers\Hasil->__construct()
 2 SYSTEMPATH\CodeIgniter.php(490): CodeIgniter\CodeIgniter->createController()
 3 SYSTEMPATH\CodeIgniter.php(368): CodeIgniter\CodeIgniter->handleRequest(null, Object(Config\Cache), false)
 4 FCPATH\index.php(67): CodeIgniter\CodeIgniter->run()
WARNING - 2023-07-18 05:19:01 --> [DEPRECATED] strtotime(): Passing null to parameter #1 ($datetime) of type string is deprecated in APPPATH\Controllers\Hasil.php on line 21.
 1 APPPATH\Controllers\Hasil.php(21): strtotime(null)
 2 SYSTEMPATH\CodeIgniter.php(934): App\Controllers\Hasil->Jasa_Langsung()
 3 SYSTEMPATH\CodeIgniter.php(499): CodeIgniter\CodeIgniter->runController(Object(App\Controllers\Hasil))
 4 SYSTEMPATH\CodeIgniter.php(368): CodeIgniter\CodeIgniter->handleRequest(null, Object(Config\Cache), false)
 5 FCPATH\index.php(67): CodeIgniter\CodeIgniter->run()
WARNING - 2023-07-18 05:19:01 --> [DEPRECATED] strtotime(): Passing null to parameter #1 ($datetime) of type string is deprecated in APPPATH\Controllers\Hasil.php on line 22.
 1 APPPATH\Controllers\Hasil.php(22): strtotime(null)
 2 SYSTEMPATH\CodeIgniter.php(934): App\Controllers\Hasil->Jasa_Langsung()
 3 SYSTEMPATH\CodeIgniter.php(499): CodeIgniter\CodeIgniter->runController(Object(App\Controllers\Hasil))
 4 SYSTEMPATH\CodeIgniter.php(368): CodeIgniter\CodeIgniter->handleRequest(null, Object(Config\Cache), false)
 5 FCPATH\index.php(67): CodeIgniter\CodeIgniter->run()
INFO - 2023-07-18 05:19:01 --> Session: Class initialized using 'CodeIgniter\Session\Handlers\FileHandler' driver.
WARNING - 2023-07-18 05:19:19 --> [DEPRECATED] Creation of dynamic property App\Controllers\Hasil::$Model_Hasil is deprecated in APPPATH\Controllers\Hasil.php on line 14.
 1 SYSTEMPATH\CodeIgniter.php(906): App\Controllers\Hasil->__construct()
 2 SYSTEMPATH\CodeIgniter.php(490): CodeIgniter\CodeIgniter->createController()
 3 SYSTEMPATH\CodeIgniter.php(368): CodeIgniter\CodeIgniter->handleRequest(null, Object(Config\Cache), false)
 4 FCPATH\index.php(67): CodeIgniter\CodeIgniter->run()
WARNING - 2023-07-18 05:19:19 --> [DEPRECATED] strtotime(): Passing null to parameter #1 ($datetime) of type string is deprecated in APPPATH\Controllers\Hasil.php on line 21.
 1 APPPATH\Controllers\Hasil.php(21): strtotime(null)
 2 SYSTEMPATH\CodeIgniter.php(934): App\Controllers\Hasil->Jasa_Langsung()
 3 SYSTEMPATH\CodeIgniter.php(499): CodeIgniter\CodeIgniter->runController(Object(App\Controllers\Hasil))
 4 SYSTEMPATH\CodeIgniter.php(368): CodeIgniter\CodeIgniter->handleRequest(null, Object(Config\Cache), false)
 5 FCPATH\index.php(67): CodeIgniter\CodeIgniter->run()
WARNING - 2023-07-18 05:19:19 --> [DEPRECATED] strtotime(): Passing null to parameter #1 ($datetime) of type string is deprecated in APPPATH\Controllers\Hasil.php on line 22.
 1 APPPATH\Controllers\Hasil.php(22): strtotime(null)
 2 SYSTEMPATH\CodeIgniter.php(934): App\Controllers\Hasil->Jasa_Langsung()
 3 SYSTEMPATH\CodeIgniter.php(499): CodeIgniter\CodeIgniter->runController(Object(App\Controllers\Hasil))
 4 SYSTEMPATH\CodeIgniter.php(368): CodeIgniter\CodeIgniter->handleRequest(null, Object(Config\Cache), false)
 5 FCPATH\index.php(67): CodeIgniter\CodeIgniter->run()
INFO - 2023-07-18 05:19:19 --> Session: Class initialized using 'CodeIgniter\Session\Handlers\FileHandler' driver.
WARNING - 2023-07-18 05:19:36 --> [DEPRECATED] Creation of dynamic property App\Controllers\Hasil::$Model_Hasil is deprecated in APPPATH\Controllers\Hasil.php on line 14.
 1 SYSTEMPATH\CodeIgniter.php(906): App\Controllers\Hasil->__construct()
 2 SYSTEMPATH\CodeIgniter.php(490): CodeIgniter\CodeIgniter->createController()
 3 SYSTEMPATH\CodeIgniter.php(368): CodeIgniter\CodeIgniter->handleRequest(null, Object(Config\Cache), false)
 4 FCPATH\index.php(67): CodeIgniter\CodeIgniter->run()
INFO - 2023-07-18 05:19:36 --> Session: Class initialized using 'CodeIgniter\Session\Handlers\FileHandler' driver.
WARNING - 2023-07-18 05:19:41 --> [DEPRECATED] Creation of dynamic property App\Controllers\Hasil::$Model_Hasil is deprecated in APPPATH\Controllers\Hasil.php on line 14.
 1 SYSTEMPATH\CodeIgniter.php(906): App\Controllers\Hasil->__construct()
 2 SYSTEMPATH\CodeIgniter.php(490): CodeIgniter\CodeIgniter->createController()
 3 SYSTEMPATH\CodeIgniter.php(368): CodeIgniter\CodeIgniter->handleRequest(null, Object(Config\Cache), false)
 4 FCPATH\index.php(67): CodeIgniter\CodeIgniter->run()
WARNING - 2023-07-18 05:19:41 --> [DEPRECATED] strtotime(): Passing null to parameter #1 ($datetime) of type string is deprecated in APPPATH\Controllers\Hasil.php on line 48.
 1 APPPATH\Controllers\Hasil.php(48): strtotime(null)
 2 SYSTEMPATH\CodeIgniter.php(934): App\Controllers\Hasil->Jasa_Langsung_Penerima()
 3 SYSTEMPATH\CodeIgniter.php(499): CodeIgniter\CodeIgniter->runController(Object(App\Controllers\Hasil))
 4 SYSTEMPATH\CodeIgniter.php(368): CodeIgniter\CodeIgniter->handleRequest(null, Object(Config\Cache), false)
 5 FCPATH\index.php(67): CodeIgniter\CodeIgniter->run()
WARNING - 2023-07-18 05:19:41 --> [DEPRECATED] strtotime(): Passing null to parameter #1 ($datetime) of type string is deprecated in APPPATH\Controllers\Hasil.php on line 49.
 1 APPPATH\Controllers\Hasil.php(49): strtotime(null)
 2 SYSTEMPATH\CodeIgniter.php(934): App\Controllers\Hasil->Jasa_Langsung_Penerima()
 3 SYSTEMPATH\CodeIgniter.php(499): CodeIgniter\CodeIgniter->runController(Object(App\Controllers\Hasil))
 4 SYSTEMPATH\CodeIgniter.php(368): CodeIgniter\CodeIgniter->handleRequest(null, Object(Config\Cache), false)
 5 FCPATH\index.php(67): CodeIgniter\CodeIgniter->run()
INFO - 2023-07-18 05:19:41 --> Session: Class initialized using 'CodeIgniter\Session\Handlers\FileHandler' driver.
WARNING - 2023-07-18 05:19:50 --> [DEPRECATED] Creation of dynamic property App\Controllers\Hasil::$Model_Hasil is deprecated in APPPATH\Controllers\Hasil.php on line 14.
 1 SYSTEMPATH\CodeIgniter.php(906): App\Controllers\Hasil->__construct()
 2 SYSTEMPATH\CodeIgniter.php(490): CodeIgniter\CodeIgniter->createController()
 3 SYSTEMPATH\CodeIgniter.php(368): CodeIgniter\CodeIgniter->handleRequest(null, Object(Config\Cache), false)
 4 FCPATH\index.php(67): CodeIgniter\CodeIgniter->run()
WARNING - 2023-07-18 05:19:50 --> [DEPRECATED] strtotime(): Passing null to parameter #1 ($datetime) of type string is deprecated in APPPATH\Controllers\Hasil.php on line 48.
 1 APPPATH\Controllers\Hasil.php(48): strtotime(null)
 2 SYSTEMPATH\CodeIgniter.php(934): App\Controllers\Hasil->Jasa_Langsung_Penerima()
 3 SYSTEMPATH\CodeIgniter.php(499): CodeIgniter\CodeIgniter->runController(Object(App\Controllers\Hasil))
 4 SYSTEMPATH\CodeIgniter.php(368): CodeIgniter\CodeIgniter->handleRequest(null, Object(Config\Cache), false)
 5 FCPATH\index.php(67): CodeIgniter\CodeIgniter->run()
WARNING - 2023-07-18 05:19:50 --> [DEPRECATED] strtotime(): Passing null to parameter #1 ($datetime) of type string is deprecated in APPPATH\Controllers\Hasil.php on line 49.
 1 APPPATH\Controllers\Hasil.php(49): strtotime(null)
 2 SYSTEMPATH\CodeIgniter.php(934): App\Controllers\Hasil->Jasa_Langsung_Penerima()
 3 SYSTEMPATH\CodeIgniter.php(499): CodeIgniter\CodeIgniter->runController(Object(App\Controllers\Hasil))
 4 SYSTEMPATH\CodeIgniter.php(368): CodeIgniter\CodeIgniter->handleRequest(null, Object(Config\Cache), false)
 5 FCPATH\index.php(67): CodeIgniter\CodeIgniter->run()
INFO - 2023-07-18 05:19:50 --> Session: Class initialized using 'CodeIgniter\Session\Handlers\FileHandler' driver.
WARNING - 2023-07-18 05:19:56 --> [DEPRECATED] Creation of dynamic property App\Controllers\Hasil::$Model_Hasil is deprecated in APPPATH\Controllers\Hasil.php on line 14.
 1 SYSTEMPATH\CodeIgniter.php(906): App\Controllers\Hasil->__construct()
 2 SYSTEMPATH\CodeIgniter.php(490): CodeIgniter\CodeIgniter->createController()
 3 SYSTEMPATH\CodeIgniter.php(368): CodeIgniter\CodeIgniter->handleRequest(null, Object(Config\Cache), false)
 4 FCPATH\index.php(67): CodeIgniter\CodeIgniter->run()
INFO - 2023-07-18 05:19:56 --> Session: Class initialized using 'CodeIgniter\Session\Handlers\FileHandler' driver.
WARNING - 2023-07-18 05:20:22 --> [DEPRECATED] Creation of dynamic property App\Controllers\Hasil::$Model_Hasil is deprecated in APPPATH\Controllers\Hasil.php on line 14.
 1 SYSTEMPATH\CodeIgniter.php(906): App\Controllers\Hasil->__construct()
 2 SYSTEMPATH\CodeIgniter.php(490): CodeIgniter\CodeIgniter->createController()
 3 SYSTEMPATH\CodeIgniter.php(368): CodeIgniter\CodeIgniter->handleRequest(null, Object(Config\Cache), false)
 4 FCPATH\index.php(67): CodeIgniter\CodeIgniter->run()
INFO - 2023-07-18 05:20:22 --> Session: Class initialized using 'CodeIgniter\Session\Handlers\FileHandler' driver.
WARNING - 2023-07-18 05:20:41 --> [DEPRECATED] Creation of dynamic property App\Controllers\Hasil::$Model_Hasil is deprecated in APPPATH\Controllers\Hasil.php on line 14.
 1 SYSTEMPATH\CodeIgniter.php(906): App\Controllers\Hasil->__construct()
 2 SYSTEMPATH\CodeIgniter.php(490): CodeIgniter\CodeIgniter->createController()
 3 SYSTEMPATH\CodeIgniter.php(368): CodeIgniter\CodeIgniter->handleRequest(null, Object(Config\Cache), false)
 4 FCPATH\index.php(67): CodeIgniter\CodeIgniter->run()
INFO - 2023-07-18 05:20:41 --> Session: Class initialized using 'CodeIgniter\Session\Handlers\FileHandler' driver.
WARNING - 2023-07-18 05:21:10 --> [DEPRECATED] Creation of dynamic property App\Controllers\Hasil::$Model_Hasil is deprecated in APPPATH\Controllers\Hasil.php on line 14.
 1 SYSTEMPATH\CodeIgniter.php(906): App\Controllers\Hasil->__construct()
 2 SYSTEMPATH\CodeIgniter.php(490): CodeIgniter\CodeIgniter->createController()
 3 SYSTEMPATH\CodeIgniter.php(368): CodeIgniter\CodeIgniter->handleRequest(null, Object(Config\Cache), false)
 4 FCPATH\index.php(67): CodeIgniter\CodeIgniter->run()
INFO - 2023-07-18 05:21:10 --> Session: Class initialized using 'CodeIgniter\Session\Handlers\FileHandler' driver.
WARNING - 2023-07-18 05:21:31 --> [DEPRECATED] Creation of dynamic property App\Controllers\Hasil::$Model_Hasil is deprecated in APPPATH\Controllers\Hasil.php on line 14.
 1 SYSTEMPATH\CodeIgniter.php(906): App\Controllers\Hasil->__construct()
 2 SYSTEMPATH\CodeIgniter.php(490): CodeIgniter\CodeIgniter->createController()
 3 SYSTEMPATH\CodeIgniter.php(368): CodeIgniter\CodeIgniter->handleRequest(null, Object(Config\Cache), false)
 4 FCPATH\index.php(67): CodeIgniter\CodeIgniter->run()
INFO - 2023-07-18 05:21:31 --> Session: Class initialized using 'CodeIgniter\Session\Handlers\FileHandler' driver.
WARNING - 2023-07-18 05:21:43 --> [DEPRECATED] Creation of dynamic property App\Controllers\Hasil::$Model_Hasil is deprecated in APPPATH\Controllers\Hasil.php on line 14.
 1 SYSTEMPATH\CodeIgniter.php(906): App\Controllers\Hasil->__construct()
 2 SYSTEMPATH\CodeIgniter.php(490): CodeIgniter\CodeIgniter->createController()
 3 SYSTEMPATH\CodeIgniter.php(368): CodeIgniter\CodeIgniter->handleRequest(null, Object(Config\Cache), false)
 4 FCPATH\index.php(67): CodeIgniter\CodeIgniter->run()
INFO - 2023-07-18 05:21:43 --> Session: Class initialized using 'CodeIgniter\Session\Handlers\FileHandler' driver.
WARNING - 2023-07-18 05:22:12 --> [DEPRECATED] Creation of dynamic property App\Controllers\Hasil::$Model_Hasil is deprecated in APPPATH\Controllers\Hasil.php on line 14.
 1 SYSTEMPATH\CodeIgniter.php(906): App\Controllers\Hasil->__construct()
 2 SYSTEMPATH\CodeIgniter.php(490): CodeIgniter\CodeIgniter->createController()
 3 SYSTEMPATH\CodeIgniter.php(368): CodeIgniter\CodeIgniter->handleRequest(null, Object(Config\Cache), false)
 4 FCPATH\index.php(67): CodeIgniter\CodeIgniter->run()
WARNING - 2023-07-18 05:22:12 --> [DEPRECATED] strtotime(): Passing null to parameter #1 ($datetime) of type string is deprecated in APPPATH\Controllers\Hasil.php on line 21.
 1 APPPATH\Controllers\Hasil.php(21): strtotime(null)
 2 SYSTEMPATH\CodeIgniter.php(934): App\Controllers\Hasil->Jasa_Langsung()
 3 SYSTEMPATH\CodeIgniter.php(499): CodeIgniter\CodeIgniter->runController(Object(App\Controllers\Hasil))
 4 SYSTEMPATH\CodeIgniter.php(368): CodeIgniter\CodeIgniter->handleRequest(null, Object(Config\Cache), false)
 5 FCPATH\index.php(67): CodeIgniter\CodeIgniter->run()
WARNING - 2023-07-18 05:22:12 --> [DEPRECATED] strtotime(): Passing null to parameter #1 ($datetime) of type string is deprecated in APPPATH\Controllers\Hasil.php on line 22.
 1 APPPATH\Controllers\Hasil.php(22): strtotime(null)
 2 SYSTEMPATH\CodeIgniter.php(934): App\Controllers\Hasil->Jasa_Langsung()
 3 SYSTEMPATH\CodeIgniter.php(499): CodeIgniter\CodeIgniter->runController(Object(App\Controllers\Hasil))
 4 SYSTEMPATH\CodeIgniter.php(368): CodeIgniter\CodeIgniter->handleRequest(null, Object(Config\Cache), false)
 5 FCPATH\index.php(67): CodeIgniter\CodeIgniter->run()
INFO - 2023-07-18 05:22:12 --> Session: Class initialized using 'CodeIgniter\Session\Handlers\FileHandler' driver.
WARNING - 2023-07-18 05:22:19 --> [DEPRECATED] Creation of dynamic property App\Controllers\Hasil::$Model_Hasil is deprecated in APPPATH\Controllers\Hasil.php on line 14.
 1 SYSTEMPATH\CodeIgniter.php(906): App\Controllers\Hasil->__construct()
 2 SYSTEMPATH\CodeIgniter.php(490): CodeIgniter\CodeIgniter->createController()
 3 SYSTEMPATH\CodeIgniter.php(368): CodeIgniter\CodeIgniter->handleRequest(null, Object(Config\Cache), false)
 4 FCPATH\index.php(67): CodeIgniter\CodeIgniter->run()
INFO - 2023-07-18 05:22:19 --> Session: Class initialized using 'CodeIgniter\Session\Handlers\FileHandler' driver.
WARNING - 2023-07-18 05:22:32 --> [DEPRECATED] Creation of dynamic property App\Controllers\Hasil::$Model_Hasil is deprecated in APPPATH\Controllers\Hasil.php on line 14.
 1 SYSTEMPATH\CodeIgniter.php(906): App\Controllers\Hasil->__construct()
 2 SYSTEMPATH\CodeIgniter.php(490): CodeIgniter\CodeIgniter->createController()
 3 SYSTEMPATH\CodeIgniter.php(368): CodeIgniter\CodeIgniter->handleRequest(null, Object(Config\Cache), false)
 4 FCPATH\index.php(67): CodeIgniter\CodeIgniter->run()
INFO - 2023-07-18 05:22:32 --> Session: Class initialized using 'CodeIgniter\Session\Handlers\FileHandler' driver.
WARNING - 2023-07-18 05:22:41 --> [DEPRECATED] Creation of dynamic property App\Controllers\Hasil::$Model_Hasil is deprecated in APPPATH\Controllers\Hasil.php on line 14.
 1 SYSTEMPATH\CodeIgniter.php(906): App\Controllers\Hasil->__construct()
 2 SYSTEMPATH\CodeIgniter.php(490): CodeIgniter\CodeIgniter->createController()
 3 SYSTEMPATH\CodeIgniter.php(368): CodeIgniter\CodeIgniter->handleRequest(null, Object(Config\Cache), false)
 4 FCPATH\index.php(67): CodeIgniter\CodeIgniter->run()
WARNING - 2023-07-18 05:22:41 --> [DEPRECATED] strtotime(): Passing null to parameter #1 ($datetime) of type string is deprecated in APPPATH\Controllers\Hasil.php on line 48.
 1 APPPATH\Controllers\Hasil.php(48): strtotime(null)
 2 SYSTEMPATH\CodeIgniter.php(934): App\Controllers\Hasil->Jasa_Langsung_Penerima()
 3 SYSTEMPATH\CodeIgniter.php(499): CodeIgniter\CodeIgniter->runController(Object(App\Controllers\Hasil))
 4 SYSTEMPATH\CodeIgniter.php(368): CodeIgniter\CodeIgniter->handleRequest(null, Object(Config\Cache), false)
 5 FCPATH\index.php(67): CodeIgniter\CodeIgniter->run()
WARNING - 2023-07-18 05:22:41 --> [DEPRECATED] strtotime(): Passing null to parameter #1 ($datetime) of type string is deprecated in APPPATH\Controllers\Hasil.php on line 49.
 1 APPPATH\Controllers\Hasil.php(49): strtotime(null)
 2 SYSTEMPATH\CodeIgniter.php(934): App\Controllers\Hasil->Jasa_Langsung_Penerima()
 3 SYSTEMPATH\CodeIgniter.php(499): CodeIgniter\CodeIgniter->runController(Object(App\Controllers\Hasil))
 4 SYSTEMPATH\CodeIgniter.php(368): CodeIgniter\CodeIgniter->handleRequest(null, Object(Config\Cache), false)
 5 FCPATH\index.php(67): CodeIgniter\CodeIgniter->run()
INFO - 2023-07-18 05:22:41 --> Session: Class initialized using 'CodeIgniter\Session\Handlers\FileHandler' driver.
WARNING - 2023-07-18 05:22:49 --> [DEPRECATED] Creation of dynamic property App\Controllers\Hasil::$Model_Hasil is deprecated in APPPATH\Controllers\Hasil.php on line 14.
 1 SYSTEMPATH\CodeIgniter.php(906): App\Controllers\Hasil->__construct()
 2 SYSTEMPATH\CodeIgniter.php(490): CodeIgniter\CodeIgniter->createController()
 3 SYSTEMPATH\CodeIgniter.php(368): CodeIgniter\CodeIgniter->handleRequest(null, Object(Config\Cache), false)
 4 FCPATH\index.php(67): CodeIgniter\CodeIgniter->run()
WARNING - 2023-07-18 05:22:49 --> [DEPRECATED] strtotime(): Passing null to parameter #1 ($datetime) of type string is deprecated in APPPATH\Controllers\Hasil.php on line 48.
 1 APPPATH\Controllers\Hasil.php(48): strtotime(null)
 2 SYSTEMPATH\CodeIgniter.php(934): App\Controllers\Hasil->Jasa_Langsung_Penerima()
 3 SYSTEMPATH\CodeIgniter.php(499): CodeIgniter\CodeIgniter->runController(Object(App\Controllers\Hasil))
 4 SYSTEMPATH\CodeIgniter.php(368): CodeIgniter\CodeIgniter->handleRequest(null, Object(Config\Cache), false)
 5 FCPATH\index.php(67): CodeIgniter\CodeIgniter->run()
WARNING - 2023-07-18 05:22:49 --> [DEPRECATED] strtotime(): Passing null to parameter #1 ($datetime) of type string is deprecated in APPPATH\Controllers\Hasil.php on line 49.
 1 APPPATH\Controllers\Hasil.php(49): strtotime(null)
 2 SYSTEMPATH\CodeIgniter.php(934): App\Controllers\Hasil->Jasa_Langsung_Penerima()
 3 SYSTEMPATH\CodeIgniter.php(499): CodeIgniter\CodeIgniter->runController(Object(App\Controllers\Hasil))
 4 SYSTEMPATH\CodeIgniter.php(368): CodeIgniter\CodeIgniter->handleRequest(null, Object(Config\Cache), false)
 5 FCPATH\index.php(67): CodeIgniter\CodeIgniter->run()
INFO - 2023-07-18 05:22:49 --> Session: Class initialized using 'CodeIgniter\Session\Handlers\FileHandler' driver.
WARNING - 2023-07-18 05:22:54 --> [DEPRECATED] Creation of dynamic property App\Controllers\Hasil::$Model_Hasil is deprecated in APPPATH\Controllers\Hasil.php on line 14.
 1 SYSTEMPATH\CodeIgniter.php(906): App\Controllers\Hasil->__construct()
 2 SYSTEMPATH\CodeIgniter.php(490): CodeIgniter\CodeIgniter->createController()
 3 SYSTEMPATH\CodeIgniter.php(368): CodeIgniter\CodeIgniter->handleRequest(null, Object(Config\Cache), false)
 4 FCPATH\index.php(67): CodeIgniter\CodeIgniter->run()
INFO - 2023-07-18 05:22:54 --> Session: Class initialized using 'CodeIgniter\Session\Handlers\FileHandler' driver.
WARNING - 2023-07-18 05:23:00 --> [DEPRECATED] Creation of dynamic property App\Controllers\Hasil::$Model_Hasil is deprecated in APPPATH\Controllers\Hasil.php on line 14.
 1 SYSTEMPATH\CodeIgniter.php(906): App\Controllers\Hasil->__construct()
 2 SYSTEMPATH\CodeIgniter.php(490): CodeIgniter\CodeIgniter->createController()
 3 SYSTEMPATH\CodeIgniter.php(368): CodeIgniter\CodeIgniter->handleRequest(null, Object(Config\Cache), false)
 4 FCPATH\index.php(67): CodeIgniter\CodeIgniter->run()
WARNING - 2023-07-18 05:23:00 --> [DEPRECATED] strtotime(): Passing null to parameter #1 ($datetime) of type string is deprecated in APPPATH\Controllers\Hasil.php on line 80.
 1 APPPATH\Controllers\Hasil.php(80): strtotime(null)
 2 SYSTEMPATH\CodeIgniter.php(934): App\Controllers\Hasil->Jasa_TidakLangsung()
 3 SYSTEMPATH\CodeIgniter.php(499): CodeIgniter\CodeIgniter->runController(Object(App\Controllers\Hasil))
 4 SYSTEMPATH\CodeIgniter.php(368): CodeIgniter\CodeIgniter->handleRequest(null, Object(Config\Cache), false)
 5 FCPATH\index.php(67): CodeIgniter\CodeIgniter->run()
WARNING - 2023-07-18 05:23:00 --> [DEPRECATED] strtotime(): Passing null to parameter #1 ($datetime) of type string is deprecated in APPPATH\Controllers\Hasil.php on line 81.
 1 APPPATH\Controllers\Hasil.php(81): strtotime(null)
 2 SYSTEMPATH\CodeIgniter.php(934): App\Controllers\Hasil->Jasa_TidakLangsung()
 3 SYSTEMPATH\CodeIgniter.php(499): CodeIgniter\CodeIgniter->runController(Object(App\Controllers\Hasil))
 4 SYSTEMPATH\CodeIgniter.php(368): CodeIgniter\CodeIgniter->handleRequest(null, Object(Config\Cache), false)
 5 FCPATH\index.php(67): CodeIgniter\CodeIgniter->run()
INFO - 2023-07-18 05:23:00 --> Session: Class initialized using 'CodeIgniter\Session\Handlers\FileHandler' driver.
WARNING - 2023-07-18 05:23:14 --> [DEPRECATED] Creation of dynamic property App\Controllers\Hasil::$Model_Hasil is deprecated in APPPATH\Controllers\Hasil.php on line 14.
 1 SYSTEMPATH\CodeIgniter.php(906): App\Controllers\Hasil->__construct()
 2 SYSTEMPATH\CodeIgniter.php(490): CodeIgniter\CodeIgniter->createController()
 3 SYSTEMPATH\CodeIgniter.php(368): CodeIgniter\CodeIgniter->handleRequest(null, Object(Config\Cache), false)
 4 FCPATH\index.php(67): CodeIgniter\CodeIgniter->run()
WARNING - 2023-07-18 05:23:14 --> [DEPRECATED] strtotime(): Passing null to parameter #1 ($datetime) of type string is deprecated in APPPATH\Controllers\Hasil.php on line 80.
 1 APPPATH\Controllers\Hasil.php(80): strtotime(null)
 2 SYSTEMPATH\CodeIgniter.php(934): App\Controllers\Hasil->Jasa_TidakLangsung()
 3 SYSTEMPATH\CodeIgniter.php(499): CodeIgniter\CodeIgniter->runController(Object(App\Controllers\Hasil))
 4 SYSTEMPATH\CodeIgniter.php(368): CodeIgniter\CodeIgniter->handleRequest(null, Object(Config\Cache), false)
 5 FCPATH\index.php(67): CodeIgniter\CodeIgniter->run()
WARNING - 2023-07-18 05:23:14 --> [DEPRECATED] strtotime(): Passing null to parameter #1 ($datetime) of type string is deprecated in APPPATH\Controllers\Hasil.php on line 81.
 1 APPPATH\Controllers\Hasil.php(81): strtotime(null)
 2 SYSTEMPATH\CodeIgniter.php(934): App\Controllers\Hasil->Jasa_TidakLangsung()
 3 SYSTEMPATH\CodeIgniter.php(499): CodeIgniter\CodeIgniter->runController(Object(App\Controllers\Hasil))
 4 SYSTEMPATH\CodeIgniter.php(368): CodeIgniter\CodeIgniter->handleRequest(null, Object(Config\Cache), false)
 5 FCPATH\index.php(67): CodeIgniter\CodeIgniter->run()
INFO - 2023-07-18 05:23:14 --> Session: Class initialized using 'CodeIgniter\Session\Handlers\FileHandler' driver.
WARNING - 2023-07-18 05:23:24 --> [DEPRECATED] Creation of dynamic property App\Controllers\Hasil::$Model_Hasil is deprecated in APPPATH\Controllers\Hasil.php on line 14.
 1 SYSTEMPATH\CodeIgniter.php(906): App\Controllers\Hasil->__construct()
 2 SYSTEMPATH\CodeIgniter.php(490): CodeIgniter\CodeIgniter->createController()
 3 SYSTEMPATH\CodeIgniter.php(368): CodeIgniter\CodeIgniter->handleRequest(null, Object(Config\Cache), false)
 4 FCPATH\index.php(67): CodeIgniter\CodeIgniter->run()
WARNING - 2023-07-18 05:23:24 --> [DEPRECATED] strtotime(): Passing null to parameter #1 ($datetime) of type string is deprecated in APPPATH\Controllers\Hasil.php on line 80.
 1 APPPATH\Controllers\Hasil.php(80): strtotime(null)
 2 SYSTEMPATH\CodeIgniter.php(934): App\Controllers\Hasil->Jasa_TidakLangsung()
 3 SYSTEMPATH\CodeIgniter.php(499): CodeIgniter\CodeIgniter->runController(Object(App\Controllers\Hasil))
 4 SYSTEMPATH\CodeIgniter.php(368): CodeIgniter\CodeIgniter->handleRequest(null, Object(Config\Cache), false)
 5 FCPATH\index.php(67): CodeIgniter\CodeIgniter->run()
WARNING - 2023-07-18 05:23:24 --> [DEPRECATED] strtotime(): Passing null to parameter #1 ($datetime) of type string is deprecated in APPPATH\Controllers\Hasil.php on line 81.
 1 APPPATH\Controllers\Hasil.php(81): strtotime(null)
 2 SYSTEMPATH\CodeIgniter.php(934): App\Controllers\Hasil->Jasa_TidakLangsung()
 3 SYSTEMPATH\CodeIgniter.php(499): CodeIgniter\CodeIgniter->runController(Object(App\Controllers\Hasil))
 4 SYSTEMPATH\CodeIgniter.php(368): CodeIgniter\CodeIgniter->handleRequest(null, Object(Config\Cache), false)
 5 FCPATH\index.php(67): CodeIgniter\CodeIgniter->run()
INFO - 2023-07-18 05:23:24 --> Session: Class initialized using 'CodeIgniter\Session\Handlers\FileHandler' driver.
WARNING - 2023-07-18 05:23:33 --> [DEPRECATED] Creation of dynamic property App\Controllers\Hasil::$Model_Hasil is deprecated in APPPATH\Controllers\Hasil.php on line 14.
 1 SYSTEMPATH\CodeIgniter.php(906): App\Controllers\Hasil->__construct()
 2 SYSTEMPATH\CodeIgniter.php(490): CodeIgniter\CodeIgniter->createController()
 3 SYSTEMPATH\CodeIgniter.php(368): CodeIgniter\CodeIgniter->handleRequest(null, Object(Config\Cache), false)
 4 FCPATH\index.php(67): CodeIgniter\CodeIgniter->run()
WARNING - 2023-07-18 05:23:33 --> [DEPRECATED] strtotime(): Passing null to parameter #1 ($datetime) of type string is deprecated in APPPATH\Controllers\Hasil.php on line 80.
 1 APPPATH\Controllers\Hasil.php(80): strtotime(null)
 2 SYSTEMPATH\CodeIgniter.php(934): App\Controllers\Hasil->Jasa_TidakLangsung()
 3 SYSTEMPATH\CodeIgniter.php(499): CodeIgniter\CodeIgniter->runController(Object(App\Controllers\Hasil))
 4 SYSTEMPATH\CodeIgniter.php(368): CodeIgniter\CodeIgniter->handleRequest(null, Object(Config\Cache), false)
 5 FCPATH\index.php(67): CodeIgniter\CodeIgniter->run()
WARNING - 2023-07-18 05:23:33 --> [DEPRECATED] strtotime(): Passing null to parameter #1 ($datetime) of type string is deprecated in APPPATH\Controllers\Hasil.php on line 81.
 1 APPPATH\Controllers\Hasil.php(81): strtotime(null)
 2 SYSTEMPATH\CodeIgniter.php(934): App\Controllers\Hasil->Jasa_TidakLangsung()
 3 SYSTEMPATH\CodeIgniter.php(499): CodeIgniter\CodeIgniter->runController(Object(App\Controllers\Hasil))
 4 SYSTEMPATH\CodeIgniter.php(368): CodeIgniter\CodeIgniter->handleRequest(null, Object(Config\Cache), false)
 5 FCPATH\index.php(67): CodeIgniter\CodeIgniter->run()
INFO - 2023-07-18 05:23:33 --> Session: Class initialized using 'CodeIgniter\Session\Handlers\FileHandler' driver.
WARNING - 2023-07-18 05:23:37 --> [DEPRECATED] Creation of dynamic property App\Controllers\Hasil::$Model_Hasil is deprecated in APPPATH\Controllers\Hasil.php on line 14.
 1 SYSTEMPATH\CodeIgniter.php(906): App\Controllers\Hasil->__construct()
 2 SYSTEMPATH\CodeIgniter.php(490): CodeIgniter\CodeIgniter->createController()
 3 SYSTEMPATH\CodeIgniter.php(368): CodeIgniter\CodeIgniter->handleRequest(null, Object(Config\Cache), false)
 4 FCPATH\index.php(67): CodeIgniter\CodeIgniter->run()
INFO - 2023-07-18 05:23:37 --> Session: Class initialized using 'CodeIgniter\Session\Handlers\FileHandler' driver.
WARNING - 2023-07-18 05:23:58 --> [DEPRECATED] Creation of dynamic property App\Controllers\Hasil::$Model_Hasil is deprecated in APPPATH\Controllers\Hasil.php on line 14.
 1 SYSTEMPATH\CodeIgniter.php(906): App\Controllers\Hasil->__construct()
 2 SYSTEMPATH\CodeIgniter.php(490): CodeIgniter\CodeIgniter->createController()
 3 SYSTEMPATH\CodeIgniter.php(368): CodeIgniter\CodeIgniter->handleRequest(null, Object(Config\Cache), false)
 4 FCPATH\index.php(67): CodeIgniter\CodeIgniter->run()
WARNING - 2023-07-18 05:23:58 --> [DEPRECATED] strtotime(): Passing null to parameter #1 ($datetime) of type string is deprecated in APPPATH\Controllers\Hasil.php on line 80.
 1 APPPATH\Controllers\Hasil.php(80): strtotime(null)
 2 SYSTEMPATH\CodeIgniter.php(934): App\Controllers\Hasil->Jasa_TidakLangsung()
 3 SYSTEMPATH\CodeIgniter.php(499): CodeIgniter\CodeIgniter->runController(Object(App\Controllers\Hasil))
 4 SYSTEMPATH\CodeIgniter.php(368): CodeIgniter\CodeIgniter->handleRequest(null, Object(Config\Cache), false)
 5 FCPATH\index.php(67): CodeIgniter\CodeIgniter->run()
WARNING - 2023-07-18 05:23:58 --> [DEPRECATED] strtotime(): Passing null to parameter #1 ($datetime) of type string is deprecated in APPPATH\Controllers\Hasil.php on line 81.
 1 APPPATH\Controllers\Hasil.php(81): strtotime(null)
 2 SYSTEMPATH\CodeIgniter.php(934): App\Controllers\Hasil->Jasa_TidakLangsung()
 3 SYSTEMPATH\CodeIgniter.php(499): CodeIgniter\CodeIgniter->runController(Object(App\Controllers\Hasil))
 4 SYSTEMPATH\CodeIgniter.php(368): CodeIgniter\CodeIgniter->handleRequest(null, Object(Config\Cache), false)
 5 FCPATH\index.php(67): CodeIgniter\CodeIgniter->run()
INFO - 2023-07-18 05:23:58 --> Session: Class initialized using 'CodeIgniter\Session\Handlers\FileHandler' driver.
WARNING - 2023-07-18 05:24:02 --> [DEPRECATED] Creation of dynamic property App\Controllers\Hasil::$Model_Hasil is deprecated in APPPATH\Controllers\Hasil.php on line 14.
 1 SYSTEMPATH\CodeIgniter.php(906): App\Controllers\Hasil->__construct()
 2 SYSTEMPATH\CodeIgniter.php(490): CodeIgniter\CodeIgniter->createController()
 3 SYSTEMPATH\CodeIgniter.php(368): CodeIgniter\CodeIgniter->handleRequest(null, Object(Config\Cache), false)
 4 FCPATH\index.php(67): CodeIgniter\CodeIgniter->run()
INFO - 2023-07-18 05:24:02 --> Session: Class initialized using 'CodeIgniter\Session\Handlers\FileHandler' driver.
WARNING - 2023-07-18 05:24:11 --> [DEPRECATED] Creation of dynamic property App\Controllers\Hasil::$Model_Hasil is deprecated in APPPATH\Controllers\Hasil.php on line 14.
 1 SYSTEMPATH\CodeIgniter.php(906): App\Controllers\Hasil->__construct()
 2 SYSTEMPATH\CodeIgniter.php(490): CodeIgniter\CodeIgniter->createController()
 3 SYSTEMPATH\CodeIgniter.php(368): CodeIgniter\CodeIgniter->handleRequest(null, Object(Config\Cache), false)
 4 FCPATH\index.php(67): CodeIgniter\CodeIgniter->run()
WARNING - 2023-07-18 05:24:11 --> [DEPRECATED] strtotime(): Passing null to parameter #1 ($datetime) of type string is deprecated in APPPATH\Controllers\Hasil.php on line 80.
 1 APPPATH\Controllers\Hasil.php(80): strtotime(null)
 2 SYSTEMPATH\CodeIgniter.php(934): App\Controllers\Hasil->Jasa_TidakLangsung()
 3 SYSTEMPATH\CodeIgniter.php(499): CodeIgniter\CodeIgniter->runController(Object(App\Controllers\Hasil))
 4 SYSTEMPATH\CodeIgniter.php(368): CodeIgniter\CodeIgniter->handleRequest(null, Object(Config\Cache), false)
 5 FCPATH\index.php(67): CodeIgniter\CodeIgniter->run()
WARNING - 2023-07-18 05:24:11 --> [DEPRECATED] strtotime(): Passing null to parameter #1 ($datetime) of type string is deprecated in APPPATH\Controllers\Hasil.php on line 81.
 1 APPPATH\Controllers\Hasil.php(81): strtotime(null)
 2 SYSTEMPATH\CodeIgniter.php(934): App\Controllers\Hasil->Jasa_TidakLangsung()
 3 SYSTEMPATH\CodeIgniter.php(499): CodeIgniter\CodeIgniter->runController(Object(App\Controllers\Hasil))
 4 SYSTEMPATH\CodeIgniter.php(368): CodeIgniter\CodeIgniter->handleRequest(null, Object(Config\Cache), false)
 5 FCPATH\index.php(67): CodeIgniter\CodeIgniter->run()
INFO - 2023-07-18 05:24:11 --> Session: Class initialized using 'CodeIgniter\Session\Handlers\FileHandler' driver.
WARNING - 2023-07-18 05:24:13 --> [DEPRECATED] Creation of dynamic property App\Controllers\Hasil::$Model_Hasil is deprecated in APPPATH\Controllers\Hasil.php on line 14.
 1 SYSTEMPATH\CodeIgniter.php(906): App\Controllers\Hasil->__construct()
 2 SYSTEMPATH\CodeIgniter.php(490): CodeIgniter\CodeIgniter->createController()
 3 SYSTEMPATH\CodeIgniter.php(368): CodeIgniter\CodeIgniter->handleRequest(null, Object(Config\Cache), false)
 4 FCPATH\index.php(67): CodeIgniter\CodeIgniter->run()
WARNING - 2023-07-18 05:24:13 --> [DEPRECATED] strtotime(): Passing null to parameter #1 ($datetime) of type string is deprecated in APPPATH\Controllers\Hasil.php on line 21.
 1 APPPATH\Controllers\Hasil.php(21): strtotime(null)
 2 SYSTEMPATH\CodeIgniter.php(934): App\Controllers\Hasil->Jasa_Langsung()
 3 SYSTEMPATH\CodeIgniter.php(499): CodeIgniter\CodeIgniter->runController(Object(App\Controllers\Hasil))
 4 SYSTEMPATH\CodeIgniter.php(368): CodeIgniter\CodeIgniter->handleRequest(null, Object(Config\Cache), false)
 5 FCPATH\index.php(67): CodeIgniter\CodeIgniter->run()
WARNING - 2023-07-18 05:24:13 --> [DEPRECATED] strtotime(): Passing null to parameter #1 ($datetime) of type string is deprecated in APPPATH\Controllers\Hasil.php on line 22.
 1 APPPATH\Controllers\Hasil.php(22): strtotime(null)
 2 SYSTEMPATH\CodeIgniter.php(934): App\Controllers\Hasil->Jasa_Langsung()
 3 SYSTEMPATH\CodeIgniter.php(499): CodeIgniter\CodeIgniter->runController(Object(App\Controllers\Hasil))
 4 SYSTEMPATH\CodeIgniter.php(368): CodeIgniter\CodeIgniter->handleRequest(null, Object(Config\Cache), false)
 5 FCPATH\index.php(67): CodeIgniter\CodeIgniter->run()
INFO - 2023-07-18 05:24:13 --> Session: Class initialized using 'CodeIgniter\Session\Handlers\FileHandler' driver.
WARNING - 2023-07-18 05:24:14 --> [DEPRECATED] Creation of dynamic property App\Controllers\Hasil::$Model_Hasil is deprecated in APPPATH\Controllers\Hasil.php on line 14.
 1 SYSTEMPATH\CodeIgniter.php(906): App\Controllers\Hasil->__construct()
 2 SYSTEMPATH\CodeIgniter.php(490): CodeIgniter\CodeIgniter->createController()
 3 SYSTEMPATH\CodeIgniter.php(368): CodeIgniter\CodeIgniter->handleRequest(null, Object(Config\Cache), false)
 4 FCPATH\index.php(67): CodeIgniter\CodeIgniter->run()
WARNING - 2023-07-18 05:24:14 --> [DEPRECATED] strtotime(): Passing null to parameter #1 ($datetime) of type string is deprecated in APPPATH\Controllers\Hasil.php on line 48.
 1 APPPATH\Controllers\Hasil.php(48): strtotime(null)
 2 SYSTEMPATH\CodeIgniter.php(934): App\Controllers\Hasil->Jasa_Langsung_Penerima()
 3 SYSTEMPATH\CodeIgniter.php(499): CodeIgniter\CodeIgniter->runController(Object(App\Controllers\Hasil))
 4 SYSTEMPATH\CodeIgniter.php(368): CodeIgniter\CodeIgniter->handleRequest(null, Object(Config\Cache), false)
 5 FCPATH\index.php(67): CodeIgniter\CodeIgniter->run()
WARNING - 2023-07-18 05:24:14 --> [DEPRECATED] strtotime(): Passing null to parameter #1 ($datetime) of type string is deprecated in APPPATH\Controllers\Hasil.php on line 49.
 1 APPPATH\Controllers\Hasil.php(49): strtotime(null)
 2 SYSTEMPATH\CodeIgniter.php(934): App\Controllers\Hasil->Jasa_Langsung_Penerima()
 3 SYSTEMPATH\CodeIgniter.php(499): CodeIgniter\CodeIgniter->runController(Object(App\Controllers\Hasil))
 4 SYSTEMPATH\CodeIgniter.php(368): CodeIgniter\CodeIgniter->handleRequest(null, Object(Config\Cache), false)
 5 FCPATH\index.php(67): CodeIgniter\CodeIgniter->run()
INFO - 2023-07-18 05:24:14 --> Session: Class initialized using 'CodeIgniter\Session\Handlers\FileHandler' driver.
WARNING - 2023-07-18 05:24:17 --> [DEPRECATED] Creation of dynamic property App\Controllers\Proses::$Model_Proses is deprecated in APPPATH\Controllers\Proses.php on line 15.
 1 SYSTEMPATH\CodeIgniter.php(906): App\Controllers\Proses->__construct()
 2 SYSTEMPATH\CodeIgniter.php(490): CodeIgniter\CodeIgniter->createController()
 3 SYSTEMPATH\CodeIgniter.php(368): CodeIgniter\CodeIgniter->handleRequest(null, Object(Config\Cache), false)
 4 FCPATH\index.php(67): CodeIgniter\CodeIgniter->run()
WARNING - 2023-07-18 05:24:17 --> [DEPRECATED] Creation of dynamic property App\Controllers\Proses::$Model_Input is deprecated in APPPATH\Controllers\Proses.php on line 16.
 1 SYSTEMPATH\CodeIgniter.php(906): App\Controllers\Proses->__construct()
 2 SYSTEMPATH\CodeIgniter.php(490): CodeIgniter\CodeIgniter->createController()
 3 SYSTEMPATH\CodeIgniter.php(368): CodeIgniter\CodeIgniter->handleRequest(null, Object(Config\Cache), false)
 4 FCPATH\index.php(67): CodeIgniter\CodeIgniter->run()
WARNING - 2023-07-18 05:24:17 --> [DEPRECATED] strtotime(): Passing null to parameter #1 ($datetime) of type string is deprecated in APPPATH\Models\Model_Proses.php on line 15.
 1 APPPATH\Models\Model_Proses.php(15): strtotime(null)
 2 APPPATH\Controllers\Proses.php(67): App\Models\Model_Proses->ambil_pasien(null, null)
 3 SYSTEMPATH\CodeIgniter.php(934): App\Controllers\Proses->Konversi()
 4 SYSTEMPATH\CodeIgniter.php(499): CodeIgniter\CodeIgniter->runController(Object(App\Controllers\Proses))
 5 SYSTEMPATH\CodeIgniter.php(368): CodeIgniter\CodeIgniter->handleRequest(null, Object(Config\Cache), false)
 6 FCPATH\index.php(67): CodeIgniter\CodeIgniter->run()
INFO - 2023-07-18 05:24:17 --> Session: Class initialized using 'CodeIgniter\Session\Handlers\FileHandler' driver.
WARNING - 2023-07-18 05:24:22 --> [DEPRECATED] Creation of dynamic property App\Controllers\Data_Dasar::$Model_DataDasar is deprecated in APPPATH\Controllers\Data_Dasar.php on line 16.
 1 SYSTEMPATH\CodeIgniter.php(906): App\Controllers\Data_Dasar->__construct()
 2 SYSTEMPATH\CodeIgniter.php(490): CodeIgniter\CodeIgniter->createController()
 3 SYSTEMPATH\CodeIgniter.php(368): CodeIgniter\CodeIgniter->handleRequest(null, Object(Config\Cache), false)
 4 FCPATH\index.php(67): CodeIgniter\CodeIgniter->run()
INFO - 2023-07-18 05:24:22 --> Session: Class initialized using 'CodeIgniter\Session\Handlers\FileHandler' driver.
WARNING - 2023-07-18 05:24:28 --> [DEPRECATED] Creation of dynamic property App\Controllers\Hasil::$Model_Hasil is deprecated in APPPATH\Controllers\Hasil.php on line 14.
 1 SYSTEMPATH\CodeIgniter.php(906): App\Controllers\Hasil->__construct()
 2 SYSTEMPATH\CodeIgniter.php(490): CodeIgniter\CodeIgniter->createController()
 3 SYSTEMPATH\CodeIgniter.php(368): CodeIgniter\CodeIgniter->handleRequest(null, Object(Config\Cache), false)
 4 FCPATH\index.php(67): CodeIgniter\CodeIgniter->run()
WARNING - 2023-07-18 05:24:28 --> [DEPRECATED] strtotime(): Passing null to parameter #1 ($datetime) of type string is deprecated in APPPATH\Controllers\Hasil.php on line 80.
 1 APPPATH\Controllers\Hasil.php(80): strtotime(null)
 2 SYSTEMPATH\CodeIgniter.php(934): App\Controllers\Hasil->Jasa_TidakLangsung()
 3 SYSTEMPATH\CodeIgniter.php(499): CodeIgniter\CodeIgniter->runController(Object(App\Controllers\Hasil))
 4 SYSTEMPATH\CodeIgniter.php(368): CodeIgniter\CodeIgniter->handleRequest(null, Object(Config\Cache), false)
 5 FCPATH\index.php(67): CodeIgniter\CodeIgniter->run()
WARNING - 2023-07-18 05:24:28 --> [DEPRECATED] strtotime(): Passing null to parameter #1 ($datetime) of type string is deprecated in APPPATH\Controllers\Hasil.php on line 81.
 1 APPPATH\Controllers\Hasil.php(81): strtotime(null)
 2 SYSTEMPATH\CodeIgniter.php(934): App\Controllers\Hasil->Jasa_TidakLangsung()
 3 SYSTEMPATH\CodeIgniter.php(499): CodeIgniter\CodeIgniter->runController(Object(App\Controllers\Hasil))
 4 SYSTEMPATH\CodeIgniter.php(368): CodeIgniter\CodeIgniter->handleRequest(null, Object(Config\Cache), false)
 5 FCPATH\index.php(67): CodeIgniter\CodeIgniter->run()
INFO - 2023-07-18 05:24:28 --> Session: Class initialized using 'CodeIgniter\Session\Handlers\FileHandler' driver.
WARNING - 2023-07-18 05:24:30 --> [DEPRECATED] Creation of dynamic property App\Controllers\Data_Dasar::$Model_DataDasar is deprecated in APPPATH\Controllers\Data_Dasar.php on line 16.
 1 SYSTEMPATH\CodeIgniter.php(906): App\Controllers\Data_Dasar->__construct()
 2 SYSTEMPATH\CodeIgniter.php(490): CodeIgniter\CodeIgniter->createController()
 3 SYSTEMPATH\CodeIgniter.php(368): CodeIgniter\CodeIgniter->handleRequest(null, Object(Config\Cache), false)
 4 FCPATH\index.php(67): CodeIgniter\CodeIgniter->run()
INFO - 2023-07-18 05:24:30 --> Session: Class initialized using 'CodeIgniter\Session\Handlers\FileHandler' driver.
WARNING - 2023-07-18 05:24:40 --> [DEPRECATED] Creation of dynamic property App\Controllers\Data_Dasar::$Model_DataDasar is deprecated in APPPATH\Controllers\Data_Dasar.php on line 16.
 1 SYSTEMPATH\CodeIgniter.php(906): App\Controllers\Data_Dasar->__construct()
 2 SYSTEMPATH\CodeIgniter.php(490): CodeIgniter\CodeIgniter->createController()
 3 SYSTEMPATH\CodeIgniter.php(368): CodeIgniter\CodeIgniter->handleRequest(null, Object(Config\Cache), false)
 4 FCPATH\index.php(67): CodeIgniter\CodeIgniter->run()
INFO - 2023-07-18 05:24:40 --> Session: Class initialized using 'CodeIgniter\Session\Handlers\FileHandler' driver.
WARNING - 2023-07-18 05:24:46 --> [DEPRECATED] Creation of dynamic property App\Controllers\Data_Dasar::$Model_DataDasar is deprecated in APPPATH\Controllers\Data_Dasar.php on line 16.
 1 SYSTEMPATH\CodeIgniter.php(906): App\Controllers\Data_Dasar->__construct()
 2 SYSTEMPATH\CodeIgniter.php(490): CodeIgniter\CodeIgniter->createController()
 3 SYSTEMPATH\CodeIgniter.php(368): CodeIgniter\CodeIgniter->handleRequest(null, Object(Config\Cache), false)
 4 FCPATH\index.php(67): CodeIgniter\CodeIgniter->run()
INFO - 2023-07-18 05:24:46 --> Session: Class initialized using 'CodeIgniter\Session\Handlers\FileHandler' driver.
WARNING - 2023-07-18 05:24:55 --> [DEPRECATED] Creation of dynamic property App\Controllers\Data_Dasar::$Model_DataDasar is deprecated in APPPATH\Controllers\Data_Dasar.php on line 16.
 1 SYSTEMPATH\CodeIgniter.php(906): App\Controllers\Data_Dasar->__construct()
 2 SYSTEMPATH\CodeIgniter.php(490): CodeIgniter\CodeIgniter->createController()
 3 SYSTEMPATH\CodeIgniter.php(368): CodeIgniter\CodeIgniter->handleRequest(null, Object(Config\Cache), false)
 4 FCPATH\index.php(67): CodeIgniter\CodeIgniter->run()
INFO - 2023-07-18 05:24:55 --> Session: Class initialized using 'CodeIgniter\Session\Handlers\FileHandler' driver.
WARNING - 2023-07-18 05:24:58 --> [DEPRECATED] Creation of dynamic property App\Controllers\Data_Dasar::$Model_DataDasar is deprecated in APPPATH\Controllers\Data_Dasar.php on line 16.
 1 SYSTEMPATH\CodeIgniter.php(906): App\Controllers\Data_Dasar->__construct()
 2 SYSTEMPATH\CodeIgniter.php(490): CodeIgniter\CodeIgniter->createController()
 3 SYSTEMPATH\CodeIgniter.php(368): CodeIgniter\CodeIgniter->handleRequest(null, Object(Config\Cache), false)
 4 FCPATH\index.php(67): CodeIgniter\CodeIgniter->run()
INFO - 2023-07-18 05:24:58 --> Session: Class initialized using 'CodeIgniter\Session\Handlers\FileHandler' driver.
WARNING - 2023-07-18 05:25:24 --> [DEPRECATED] Creation of dynamic property App\Controllers\Data_Dasar::$Model_DataDasar is deprecated in APPPATH\Controllers\Data_Dasar.php on line 16.
 1 SYSTEMPATH\CodeIgniter.php(906): App\Controllers\Data_Dasar->__construct()
 2 SYSTEMPATH\CodeIgniter.php(490): CodeIgniter\CodeIgniter->createController()
 3 SYSTEMPATH\CodeIgniter.php(368): CodeIgniter\CodeIgniter->handleRequest(null, Object(Config\Cache), false)
 4 FCPATH\index.php(67): CodeIgniter\CodeIgniter->run()
INFO - 2023-07-18 05:25:24 --> Session: Class initialized using 'CodeIgniter\Session\Handlers\FileHandler' driver.
WARNING - 2023-07-18 05:25:27 --> [DEPRECATED] Creation of dynamic property App\Controllers\Data_Dasar::$Model_DataDasar is deprecated in APPPATH\Controllers\Data_Dasar.php on line 16.
 1 SYSTEMPATH\CodeIgniter.php(906): App\Controllers\Data_Dasar->__construct()
 2 SYSTEMPATH\CodeIgniter.php(490): CodeIgniter\CodeIgniter->createController()
 3 SYSTEMPATH\CodeIgniter.php(368): CodeIgniter\CodeIgniter->handleRequest(null, Object(Config\Cache), false)
 4 FCPATH\index.php(67): CodeIgniter\CodeIgniter->run()
INFO - 2023-07-18 05:25:27 --> Session: Class initialized using 'CodeIgniter\Session\Handlers\FileHandler' driver.
WARNING - 2023-07-18 05:25:36 --> [DEPRECATED] Creation of dynamic property App\Controllers\Data_Dasar::$Model_DataDasar is deprecated in APPPATH\Controllers\Data_Dasar.php on line 16.
 1 SYSTEMPATH\CodeIgniter.php(906): App\Controllers\Data_Dasar->__construct()
 2 SYSTEMPATH\CodeIgniter.php(490): CodeIgniter\CodeIgniter->createController()
 3 SYSTEMPATH\CodeIgniter.php(368): CodeIgniter\CodeIgniter->handleRequest(null, Object(Config\Cache), false)
 4 FCPATH\index.php(67): CodeIgniter\CodeIgniter->run()
INFO - 2023-07-18 05:25:36 --> Session: Class initialized using 'CodeIgniter\Session\Handlers\FileHandler' driver.
WARNING - 2023-07-18 05:26:18 --> [DEPRECATED] Creation of dynamic property App\Controllers\Auth::$Model_User is deprecated in APPPATH\Controllers\Auth.php on line 13.
 1 SYSTEMPATH\CodeIgniter.php(906): App\Controllers\Auth->__construct()
 2 SYSTEMPATH\CodeIgniter.php(490): CodeIgniter\CodeIgniter->createController()
 3 SYSTEMPATH\CodeIgniter.php(368): CodeIgniter\CodeIgniter->handleRequest(null, Object(Config\Cache), false)
 4 FCPATH\index.php(67): CodeIgniter\CodeIgniter->run()
INFO - 2023-07-18 05:26:18 --> Session: Class initialized using 'CodeIgniter\Session\Handlers\FileHandler' driver.
WARNING - 2023-07-18 05:26:18 --> [DEPRECATED] Creation of dynamic property App\Controllers\Auth::$Model_User is deprecated in APPPATH\Controllers\Auth.php on line 13.
 1 SYSTEMPATH\CodeIgniter.php(906): App\Controllers\Auth->__construct()
 2 SYSTEMPATH\CodeIgniter.php(490): CodeIgniter\CodeIgniter->createController()
 3 SYSTEMPATH\CodeIgniter.php(368): CodeIgniter\CodeIgniter->handleRequest(null, Object(Config\Cache), false)
 4 FCPATH\index.php(67): CodeIgniter\CodeIgniter->run()
INFO - 2023-07-18 05:26:18 --> Session: Class initialized using 'CodeIgniter\Session\Handlers\FileHandler' driver.
WARNING - 2023-07-18 05:26:26 --> [DEPRECATED] Creation of dynamic property App\Controllers\Auth::$Model_User is deprecated in APPPATH\Controllers\Auth.php on line 13.
 1 SYSTEMPATH\CodeIgniter.php(906): App\Controllers\Auth->__construct()
 2 SYSTEMPATH\CodeIgniter.php(490): CodeIgniter\CodeIgniter->createController()
 3 SYSTEMPATH\CodeIgniter.php(368): CodeIgniter\CodeIgniter->handleRequest(null, Object(Config\Cache), false)
 4 FCPATH\index.php(67): CodeIgniter\CodeIgniter->run()
INFO - 2023-07-18 05:26:26 --> Session: Class initialized using 'CodeIgniter\Session\Handlers\FileHandler' driver.
WARNING - 2023-07-18 05:26:30 --> [DEPRECATED] Creation of dynamic property App\Controllers\JTL::$Model_JTL is deprecated in APPPATH\Controllers\JTL.php on line 16.
 1 SYSTEMPATH\CodeIgniter.php(906): App\Controllers\JTL->__construct()
 2 SYSTEMPATH\CodeIgniter.php(490): CodeIgniter\CodeIgniter->createController()
 3 SYSTEMPATH\CodeIgniter.php(368): CodeIgniter\CodeIgniter->handleRequest(null, Object(Config\Cache), false)
 4 FCPATH\index.php(67): CodeIgniter\CodeIgniter->run()
INFO - 2023-07-18 05:26:30 --> Session: Class initialized using 'CodeIgniter\Session\Handlers\FileHandler' driver.
WARNING - 2023-07-18 05:26:34 --> [DEPRECATED] Creation of dynamic property App\Controllers\JTL::$Model_JTL is deprecated in APPPATH\Controllers\JTL.php on line 16.
 1 SYSTEMPATH\CodeIgniter.php(906): App\Controllers\JTL->__construct()
 2 SYSTEMPATH\CodeIgniter.php(490): CodeIgniter\CodeIgniter->createController()
 3 SYSTEMPATH\CodeIgniter.php(368): CodeIgniter\CodeIgniter->handleRequest(null, Object(Config\Cache), false)
 4 FCPATH\index.php(67): CodeIgniter\CodeIgniter->run()
INFO - 2023-07-18 05:26:34 --> Session: Class initialized using 'CodeIgniter\Session\Handlers\FileHandler' driver.
WARNING - 2023-07-18 05:26:55 --> [DEPRECATED] Creation of dynamic property App\Controllers\JTL::$Model_JTL is deprecated in APPPATH\Controllers\JTL.php on line 16.
 1 SYSTEMPATH\CodeIgniter.php(906): App\Controllers\JTL->__construct()
 2 SYSTEMPATH\CodeIgniter.php(490): CodeIgniter\CodeIgniter->createController()
 3 SYSTEMPATH\CodeIgniter.php(368): CodeIgniter\CodeIgniter->handleRequest(null, Object(Config\Cache), false)
 4 FCPATH\index.php(67): CodeIgniter\CodeIgniter->run()
INFO - 2023-07-18 05:26:55 --> Session: Class initialized using 'CodeIgniter\Session\Handlers\FileHandler' driver.
WARNING - 2023-07-18 05:27:04 --> [DEPRECATED] Creation of dynamic property App\Controllers\JTL::$Model_JTL is deprecated in APPPATH\Controllers\JTL.php on line 16.
 1 SYSTEMPATH\CodeIgniter.php(906): App\Controllers\JTL->__construct()
 2 SYSTEMPATH\CodeIgniter.php(490): CodeIgniter\CodeIgniter->createController()
 3 SYSTEMPATH\CodeIgniter.php(368): CodeIgniter\CodeIgniter->handleRequest(null, Object(Config\Cache), false)
 4 FCPATH\index.php(67): CodeIgniter\CodeIgniter->run()
INFO - 2023-07-18 05:27:05 --> Session: Class initialized using 'CodeIgniter\Session\Handlers\FileHandler' driver.
WARNING - 2023-07-18 05:27:27 --> [DEPRECATED] Creation of dynamic property App\Controllers\JTL::$Model_JTL is deprecated in APPPATH\Controllers\JTL.php on line 16.
 1 SYSTEMPATH\CodeIgniter.php(906): App\Controllers\JTL->__construct()
 2 SYSTEMPATH\CodeIgniter.php(490): CodeIgniter\CodeIgniter->createController()
 3 SYSTEMPATH\CodeIgniter.php(368): CodeIgniter\CodeIgniter->handleRequest(null, Object(Config\Cache), false)
 4 FCPATH\index.php(67): CodeIgniter\CodeIgniter->run()
INFO - 2023-07-18 05:27:27 --> Session: Class initialized using 'CodeIgniter\Session\Handlers\FileHandler' driver.
WARNING - 2023-07-18 05:27:35 --> [DEPRECATED] Creation of dynamic property App\Controllers\JTL::$Model_JTL is deprecated in APPPATH\Controllers\JTL.php on line 16.
 1 SYSTEMPATH\CodeIgniter.php(906): App\Controllers\JTL->__construct()
 2 SYSTEMPATH\CodeIgniter.php(490): CodeIgniter\CodeIgniter->createController()
 3 SYSTEMPATH\CodeIgniter.php(368): CodeIgniter\CodeIgniter->handleRequest(null, Object(Config\Cache), false)
 4 FCPATH\index.php(67): CodeIgniter\CodeIgniter->run()
INFO - 2023-07-18 05:27:35 --> Session: Class initialized using 'CodeIgniter\Session\Handlers\FileHandler' driver.
WARNING - 2023-07-18 05:27:52 --> [DEPRECATED] Creation of dynamic property App\Controllers\JTL::$Model_JTL is deprecated in APPPATH\Controllers\JTL.php on line 16.
 1 SYSTEMPATH\CodeIgniter.php(906): App\Controllers\JTL->__construct()
 2 SYSTEMPATH\CodeIgniter.php(490): CodeIgniter\CodeIgniter->createController()
 3 SYSTEMPATH\CodeIgniter.php(368): CodeIgniter\CodeIgniter->handleRequest(null, Object(Config\Cache), false)
 4 FCPATH\index.php(67): CodeIgniter\CodeIgniter->run()
INFO - 2023-07-18 05:27:52 --> Session: Class initialized using 'CodeIgniter\Session\Handlers\FileHandler' driver.
WARNING - 2023-07-18 05:28:04 --> [DEPRECATED] Creation of dynamic property App\Controllers\Auth::$Model_User is deprecated in APPPATH\Controllers\Auth.php on line 13.
 1 SYSTEMPATH\CodeIgniter.php(906): App\Controllers\Auth->__construct()
 2 SYSTEMPATH\CodeIgniter.php(490): CodeIgniter\CodeIgniter->createController()
 3 SYSTEMPATH\CodeIgniter.php(368): CodeIgniter\CodeIgniter->handleRequest(null, Object(Config\Cache), false)
 4 FCPATH\index.php(67): CodeIgniter\CodeIgniter->run()
INFO - 2023-07-18 05:28:04 --> Session: Class initialized using 'CodeIgniter\Session\Handlers\FileHandler' driver.
WARNING - 2023-07-18 05:28:17 --> [DEPRECATED] Creation of dynamic property App\Controllers\Auth::$Model_User is deprecated in APPPATH\Controllers\Auth.php on line 13.
 1 SYSTEMPATH\CodeIgniter.php(906): App\Controllers\Auth->__construct()
 2 SYSTEMPATH\CodeIgniter.php(490): CodeIgniter\CodeIgniter->createController()
 3 SYSTEMPATH\CodeIgniter.php(368): CodeIgniter\CodeIgniter->handleRequest(null, Object(Config\Cache), false)
 4 FCPATH\index.php(67): CodeIgniter\CodeIgniter->run()
INFO - 2023-07-18 05:28:17 --> Session: Class initialized using 'CodeIgniter\Session\Handlers\FileHandler' driver.
WARNING - 2023-07-18 05:28:17 --> [DEPRECATED] Creation of dynamic property App\Controllers\Auth::$Model_User is deprecated in APPPATH\Controllers\Auth.php on line 13.
 1 SYSTEMPATH\CodeIgniter.php(906): App\Controllers\Auth->__construct()
 2 SYSTEMPATH\CodeIgniter.php(490): CodeIgniter\CodeIgniter->createController()
 3 SYSTEMPATH\CodeIgniter.php(368): CodeIgniter\CodeIgniter->handleRequest(null, Object(Config\Cache), false)
 4 FCPATH\index.php(67): CodeIgniter\CodeIgniter->run()
INFO - 2023-07-18 05:28:17 --> Session: Class initialized using 'CodeIgniter\Session\Handlers\FileHandler' driver.
WARNING - 2023-07-18 05:30:01 --> [DEPRECATED] Creation of dynamic property App\Controllers\Auth::$Model_User is deprecated in APPPATH\Controllers\Auth.php on line 13.
 1 SYSTEMPATH\CodeIgniter.php(906): App\Controllers\Auth->__construct()
 2 SYSTEMPATH\CodeIgniter.php(490): CodeIgniter\CodeIgniter->createController()
 3 SYSTEMPATH\CodeIgniter.php(368): CodeIgniter\CodeIgniter->handleRequest(null, Object(Config\Cache), false)
 4 FCPATH\index.php(67): CodeIgniter\CodeIgniter->run()
INFO - 2023-07-18 05:30:01 --> Session: Class initialized using 'CodeIgniter\Session\Handlers\FileHandler' driver.
WARNING - 2023-07-18 05:30:05 --> [DEPRECATED] Creation of dynamic property App\Controllers\Input::$Model_Input is deprecated in APPPATH\Controllers\Input.php on line 16.
 1 SYSTEMPATH\CodeIgniter.php(906): App\Controllers\Input->__construct()
 2 SYSTEMPATH\CodeIgniter.php(490): CodeIgniter\CodeIgniter->createController()
 3 SYSTEMPATH\CodeIgniter.php(368): CodeIgniter\CodeIgniter->handleRequest(null, Object(Config\Cache), false)
 4 FCPATH\index.php(67): CodeIgniter\CodeIgniter->run()
INFO - 2023-07-18 05:30:05 --> Session: Class initialized using 'CodeIgniter\Session\Handlers\FileHandler' driver.
WARNING - 2023-07-18 05:30:08 --> [DEPRECATED] Creation of dynamic property App\Controllers\Input::$Model_Input is deprecated in APPPATH\Controllers\Input.php on line 16.
 1 SYSTEMPATH\CodeIgniter.php(906): App\Controllers\Input->__construct()
 2 SYSTEMPATH\CodeIgniter.php(490): CodeIgniter\CodeIgniter->createController()
 3 SYSTEMPATH\CodeIgniter.php(368): CodeIgniter\CodeIgniter->handleRequest(null, Object(Config\Cache), false)
 4 FCPATH\index.php(67): CodeIgniter\CodeIgniter->run()
INFO - 2023-07-18 05:30:08 --> Session: Class initialized using 'CodeIgniter\Session\Handlers\FileHandler' driver.
WARNING - 2023-07-18 05:32:31 --> [DEPRECATED] Creation of dynamic property App\Controllers\Auth::$Model_User is deprecated in APPPATH\Controllers\Auth.php on line 13.
 1 SYSTEMPATH\CodeIgniter.php(906): App\Controllers\Auth->__construct()
 2 SYSTEMPATH\CodeIgniter.php(490): CodeIgniter\CodeIgniter->createController()
 3 SYSTEMPATH\CodeIgniter.php(368): CodeIgniter\CodeIgniter->handleRequest(null, Object(Config\Cache), false)
 4 FCPATH\index.php(67): CodeIgniter\CodeIgniter->run()
INFO - 2023-07-18 05:32:31 --> Session: Class initialized using 'CodeIgniter\Session\Handlers\FileHandler' driver.
WARNING - 2023-07-18 05:32:31 --> [DEPRECATED] Creation of dynamic property App\Controllers\Auth::$Model_User is deprecated in APPPATH\Controllers\Auth.php on line 13.
 1 SYSTEMPATH\CodeIgniter.php(906): App\Controllers\Auth->__construct()
 2 SYSTEMPATH\CodeIgniter.php(490): CodeIgniter\CodeIgniter->createController()
 3 SYSTEMPATH\CodeIgniter.php(368): CodeIgniter\CodeIgniter->handleRequest(null, Object(Config\Cache), false)
 4 FCPATH\index.php(67): CodeIgniter\CodeIgniter->run()
INFO - 2023-07-18 05:32:31 --> Session: Class initialized using 'CodeIgniter\Session\Handlers\FileHandler' driver.
WARNING - 2023-07-18 05:32:35 --> [DEPRECATED] Creation of dynamic property App\Controllers\Auth::$Model_User is deprecated in APPPATH\Controllers\Auth.php on line 13.
 1 SYSTEMPATH\CodeIgniter.php(906): App\Controllers\Auth->__construct()
 2 SYSTEMPATH\CodeIgniter.php(490): CodeIgniter\CodeIgniter->createController()
 3 SYSTEMPATH\CodeIgniter.php(368): CodeIgniter\CodeIgniter->handleRequest(null, Object(Config\Cache), false)
 4 FCPATH\index.php(67): CodeIgniter\CodeIgniter->run()
INFO - 2023-07-18 05:32:35 --> Session: Class initialized using 'CodeIgniter\Session\Handlers\FileHandler' driver.
WARNING - 2023-07-18 05:33:20 --> [DEPRECATED] Creation of dynamic property App\Controllers\Auth::$Model_User is deprecated in APPPATH\Controllers\Auth.php on line 13.
 1 SYSTEMPATH\CodeIgniter.php(906): App\Controllers\Auth->__construct()
 2 SYSTEMPATH\CodeIgniter.php(490): CodeIgniter\CodeIgniter->createController()
 3 SYSTEMPATH\CodeIgniter.php(368): CodeIgniter\CodeIgniter->handleRequest(null, Object(Config\Cache), false)
 4 FCPATH\index.php(67): CodeIgniter\CodeIgniter->run()
INFO - 2023-07-18 05:33:20 --> Session: Class initialized using 'CodeIgniter\Session\Handlers\FileHandler' driver.
WARNING - 2023-07-18 05:34:53 --> [DEPRECATED] Creation of dynamic property App\Controllers\Auth::$Model_User is deprecated in APPPATH\Controllers\Auth.php on line 13.
 1 SYSTEMPATH\CodeIgniter.php(906): App\Controllers\Auth->__construct()
 2 SYSTEMPATH\CodeIgniter.php(490): CodeIgniter\CodeIgniter->createController()
 3 SYSTEMPATH\CodeIgniter.php(368): CodeIgniter\CodeIgniter->handleRequest(null, Object(Config\Cache), false)
 4 FCPATH\index.php(67): CodeIgniter\CodeIgniter->run()
INFO - 2023-07-18 05:34:53 --> Session: Class initialized using 'CodeIgniter\Session\Handlers\FileHandler' driver.
WARNING - 2023-07-18 05:35:13 --> [DEPRECATED] Creation of dynamic property App\Controllers\Auth::$Model_User is deprecated in APPPATH\Controllers\Auth.php on line 13.
 1 SYSTEMPATH\CodeIgniter.php(906): App\Controllers\Auth->__construct()
 2 SYSTEMPATH\CodeIgniter.php(490): CodeIgniter\CodeIgniter->createController()
 3 SYSTEMPATH\CodeIgniter.php(368): CodeIgniter\CodeIgniter->handleRequest(null, Object(Config\Cache), false)
 4 FCPATH\index.php(67): CodeIgniter\CodeIgniter->run()
INFO - 2023-07-18 05:35:13 --> Session: Class initialized using 'CodeIgniter\Session\Handlers\FileHandler' driver.
WARNING - 2023-07-18 05:36:04 --> [DEPRECATED] Creation of dynamic property App\Controllers\Auth::$Model_User is deprecated in APPPATH\Controllers\Auth.php on line 13.
 1 SYSTEMPATH\CodeIgniter.php(906): App\Controllers\Auth->__construct()
 2 SYSTEMPATH\CodeIgniter.php(490): CodeIgniter\CodeIgniter->createController()
 3 SYSTEMPATH\CodeIgniter.php(368): CodeIgniter\CodeIgniter->handleRequest(null, Object(Config\Cache), false)
 4 FCPATH\index.php(67): CodeIgniter\CodeIgniter->run()
INFO - 2023-07-18 05:36:04 --> Session: Class initialized using 'CodeIgniter\Session\Handlers\FileHandler' driver.
WARNING - 2023-07-18 05:36:37 --> [DEPRECATED] Creation of dynamic property App\Controllers\Auth::$Model_User is deprecated in APPPATH\Controllers\Auth.php on line 13.
 1 SYSTEMPATH\CodeIgniter.php(906): App\Controllers\Auth->__construct()
 2 SYSTEMPATH\CodeIgniter.php(490): CodeIgniter\CodeIgniter->createController()
 3 SYSTEMPATH\CodeIgniter.php(368): CodeIgniter\CodeIgniter->handleRequest(null, Object(Config\Cache), false)
 4 FCPATH\index.php(67): CodeIgniter\CodeIgniter->run()
INFO - 2023-07-18 05:36:37 --> Session: Class initialized using 'CodeIgniter\Session\Handlers\FileHandler' driver.
WARNING - 2023-07-18 05:36:54 --> [DEPRECATED] Creation of dynamic property App\Controllers\Auth::$Model_User is deprecated in APPPATH\Controllers\Auth.php on line 13.
 1 SYSTEMPATH\CodeIgniter.php(906): App\Controllers\Auth->__construct()
 2 SYSTEMPATH\CodeIgniter.php(490): CodeIgniter\CodeIgniter->createController()
 3 SYSTEMPATH\CodeIgniter.php(368): CodeIgniter\CodeIgniter->handleRequest(null, Object(Config\Cache), false)
 4 FCPATH\index.php(67): CodeIgniter\CodeIgniter->run()
INFO - 2023-07-18 05:36:54 --> Session: Class initialized using 'CodeIgniter\Session\Handlers\FileHandler' driver.
WARNING - 2023-07-18 05:36:54 --> [DEPRECATED] Creation of dynamic property App\Controllers\Auth::$Model_User is deprecated in APPPATH\Controllers\Auth.php on line 13.
 1 SYSTEMPATH\CodeIgniter.php(906): App\Controllers\Auth->__construct()
 2 SYSTEMPATH\CodeIgniter.php(490): CodeIgniter\CodeIgniter->createController()
 3 SYSTEMPATH\CodeIgniter.php(368): CodeIgniter\CodeIgniter->handleRequest(null, Object(Config\Cache), false)
 4 FCPATH\index.php(67): CodeIgniter\CodeIgniter->run()
INFO - 2023-07-18 05:36:54 --> Session: Class initialized using 'CodeIgniter\Session\Handlers\FileHandler' driver.
WARNING - 2023-07-18 05:37:07 --> [DEPRECATED] Creation of dynamic property App\Controllers\Auth::$Model_User is deprecated in APPPATH\Controllers\Auth.php on line 13.
 1 SYSTEMPATH\CodeIgniter.php(906): App\Controllers\Auth->__construct()
 2 SYSTEMPATH\CodeIgniter.php(490): CodeIgniter\CodeIgniter->createController()
 3 SYSTEMPATH\CodeIgniter.php(368): CodeIgniter\CodeIgniter->handleRequest(null, Object(Config\Cache), false)
 4 FCPATH\index.php(67): CodeIgniter\CodeIgniter->run()
INFO - 2023-07-18 05:37:08 --> Session: Class initialized using 'CodeIgniter\Session\Handlers\FileHandler' driver.
WARNING - 2023-07-18 05:37:46 --> [DEPRECATED] Creation of dynamic property App\Controllers\Auth::$Model_User is deprecated in APPPATH\Controllers\Auth.php on line 13.
 1 SYSTEMPATH\CodeIgniter.php(906): App\Controllers\Auth->__construct()
 2 SYSTEMPATH\CodeIgniter.php(490): CodeIgniter\CodeIgniter->createController()
 3 SYSTEMPATH\CodeIgniter.php(368): CodeIgniter\CodeIgniter->handleRequest(null, Object(Config\Cache), false)
 4 FCPATH\index.php(67): CodeIgniter\CodeIgniter->run()
WARNING - 2023-07-18 05:37:46 --> [DEPRECATED] Creation of dynamic property Config\App::$indexPage is deprecated in SYSTEMPATH\Helpers\url_helper.php on line 156.
 1 APPPATH\Views\user\v_user_login.php(9): base_url('assets/images/logo_icon.ico')
 2 SYSTEMPATH\View\View.php(213): include('C:\\xampp\\htdocs\\medifee\\app\\Views\\user\\v_user_login.php')
 3 SYSTEMPATH\View\View.php(216): CodeIgniter\View\View->CodeIgniter\View\{closure}()
 4 SYSTEMPATH\Common.php(1184): CodeIgniter\View\View->render('user/v_user_login', [], true)
 5 APPPATH\Controllers\Auth.php(24): view('user/v_user_login', [...])
 6 SYSTEMPATH\CodeIgniter.php(934): App\Controllers\Auth->Index()
 7 SYSTEMPATH\CodeIgniter.php(499): CodeIgniter\CodeIgniter->runController(Object(App\Controllers\Auth))
 8 SYSTEMPATH\CodeIgniter.php(368): CodeIgniter\CodeIgniter->handleRequest(null, Object(Config\Cache), false)
 9 FCPATH\index.php(67): CodeIgniter\CodeIgniter->run()
WARNING - 2023-07-18 05:37:46 --> [DEPRECATED] Creation of dynamic property Config\App::$indexPage is deprecated in SYSTEMPATH\Helpers\url_helper.php on line 156.
 1 APPPATH\Views\user\v_user_login.php(12): base_url('assets/plugins/vectormap/jquery-jvectormap-2.0.2.css')
 2 SYSTEMPATH\View\View.php(213): include('C:\\xampp\\htdocs\\medifee\\app\\Views\\user\\v_user_login.php')
 3 SYSTEMPATH\View\View.php(216): CodeIgniter\View\View->CodeIgniter\View\{closure}()
 4 SYSTEMPATH\Common.php(1184): CodeIgniter\View\View->render('user/v_user_login', [], true)
 5 APPPATH\Controllers\Auth.php(24): view('user/v_user_login', [...])
 6 SYSTEMPATH\CodeIgniter.php(934): App\Controllers\Auth->Index()
 7 SYSTEMPATH\CodeIgniter.php(499): CodeIgniter\CodeIgniter->runController(Object(App\Controllers\Auth))
 8 SYSTEMPATH\CodeIgniter.php(368): CodeIgniter\CodeIgniter->handleRequest(null, Object(Config\Cache), false)
 9 FCPATH\index.php(67): CodeIgniter\CodeIgniter->run()
WARNING - 2023-07-18 05:37:46 --> [DEPRECATED] Creation of dynamic property Config\App::$indexPage is deprecated in SYSTEMPATH\Helpers\url_helper.php on line 156.
 1 APPPATH\Views\user\v_user_login.php(13): base_url('assets/plugins/simplebar/css/simplebar.css')
 2 SYSTEMPATH\View\View.php(213): include('C:\\xampp\\htdocs\\medifee\\app\\Views\\user\\v_user_login.php')
 3 SYSTEMPATH\View\View.php(216): CodeIgniter\View\View->CodeIgniter\View\{closure}()
 4 SYSTEMPATH\Common.php(1184): CodeIgniter\View\View->render('user/v_user_login', [], true)
 5 APPPATH\Controllers\Auth.php(24): view('user/v_user_login', [...])
 6 SYSTEMPATH\CodeIgniter.php(934): App\Controllers\Auth->Index()
 7 SYSTEMPATH\CodeIgniter.php(499): CodeIgniter\CodeIgniter->runController(Object(App\Controllers\Auth))
 8 SYSTEMPATH\CodeIgniter.php(368): CodeIgniter\CodeIgniter->handleRequest(null, Object(Config\Cache), false)
 9 FCPATH\index.php(67): CodeIgniter\CodeIgniter->run()
WARNING - 2023-07-18 05:37:46 --> [DEPRECATED] Creation of dynamic property Config\App::$indexPage is deprecated in SYSTEMPATH\Helpers\url_helper.php on line 156.
 1 APPPATH\Views\user\v_user_login.php(14): base_url('assets/plugins/perfect-scrollbar/css/perfect-scrollbar.css')
 2 SYSTEMPATH\View\View.php(213): include('C:\\xampp\\htdocs\\medifee\\app\\Views\\user\\v_user_login.php')
 3 SYSTEMPATH\View\View.php(216): CodeIgniter\View\View->CodeIgniter\View\{closure}()
 4 SYSTEMPATH\Common.php(1184): CodeIgniter\View\View->render('user/v_user_login', [], true)
 5 APPPATH\Controllers\Auth.php(24): view('user/v_user_login', [...])
 6 SYSTEMPATH\CodeIgniter.php(934): App\Controllers\Auth->Index()
 7 SYSTEMPATH\CodeIgniter.php(499): CodeIgniter\CodeIgniter->runController(Object(App\Controllers\Auth))
 8 SYSTEMPATH\CodeIgniter.php(368): CodeIgniter\CodeIgniter->handleRequest(null, Object(Config\Cache), false)
 9 FCPATH\index.php(67): CodeIgniter\CodeIgniter->run()
WARNING - 2023-07-18 05:37:46 --> [DEPRECATED] Creation of dynamic property Config\App::$indexPage is deprecated in SYSTEMPATH\Helpers\url_helper.php on line 156.
 1 APPPATH\Views\user\v_user_login.php(15): base_url('assets/plugins/metismenu/css/metisMenu.min.css')
 2 SYSTEMPATH\View\View.php(213): include('C:\\xampp\\htdocs\\medifee\\app\\Views\\user\\v_user_login.php')
 3 SYSTEMPATH\View\View.php(216): CodeIgniter\View\View->CodeIgniter\View\{closure}()
 4 SYSTEMPATH\Common.php(1184): CodeIgniter\View\View->render('user/v_user_login', [], true)
 5 APPPATH\Controllers\Auth.php(24): view('user/v_user_login', [...])
 6 SYSTEMPATH\CodeIgniter.php(934): App\Controllers\Auth->Index()
 7 SYSTEMPATH\CodeIgniter.php(499): CodeIgniter\CodeIgniter->runController(Object(App\Controllers\Auth))
 8 SYSTEMPATH\CodeIgniter.php(368): CodeIgniter\CodeIgniter->handleRequest(null, Object(Config\Cache), false)
 9 FCPATH\index.php(67): CodeIgniter\CodeIgniter->run()
WARNING - 2023-07-18 05:37:46 --> [DEPRECATED] Creation of dynamic property Config\App::$indexPage is deprecated in SYSTEMPATH\Helpers\url_helper.php on line 156.
 1 APPPATH\Views\user\v_user_login.php(17): base_url('assets/plugins/datetimepicker/css/classic.css')
 2 SYSTEMPATH\View\View.php(213): include('C:\\xampp\\htdocs\\medifee\\app\\Views\\user\\v_user_login.php')
 3 SYSTEMPATH\View\View.php(216): CodeIgniter\View\View->CodeIgniter\View\{closure}()
 4 SYSTEMPATH\Common.php(1184): CodeIgniter\View\View->render('user/v_user_login', [], true)
 5 APPPATH\Controllers\Auth.php(24): view('user/v_user_login', [...])
 6 SYSTEMPATH\CodeIgniter.php(934): App\Controllers\Auth->Index()
 7 SYSTEMPATH\CodeIgniter.php(499): CodeIgniter\CodeIgniter->runController(Object(App\Controllers\Auth))
 8 SYSTEMPATH\CodeIgniter.php(368): CodeIgniter\CodeIgniter->handleRequest(null, Object(Config\Cache), false)
 9 FCPATH\index.php(67): CodeIgniter\CodeIgniter->run()
WARNING - 2023-07-18 05:37:46 --> [DEPRECATED] Creation of dynamic property Config\App::$indexPage is deprecated in SYSTEMPATH\Helpers\url_helper.php on line 156.
 1 APPPATH\Views\user\v_user_login.php(18): base_url('assets/plugins/datetimepicker/css/classic.time.css')
 2 SYSTEMPATH\View\View.php(213): include('C:\\xampp\\htdocs\\medifee\\app\\Views\\user\\v_user_login.php')
 3 SYSTEMPATH\View\View.php(216): CodeIgniter\View\View->CodeIgniter\View\{closure}()
 4 SYSTEMPATH\Common.php(1184): CodeIgniter\View\View->render('user/v_user_login', [], true)
 5 APPPATH\Controllers\Auth.php(24): view('user/v_user_login', [...])
 6 SYSTEMPATH\CodeIgniter.php(934): App\Controllers\Auth->Index()
 7 SYSTEMPATH\CodeIgniter.php(499): CodeIgniter\CodeIgniter->runController(Object(App\Controllers\Auth))
 8 SYSTEMPATH\CodeIgniter.php(368): CodeIgniter\CodeIgniter->handleRequest(null, Object(Config\Cache), false)
 9 FCPATH\index.php(67): CodeIgniter\CodeIgniter->run()
WARNING - 2023-07-18 05:37:46 --> [DEPRECATED] Creation of dynamic property Config\App::$indexPage is deprecated in SYSTEMPATH\Helpers\url_helper.php on line 156.
 1 APPPATH\Views\user\v_user_login.php(19): base_url('assets/plugins/datetimepicker/css/classic.date.css')
 2 SYSTEMPATH\View\View.php(213): include('C:\\xampp\\htdocs\\medifee\\app\\Views\\user\\v_user_login.php')
 3 SYSTEMPATH\View\View.php(216): CodeIgniter\View\View->CodeIgniter\View\{closure}()
 4 SYSTEMPATH\Common.php(1184): CodeIgniter\View\View->render('user/v_user_login', [], true)
 5 APPPATH\Controllers\Auth.php(24): view('user/v_user_login', [...])
 6 SYSTEMPATH\CodeIgniter.php(934): App\Controllers\Auth->Index()
 7 SYSTEMPATH\CodeIgniter.php(499): CodeIgniter\CodeIgniter->runController(Object(App\Controllers\Auth))
 8 SYSTEMPATH\CodeIgniter.php(368): CodeIgniter\CodeIgniter->handleRequest(null, Object(Config\Cache), false)
 9 FCPATH\index.php(67): CodeIgniter\CodeIgniter->run()
WARNING - 2023-07-18 05:37:46 --> [DEPRECATED] Creation of dynamic property Config\App::$indexPage is deprecated in SYSTEMPATH\Helpers\url_helper.php on line 156.
 1 APPPATH\Views\user\v_user_login.php(20): base_url('assets/plugins/bootstrap-material-datetimepicker/css/bootstrap-material-datetimepicker.min.css')
 2 SYSTEMPATH\View\View.php(213): include('C:\\xampp\\htdocs\\medifee\\app\\Views\\user\\v_user_login.php')
 3 SYSTEMPATH\View\View.php(216): CodeIgniter\View\View->CodeIgniter\View\{closure}()
 4 SYSTEMPATH\Common.php(1184): CodeIgniter\View\View->render('user/v_user_login', [], true)
 5 APPPATH\Controllers\Auth.php(24): view('user/v_user_login', [...])
 6 SYSTEMPATH\CodeIgniter.php(934): App\Controllers\Auth->Index()
 7 SYSTEMPATH\CodeIgniter.php(499): CodeIgniter\CodeIgniter->runController(Object(App\Controllers\Auth))
 8 SYSTEMPATH\CodeIgniter.php(368): CodeIgniter\CodeIgniter->handleRequest(null, Object(Config\Cache), false)
 9 FCPATH\index.php(67): CodeIgniter\CodeIgniter->run()
WARNING - 2023-07-18 05:37:46 --> [DEPRECATED] Creation of dynamic property Config\App::$indexPage is deprecated in SYSTEMPATH\Helpers\url_helper.php on line 156.
 1 APPPATH\Views\user\v_user_login.php(22): base_url('assets/css/pace.min.css')
 2 SYSTEMPATH\View\View.php(213): include('C:\\xampp\\htdocs\\medifee\\app\\Views\\user\\v_user_login.php')
 3 SYSTEMPATH\View\View.php(216): CodeIgniter\View\View->CodeIgniter\View\{closure}()
 4 SYSTEMPATH\Common.php(1184): CodeIgniter\View\View->render('user/v_user_login', [], true)
 5 APPPATH\Controllers\Auth.php(24): view('user/v_user_login', [...])
 6 SYSTEMPATH\CodeIgniter.php(934): App\Controllers\Auth->Index()
 7 SYSTEMPATH\CodeIgniter.php(499): CodeIgniter\CodeIgniter->runController(Object(App\Controllers\Auth))
 8 SYSTEMPATH\CodeIgniter.php(368): CodeIgniter\CodeIgniter->handleRequest(null, Object(Config\Cache), false)
 9 FCPATH\index.php(67): CodeIgniter\CodeIgniter->run()
WARNING - 2023-07-18 05:37:46 --> [DEPRECATED] Creation of dynamic property Config\App::$indexPage is deprecated in SYSTEMPATH\Helpers\url_helper.php on line 156.
 1 APPPATH\Views\user\v_user_login.php(23): base_url('assets/js/pace.min.js')
 2 SYSTEMPATH\View\View.php(213): include('C:\\xampp\\htdocs\\medifee\\app\\Views\\user\\v_user_login.php')
 3 SYSTEMPATH\View\View.php(216): CodeIgniter\View\View->CodeIgniter\View\{closure}()
 4 SYSTEMPATH\Common.php(1184): CodeIgniter\View\View->render('user/v_user_login', [], true)
 5 APPPATH\Controllers\Auth.php(24): view('user/v_user_login', [...])
 6 SYSTEMPATH\CodeIgniter.php(934): App\Controllers\Auth->Index()
 7 SYSTEMPATH\CodeIgniter.php(499): CodeIgniter\CodeIgniter->runController(Object(App\Controllers\Auth))
 8 SYSTEMPATH\CodeIgniter.php(368): CodeIgniter\CodeIgniter->handleRequest(null, Object(Config\Cache), false)
 9 FCPATH\index.php(67): CodeIgniter\CodeIgniter->run()
WARNING - 2023-07-18 05:37:46 --> [DEPRECATED] Creation of dynamic property Config\App::$indexPage is deprecated in SYSTEMPATH\Helpers\url_helper.php on line 156.
 1 APPPATH\Views\user\v_user_login.php(25): base_url('assets/css/bootstrap.min.css')
 2 SYSTEMPATH\View\View.php(213): include('C:\\xampp\\htdocs\\medifee\\app\\Views\\user\\v_user_login.php')
 3 SYSTEMPATH\View\View.php(216): CodeIgniter\View\View->CodeIgniter\View\{closure}()
 4 SYSTEMPATH\Common.php(1184): CodeIgniter\View\View->render('user/v_user_login', [], true)
 5 APPPATH\Controllers\Auth.php(24): view('user/v_user_login', [...])
 6 SYSTEMPATH\CodeIgniter.php(934): App\Controllers\Auth->Index()
 7 SYSTEMPATH\CodeIgniter.php(499): CodeIgniter\CodeIgniter->runController(Object(App\Controllers\Auth))
 8 SYSTEMPATH\CodeIgniter.php(368): CodeIgniter\CodeIgniter->handleRequest(null, Object(Config\Cache), false)
 9 FCPATH\index.php(67): CodeIgniter\CodeIgniter->run()
WARNING - 2023-07-18 05:37:46 --> [DEPRECATED] Creation of dynamic property Config\App::$indexPage is deprecated in SYSTEMPATH\Helpers\url_helper.php on line 156.
 1 APPPATH\Views\user\v_user_login.php(26): base_url('assets/css/bootstrap-extended.css')
 2 SYSTEMPATH\View\View.php(213): include('C:\\xampp\\htdocs\\medifee\\app\\Views\\user\\v_user_login.php')
 3 SYSTEMPATH\View\View.php(216): CodeIgniter\View\View->CodeIgniter\View\{closure}()
 4 SYSTEMPATH\Common.php(1184): CodeIgniter\View\View->render('user/v_user_login', [], true)
 5 APPPATH\Controllers\Auth.php(24): view('user/v_user_login', [...])
 6 SYSTEMPATH\CodeIgniter.php(934): App\Controllers\Auth->Index()
 7 SYSTEMPATH\CodeIgniter.php(499): CodeIgniter\CodeIgniter->runController(Object(App\Controllers\Auth))
 8 SYSTEMPATH\CodeIgniter.php(368): CodeIgniter\CodeIgniter->handleRequest(null, Object(Config\Cache), false)
 9 FCPATH\index.php(67): CodeIgniter\CodeIgniter->run()
WARNING - 2023-07-18 05:37:46 --> [DEPRECATED] Creation of dynamic property Config\App::$indexPage is deprecated in SYSTEMPATH\Helpers\url_helper.php on line 156.
 1 APPPATH\Views\user\v_user_login.php(27): base_url('assets/fonts/font.css')
 2 SYSTEMPATH\View\View.php(213): include('C:\\xampp\\htdocs\\medifee\\app\\Views\\user\\v_user_login.php')
 3 SYSTEMPATH\View\View.php(216): CodeIgniter\View\View->CodeIgniter\View\{closure}()
 4 SYSTEMPATH\Common.php(1184): CodeIgniter\View\View->render('user/v_user_login', [], true)
 5 APPPATH\Controllers\Auth.php(24): view('user/v_user_login', [...])
 6 SYSTEMPATH\CodeIgniter.php(934): App\Controllers\Auth->Index()
 7 SYSTEMPATH\CodeIgniter.php(499): CodeIgniter\CodeIgniter->runController(Object(App\Controllers\Auth))
 8 SYSTEMPATH\CodeIgniter.php(368): CodeIgniter\CodeIgniter->handleRequest(null, Object(Config\Cache), false)
 9 FCPATH\index.php(67): CodeIgniter\CodeIgniter->run()
WARNING - 2023-07-18 05:37:46 --> [DEPRECATED] Creation of dynamic property Config\App::$indexPage is deprecated in SYSTEMPATH\Helpers\url_helper.php on line 156.
 1 APPPATH\Views\user\v_user_login.php(28): base_url('assets/css/app.css')
 2 SYSTEMPATH\View\View.php(213): include('C:\\xampp\\htdocs\\medifee\\app\\Views\\user\\v_user_login.php')
 3 SYSTEMPATH\View\View.php(216): CodeIgniter\View\View->CodeIgniter\View\{closure}()
 4 SYSTEMPATH\Common.php(1184): CodeIgniter\View\View->render('user/v_user_login', [], true)
 5 APPPATH\Controllers\Auth.php(24): view('user/v_user_login', [...])
 6 SYSTEMPATH\CodeIgniter.php(934): App\Controllers\Auth->Index()
 7 SYSTEMPATH\CodeIgniter.php(499): CodeIgniter\CodeIgniter->runController(Object(App\Controllers\Auth))
 8 SYSTEMPATH\CodeIgniter.php(368): CodeIgniter\CodeIgniter->handleRequest(null, Object(Config\Cache), false)
 9 FCPATH\index.php(67): CodeIgniter\CodeIgniter->run()
WARNING - 2023-07-18 05:37:46 --> [DEPRECATED] Creation of dynamic property Config\App::$indexPage is deprecated in SYSTEMPATH\Helpers\url_helper.php on line 156.
 1 APPPATH\Views\user\v_user_login.php(29): base_url('assets/css/icons.css')
 2 SYSTEMPATH\View\View.php(213): include('C:\\xampp\\htdocs\\medifee\\app\\Views\\user\\v_user_login.php')
 3 SYSTEMPATH\View\View.php(216): CodeIgniter\View\View->CodeIgniter\View\{closure}()
 4 SYSTEMPATH\Common.php(1184): CodeIgniter\View\View->render('user/v_user_login', [], true)
 5 APPPATH\Controllers\Auth.php(24): view('user/v_user_login', [...])
 6 SYSTEMPATH\CodeIgniter.php(934): App\Controllers\Auth->Index()
 7 SYSTEMPATH\CodeIgniter.php(499): CodeIgniter\CodeIgniter->runController(Object(App\Controllers\Auth))
 8 SYSTEMPATH\CodeIgniter.php(368): CodeIgniter\CodeIgniter->handleRequest(null, Object(Config\Cache), false)
 9 FCPATH\index.php(67): CodeIgniter\CodeIgniter->run()
WARNING - 2023-07-18 05:37:46 --> [DEPRECATED] Creation of dynamic property Config\App::$indexPage is deprecated in SYSTEMPATH\Helpers\url_helper.php on line 156.
 1 APPPATH\Views\user\v_user_login.php(31): base_url('assets/css/dark-theme.css')
 2 SYSTEMPATH\View\View.php(213): include('C:\\xampp\\htdocs\\medifee\\app\\Views\\user\\v_user_login.php')
 3 SYSTEMPATH\View\View.php(216): CodeIgniter\View\View->CodeIgniter\View\{closure}()
 4 SYSTEMPATH\Common.php(1184): CodeIgniter\View\View->render('user/v_user_login', [], true)
 5 APPPATH\Controllers\Auth.php(24): view('user/v_user_login', [...])
 6 SYSTEMPATH\CodeIgniter.php(934): App\Controllers\Auth->Index()
 7 SYSTEMPATH\CodeIgniter.php(499): CodeIgniter\CodeIgniter->runController(Object(App\Controllers\Auth))
 8 SYSTEMPATH\CodeIgniter.php(368): CodeIgniter\CodeIgniter->handleRequest(null, Object(Config\Cache), false)
 9 FCPATH\index.php(67): CodeIgniter\CodeIgniter->run()
WARNING - 2023-07-18 05:37:46 --> [DEPRECATED] Creation of dynamic property Config\App::$indexPage is deprecated in SYSTEMPATH\Helpers\url_helper.php on line 156.
 1 APPPATH\Views\user\v_user_login.php(32): base_url('assets/css/semi-dark.css')
 2 SYSTEMPATH\View\View.php(213): include('C:\\xampp\\htdocs\\medifee\\app\\Views\\user\\v_user_login.php')
 3 SYSTEMPATH\View\View.php(216): CodeIgniter\View\View->CodeIgniter\View\{closure}()
 4 SYSTEMPATH\Common.php(1184): CodeIgniter\View\View->render('user/v_user_login', [], true)
 5 APPPATH\Controllers\Auth.php(24): view('user/v_user_login', [...])
 6 SYSTEMPATH\CodeIgniter.php(934): App\Controllers\Auth->Index()
 7 SYSTEMPATH\CodeIgniter.php(499): CodeIgniter\CodeIgniter->runController(Object(App\Controllers\Auth))
 8 SYSTEMPATH\CodeIgniter.php(368): CodeIgniter\CodeIgniter->handleRequest(null, Object(Config\Cache), false)
 9 FCPATH\index.php(67): CodeIgniter\CodeIgniter->run()
WARNING - 2023-07-18 05:37:46 --> [DEPRECATED] Creation of dynamic property Config\App::$indexPage is deprecated in SYSTEMPATH\Helpers\url_helper.php on line 156.
 1 APPPATH\Views\user\v_user_login.php(33): base_url('assets/css/header-colors.css')
 2 SYSTEMPATH\View\View.php(213): include('C:\\xampp\\htdocs\\medifee\\app\\Views\\user\\v_user_login.php')
 3 SYSTEMPATH\View\View.php(216): CodeIgniter\View\View->CodeIgniter\View\{closure}()
 4 SYSTEMPATH\Common.php(1184): CodeIgniter\View\View->render('user/v_user_login', [], true)
 5 APPPATH\Controllers\Auth.php(24): view('user/v_user_login', [...])
 6 SYSTEMPATH\CodeIgniter.php(934): App\Controllers\Auth->Index()
 7 SYSTEMPATH\CodeIgniter.php(499): CodeIgniter\CodeIgniter->runController(Object(App\Controllers\Auth))
 8 SYSTEMPATH\CodeIgniter.php(368): CodeIgniter\CodeIgniter->handleRequest(null, Object(Config\Cache), false)
 9 FCPATH\index.php(67): CodeIgniter\CodeIgniter->run()
WARNING - 2023-07-18 05:37:46 --> [DEPRECATED] Creation of dynamic property Config\App::$indexPage is deprecated in SYSTEMPATH\Helpers\url_helper.php on line 156.
 1 APPPATH\Views\user\v_user_login.php(35): base_url('assets/plugins/datatable/css/dataTables.bootstrap5.min.css')
 2 SYSTEMPATH\View\View.php(213): include('C:\\xampp\\htdocs\\medifee\\app\\Views\\user\\v_user_login.php')
 3 SYSTEMPATH\View\View.php(216): CodeIgniter\View\View->CodeIgniter\View\{closure}()
 4 SYSTEMPATH\Common.php(1184): CodeIgniter\View\View->render('user/v_user_login', [], true)
 5 APPPATH\Controllers\Auth.php(24): view('user/v_user_login', [...])
 6 SYSTEMPATH\CodeIgniter.php(934): App\Controllers\Auth->Index()
 7 SYSTEMPATH\CodeIgniter.php(499): CodeIgniter\CodeIgniter->runController(Object(App\Controllers\Auth))
 8 SYSTEMPATH\CodeIgniter.php(368): CodeIgniter\CodeIgniter->handleRequest(null, Object(Config\Cache), false)
 9 FCPATH\index.php(67): CodeIgniter\CodeIgniter->run()
WARNING - 2023-07-18 05:37:46 --> [DEPRECATED] Creation of dynamic property Config\App::$indexPage is deprecated in SYSTEMPATH\Helpers\url_helper.php on line 156.
 1 APPPATH\Views\user\v_user_login.php(38): base_url('assets/plugins/sweetalert2/sweetalert2.min.css')
 2 SYSTEMPATH\View\View.php(213): include('C:\\xampp\\htdocs\\medifee\\app\\Views\\user\\v_user_login.php')
 3 SYSTEMPATH\View\View.php(216): CodeIgniter\View\View->CodeIgniter\View\{closure}()
 4 SYSTEMPATH\Common.php(1184): CodeIgniter\View\View->render('user/v_user_login', [], true)
 5 APPPATH\Controllers\Auth.php(24): view('user/v_user_login', [...])
 6 SYSTEMPATH\CodeIgniter.php(934): App\Controllers\Auth->Index()
 7 SYSTEMPATH\CodeIgniter.php(499): CodeIgniter\CodeIgniter->runController(Object(App\Controllers\Auth))
 8 SYSTEMPATH\CodeIgniter.php(368): CodeIgniter\CodeIgniter->handleRequest(null, Object(Config\Cache), false)
 9 FCPATH\index.php(67): CodeIgniter\CodeIgniter->run()
WARNING - 2023-07-18 05:37:46 --> [DEPRECATED] Creation of dynamic property Config\App::$indexPage is deprecated in SYSTEMPATH\Helpers\url_helper.php on line 156.
 1 APPPATH\Views\user\v_user_login.php(53): base_url('assets/images/logo_depan.png')
 2 SYSTEMPATH\View\View.php(213): include('C:\\xampp\\htdocs\\medifee\\app\\Views\\user\\v_user_login.php')
 3 SYSTEMPATH\View\View.php(216): CodeIgniter\View\View->CodeIgniter\View\{closure}()
 4 SYSTEMPATH\Common.php(1184): CodeIgniter\View\View->render('user/v_user_login', [], true)
 5 APPPATH\Controllers\Auth.php(24): view('user/v_user_login', [...])
 6 SYSTEMPATH\CodeIgniter.php(934): App\Controllers\Auth->Index()
 7 SYSTEMPATH\CodeIgniter.php(499): CodeIgniter\CodeIgniter->runController(Object(App\Controllers\Auth))
 8 SYSTEMPATH\CodeIgniter.php(368): CodeIgniter\CodeIgniter->handleRequest(null, Object(Config\Cache), false)
 9 FCPATH\index.php(67): CodeIgniter\CodeIgniter->run()
INFO - 2023-07-18 05:37:46 --> Session: Class initialized using 'CodeIgniter\Session\Handlers\FileHandler' driver.
CRITICAL - 2023-07-18 05:37:46 --> Undefined property: Config\App::$indexPage
in SYSTEMPATH\Helpers\url_helper.php on line 88.
 1 SYSTEMPATH\Helpers\url_helper.php(88): CodeIgniter\Debug\Exceptions->errorHandler(2, 'Undefined property: Config\\App::$indexPage', 'C:\\xampp\\htdocs\\medifee\\vendor\\codeigniter4\\framework\\system\\Helpers\\url_helper.php', 88)
 2 SYSTEMPATH\Helpers\url_helper.php(118): _get_uri('Auth/Cek_Login', Object(Config\App))
 3 SYSTEMPATH\Helpers\form_helper.php(39): site_url('Auth/Cek_Login')
 4 APPPATH\Views\user\v_user_login.php(87): form_open('Auth/Cek_Login')
 5 SYSTEMPATH\View\View.php(213): include('C:\\xampp\\htdocs\\medifee\\app\\Views\\user\\v_user_login.php')
 6 SYSTEMPATH\View\View.php(216): CodeIgniter\View\View->CodeIgniter\View\{closure}()
 7 SYSTEMPATH\Common.php(1184): CodeIgniter\View\View->render('user/v_user_login', [], true)
 8 APPPATH\Controllers\Auth.php(24): view('user/v_user_login', [...])
 9 SYSTEMPATH\CodeIgniter.php(934): App\Controllers\Auth->Index()
10 SYSTEMPATH\CodeIgniter.php(499): CodeIgniter\CodeIgniter->runController(Object(App\Controllers\Auth))
11 SYSTEMPATH\CodeIgniter.php(368): CodeIgniter\CodeIgniter->handleRequest(null, Object(Config\Cache), false)
12 FCPATH\index.php(67): CodeIgniter\CodeIgniter->run()
WARNING - 2023-07-18 05:38:21 --> [DEPRECATED] Creation of dynamic property App\Controllers\Auth::$Model_User is deprecated in APPPATH\Controllers\Auth.php on line 13.
 1 SYSTEMPATH\CodeIgniter.php(906): App\Controllers\Auth->__construct()
 2 SYSTEMPATH\CodeIgniter.php(490): CodeIgniter\CodeIgniter->createController()
 3 SYSTEMPATH\CodeIgniter.php(368): CodeIgniter\CodeIgniter->handleRequest(null, Object(Config\Cache), false)
 4 FCPATH\index.php(67): CodeIgniter\CodeIgniter->run()
INFO - 2023-07-18 05:38:21 --> Session: Class initialized using 'CodeIgniter\Session\Handlers\FileHandler' driver.
WARNING - 2023-07-18 05:38:35 --> [DEPRECATED] Creation of dynamic property App\Controllers\Auth::$Model_User is deprecated in APPPATH\Controllers\Auth.php on line 13.
 1 SYSTEMPATH\CodeIgniter.php(906): App\Controllers\Auth->__construct()
 2 SYSTEMPATH\CodeIgniter.php(490): CodeIgniter\CodeIgniter->createController()
 3 SYSTEMPATH\CodeIgniter.php(368): CodeIgniter\CodeIgniter->handleRequest(null, Object(Config\Cache), false)
 4 FCPATH\index.php(67): CodeIgniter\CodeIgniter->run()
INFO - 2023-07-18 05:38:35 --> Session: Class initialized using 'CodeIgniter\Session\Handlers\FileHandler' driver.
WARNING - 2023-07-18 05:39:46 --> [DEPRECATED] Creation of dynamic property App\Controllers\Auth::$Model_User is deprecated in APPPATH\Controllers\Auth.php on line 13.
 1 SYSTEMPATH\CodeIgniter.php(906): App\Controllers\Auth->__construct()
 2 SYSTEMPATH\CodeIgniter.php(490): CodeIgniter\CodeIgniter->createController()
 3 SYSTEMPATH\CodeIgniter.php(368): CodeIgniter\CodeIgniter->handleRequest(null, Object(Config\Cache), false)
 4 FCPATH\index.php(67): CodeIgniter\CodeIgniter->run()
INFO - 2023-07-18 05:39:46 --> Session: Class initialized using 'CodeIgniter\Session\Handlers\FileHandler' driver.
WARNING - 2023-07-18 05:39:53 --> [DEPRECATED] Creation of dynamic property App\Controllers\Auth::$Model_User is deprecated in APPPATH\Controllers\Auth.php on line 13.
 1 SYSTEMPATH\CodeIgniter.php(906): App\Controllers\Auth->__construct()
 2 SYSTEMPATH\CodeIgniter.php(490): CodeIgniter\CodeIgniter->createController()
 3 SYSTEMPATH\CodeIgniter.php(368): CodeIgniter\CodeIgniter->handleRequest(null, Object(Config\Cache), false)
 4 FCPATH\index.php(67): CodeIgniter\CodeIgniter->run()
INFO - 2023-07-18 05:39:53 --> Session: Class initialized using 'CodeIgniter\Session\Handlers\FileHandler' driver.
WARNING - 2023-07-18 05:40:18 --> [DEPRECATED] Creation of dynamic property App\Controllers\Input::$Model_Input is deprecated in APPPATH\Controllers\Input.php on line 16.
 1 SYSTEMPATH\CodeIgniter.php(906): App\Controllers\Input->__construct()
 2 SYSTEMPATH\CodeIgniter.php(490): CodeIgniter\CodeIgniter->createController()
 3 SYSTEMPATH\CodeIgniter.php(368): CodeIgniter\CodeIgniter->handleRequest(null, Object(Config\Cache), false)
 4 FCPATH\index.php(67): CodeIgniter\CodeIgniter->run()
INFO - 2023-07-18 05:40:18 --> Session: Class initialized using 'CodeIgniter\Session\Handlers\FileHandler' driver.
WARNING - 2023-07-18 05:51:54 --> [DEPRECATED] Creation of dynamic property App\Controllers\Auth::$Model_User is deprecated in APPPATH\Controllers\Auth.php on line 13.
 1 SYSTEMPATH\CodeIgniter.php(906): App\Controllers\Auth->__construct()
 2 SYSTEMPATH\CodeIgniter.php(490): CodeIgniter\CodeIgniter->createController()
 3 SYSTEMPATH\CodeIgniter.php(368): CodeIgniter\CodeIgniter->handleRequest(null, Object(Config\Cache), false)
 4 FCPATH\index.php(67): CodeIgniter\CodeIgniter->run()
INFO - 2023-07-18 05:51:54 --> Session: Class initialized using 'CodeIgniter\Session\Handlers\FileHandler' driver.
WARNING - 2023-07-18 05:52:00 --> [DEPRECATED] Creation of dynamic property App\Controllers\Auth::$Model_User is deprecated in APPPATH\Controllers\Auth.php on line 13.
 1 SYSTEMPATH\CodeIgniter.php(906): App\Controllers\Auth->__construct()
 2 SYSTEMPATH\CodeIgniter.php(490): CodeIgniter\CodeIgniter->createController()
 3 SYSTEMPATH\CodeIgniter.php(368): CodeIgniter\CodeIgniter->handleRequest(null, Object(Config\Cache), false)
 4 FCPATH\index.php(67): CodeIgniter\CodeIgniter->run()
INFO - 2023-07-18 05:52:00 --> Session: Class initialized using 'CodeIgniter\Session\Handlers\FileHandler' driver.
WARNING - 2023-07-18 05:52:02 --> [DEPRECATED] Creation of dynamic property App\Controllers\Input::$Model_Input is deprecated in APPPATH\Controllers\Input.php on line 16.
 1 SYSTEMPATH\CodeIgniter.php(906): App\Controllers\Input->__construct()
 2 SYSTEMPATH\CodeIgniter.php(490): CodeIgniter\CodeIgniter->createController()
 3 SYSTEMPATH\CodeIgniter.php(368): CodeIgniter\CodeIgniter->handleRequest(null, Object(Config\Cache), false)
 4 FCPATH\index.php(67): CodeIgniter\CodeIgniter->run()
INFO - 2023-07-18 05:52:02 --> Session: Class initialized using 'CodeIgniter\Session\Handlers\FileHandler' driver.
WARNING - 2023-07-18 21:17:19 --> [DEPRECATED] Creation of dynamic property App\Controllers\Auth::$Model_User is deprecated in APPPATH\Controllers\Auth.php on line 13.
 1 SYSTEMPATH\CodeIgniter.php(906): App\Controllers\Auth->__construct()
 2 SYSTEMPATH\CodeIgniter.php(490): CodeIgniter\CodeIgniter->createController()
 3 SYSTEMPATH\CodeIgniter.php(368): CodeIgniter\CodeIgniter->handleRequest(null, Object(Config\Cache), false)
 4 FCPATH\index.php(67): CodeIgniter\CodeIgniter->run()
INFO - 2023-07-18 21:17:19 --> Session: Class initialized using 'CodeIgniter\Session\Handlers\FileHandler' driver.
WARNING - 2023-07-18 21:17:25 --> [DEPRECATED] Creation of dynamic property App\Controllers\Auth::$Model_User is deprecated in APPPATH\Controllers\Auth.php on line 13.
 1 SYSTEMPATH\CodeIgniter.php(906): App\Controllers\Auth->__construct()
 2 SYSTEMPATH\CodeIgniter.php(490): CodeIgniter\CodeIgniter->createController()
 3 SYSTEMPATH\CodeIgniter.php(368): CodeIgniter\CodeIgniter->handleRequest(null, Object(Config\Cache), false)
 4 FCPATH\index.php(67): CodeIgniter\CodeIgniter->run()
INFO - 2023-07-18 21:17:25 --> Session: Class initialized using 'CodeIgniter\Session\Handlers\FileHandler' driver.
INFO - 2023-07-18 14:17:25 --> Session: Class initialized using 'CodeIgniter\Session\Handlers\FileHandler' driver.
WARNING - 2023-07-18 21:17:30 --> [DEPRECATED] Creation of dynamic property App\Controllers\Input::$Model_Input is deprecated in APPPATH\Controllers\Input.php on line 16.
 1 SYSTEMPATH\CodeIgniter.php(906): App\Controllers\Input->__construct()
 2 SYSTEMPATH\CodeIgniter.php(490): CodeIgniter\CodeIgniter->createController()
 3 SYSTEMPATH\CodeIgniter.php(368): CodeIgniter\CodeIgniter->handleRequest(null, Object(Config\Cache), false)
 4 FCPATH\index.php(67): CodeIgniter\CodeIgniter->run()
INFO - 2023-07-18 21:17:30 --> Session: Class initialized using 'CodeIgniter\Session\Handlers\FileHandler' driver.
WARNING - 2023-07-18 21:17:36 --> [DEPRECATED] Creation of dynamic property App\Controllers\Input::$Model_Input is deprecated in APPPATH\Controllers\Input.php on line 16.
 1 SYSTEMPATH\CodeIgniter.php(906): App\Controllers\Input->__construct()
 2 SYSTEMPATH\CodeIgniter.php(490): CodeIgniter\CodeIgniter->createController()
 3 SYSTEMPATH\CodeIgniter.php(368): CodeIgniter\CodeIgniter->handleRequest(null, Object(Config\Cache), false)
 4 FCPATH\index.php(67): CodeIgniter\CodeIgniter->run()
INFO - 2023-07-18 21:17:36 --> Session: Class initialized using 'CodeIgniter\Session\Handlers\FileHandler' driver.
INFO - 2023-07-18 14:20:17 --> Session: Class initialized using 'CodeIgniter\Session\Handlers\FileHandler' driver.
WARNING - 2023-07-18 21:20:17 --> [DEPRECATED] Creation of dynamic property App\Controllers\Input::$Model_Input is deprecated in APPPATH\Controllers\Input.php on line 16.
 1 SYSTEMPATH\CodeIgniter.php(906): App\Controllers\Input->__construct()
 2 SYSTEMPATH\CodeIgniter.php(490): CodeIgniter\CodeIgniter->createController()
 3 SYSTEMPATH\CodeIgniter.php(368): CodeIgniter\CodeIgniter->handleRequest(null, Object(Config\Cache), false)
 4 FCPATH\index.php(67): CodeIgniter\CodeIgniter->run()
INFO - 2023-07-18 21:20:18 --> Session: Class initialized using 'CodeIgniter\Session\Handlers\FileHandler' driver.
WARNING - 2023-07-18 21:24:14 --> [DEPRECATED] Creation of dynamic property App\Controllers\Input::$Model_Input is deprecated in APPPATH\Controllers\Input.php on line 16.
 1 SYSTEMPATH\CodeIgniter.php(906): App\Controllers\Input->__construct()
 2 SYSTEMPATH\CodeIgniter.php(490): CodeIgniter\CodeIgniter->createController()
 3 SYSTEMPATH\CodeIgniter.php(368): CodeIgniter\CodeIgniter->handleRequest(null, Object(Config\Cache), false)
 4 FCPATH\index.php(67): CodeIgniter\CodeIgniter->run()
INFO - 2023-07-18 21:24:14 --> Session: Class initialized using 'CodeIgniter\Session\Handlers\FileHandler' driver.
INFO - 2023-07-18 14:29:25 --> Session: Class initialized using 'CodeIgniter\Session\Handlers\FileHandler' driver.
WARNING - 2023-07-18 21:29:27 --> [DEPRECATED] Creation of dynamic property App\Controllers\Input::$Model_Input is deprecated in APPPATH\Controllers\Input.php on line 16.
 1 SYSTEMPATH\CodeIgniter.php(906): App\Controllers\Input->__construct()
 2 SYSTEMPATH\CodeIgniter.php(490): CodeIgniter\CodeIgniter->createController()
 3 SYSTEMPATH\CodeIgniter.php(368): CodeIgniter\CodeIgniter->handleRequest(null, Object(Config\Cache), false)
 4 FCPATH\index.php(67): CodeIgniter\CodeIgniter->run()
INFO - 2023-07-18 21:29:27 --> Session: Class initialized using 'CodeIgniter\Session\Handlers\FileHandler' driver.
INFO - 2023-07-18 14:29:28 --> Session: Class initialized using 'CodeIgniter\Session\Handlers\FileHandler' driver.
WARNING - 2023-07-18 21:29:29 --> [DEPRECATED] Creation of dynamic property App\Controllers\Input::$Model_Input is deprecated in APPPATH\Controllers\Input.php on line 16.
 1 SYSTEMPATH\CodeIgniter.php(906): App\Controllers\Input->__construct()
 2 SYSTEMPATH\CodeIgniter.php(490): CodeIgniter\CodeIgniter->createController()
 3 SYSTEMPATH\CodeIgniter.php(368): CodeIgniter\CodeIgniter->handleRequest(null, Object(Config\Cache), false)
 4 FCPATH\index.php(67): CodeIgniter\CodeIgniter->run()
INFO - 2023-07-18 21:29:29 --> Session: Class initialized using 'CodeIgniter\Session\Handlers\FileHandler' driver.
INFO - 2023-07-18 14:30:52 --> Session: Class initialized using 'CodeIgniter\Session\Handlers\FileHandler' driver.
WARNING - 2023-07-18 21:30:54 --> [DEPRECATED] Creation of dynamic property App\Controllers\Input::$Model_Input is deprecated in APPPATH\Controllers\Input.php on line 16.
 1 SYSTEMPATH\CodeIgniter.php(906): App\Controllers\Input->__construct()
 2 SYSTEMPATH\CodeIgniter.php(490): CodeIgniter\CodeIgniter->createController()
 3 SYSTEMPATH\CodeIgniter.php(368): CodeIgniter\CodeIgniter->handleRequest(null, Object(Config\Cache), false)
 4 FCPATH\index.php(67): CodeIgniter\CodeIgniter->run()
INFO - 2023-07-18 21:30:54 --> Session: Class initialized using 'CodeIgniter\Session\Handlers\FileHandler' driver.
INFO - 2023-07-18 14:31:09 --> Session: Class initialized using 'CodeIgniter\Session\Handlers\FileHandler' driver.
WARNING - 2023-07-18 21:31:10 --> [DEPRECATED] Creation of dynamic property App\Controllers\Input::$Model_Input is deprecated in APPPATH\Controllers\Input.php on line 16.
 1 SYSTEMPATH\CodeIgniter.php(906): App\Controllers\Input->__construct()
 2 SYSTEMPATH\CodeIgniter.php(490): CodeIgniter\CodeIgniter->createController()
 3 SYSTEMPATH\CodeIgniter.php(368): CodeIgniter\CodeIgniter->handleRequest(null, Object(Config\Cache), false)
 4 FCPATH\index.php(67): CodeIgniter\CodeIgniter->run()
INFO - 2023-07-18 21:31:10 --> Session: Class initialized using 'CodeIgniter\Session\Handlers\FileHandler' driver.
INFO - 2023-07-18 14:31:15 --> Session: Class initialized using 'CodeIgniter\Session\Handlers\FileHandler' driver.
WARNING - 2023-07-18 21:34:59 --> [DEPRECATED] Creation of dynamic property App\Controllers\Input::$Model_Input is deprecated in APPPATH\Controllers\Input.php on line 16.
 1 SYSTEMPATH\CodeIgniter.php(906): App\Controllers\Input->__construct()
 2 SYSTEMPATH\CodeIgniter.php(490): CodeIgniter\CodeIgniter->createController()
 3 SYSTEMPATH\CodeIgniter.php(368): CodeIgniter\CodeIgniter->handleRequest(null, Object(Config\Cache), false)
 4 FCPATH\index.php(67): CodeIgniter\CodeIgniter->run()
INFO - 2023-07-18 21:34:59 --> Session: Class initialized using 'CodeIgniter\Session\Handlers\FileHandler' driver.
INFO - 2023-07-18 14:35:41 --> Session: Class initialized using 'CodeIgniter\Session\Handlers\FileHandler' driver.
WARNING - 2023-07-18 21:35:42 --> [DEPRECATED] Creation of dynamic property App\Controllers\Input::$Model_Input is deprecated in APPPATH\Controllers\Input.php on line 16.
 1 SYSTEMPATH\CodeIgniter.php(906): App\Controllers\Input->__construct()
 2 SYSTEMPATH\CodeIgniter.php(490): CodeIgniter\CodeIgniter->createController()
 3 SYSTEMPATH\CodeIgniter.php(368): CodeIgniter\CodeIgniter->handleRequest(null, Object(Config\Cache), false)
 4 FCPATH\index.php(67): CodeIgniter\CodeIgniter->run()
INFO - 2023-07-18 21:35:42 --> Session: Class initialized using 'CodeIgniter\Session\Handlers\FileHandler' driver.
INFO - 2023-07-18 14:41:00 --> Session: Class initialized using 'CodeIgniter\Session\Handlers\FileHandler' driver.
WARNING - 2023-07-18 21:41:02 --> [DEPRECATED] Creation of dynamic property App\Controllers\Input::$Model_Input is deprecated in APPPATH\Controllers\Input.php on line 16.
 1 SYSTEMPATH\CodeIgniter.php(906): App\Controllers\Input->__construct()
 2 SYSTEMPATH\CodeIgniter.php(490): CodeIgniter\CodeIgniter->createController()
 3 SYSTEMPATH\CodeIgniter.php(368): CodeIgniter\CodeIgniter->handleRequest(null, Object(Config\Cache), false)
 4 FCPATH\index.php(67): CodeIgniter\CodeIgniter->run()
INFO - 2023-07-18 21:41:02 --> Session: Class initialized using 'CodeIgniter\Session\Handlers\FileHandler' driver.
WARNING - 2023-07-18 21:41:04 --> [DEPRECATED] Creation of dynamic property App\Controllers\Input::$Model_Input is deprecated in APPPATH\Controllers\Input.php on line 16.
 1 SYSTEMPATH\CodeIgniter.php(906): App\Controllers\Input->__construct()
 2 SYSTEMPATH\CodeIgniter.php(490): CodeIgniter\CodeIgniter->createController()
 3 SYSTEMPATH\CodeIgniter.php(368): CodeIgniter\CodeIgniter->handleRequest(null, Object(Config\Cache), false)
 4 FCPATH\index.php(67): CodeIgniter\CodeIgniter->run()
INFO - 2023-07-18 21:41:04 --> Session: Class initialized using 'CodeIgniter\Session\Handlers\FileHandler' driver.
INFO - 2023-07-18 14:41:06 --> Session: Class initialized using 'CodeIgniter\Session\Handlers\FileHandler' driver.
WARNING - 2023-07-18 21:41:09 --> [DEPRECATED] Creation of dynamic property App\Controllers\Input::$Model_Input is deprecated in APPPATH\Controllers\Input.php on line 16.
 1 SYSTEMPATH\CodeIgniter.php(906): App\Controllers\Input->__construct()
 2 SYSTEMPATH\CodeIgniter.php(490): CodeIgniter\CodeIgniter->createController()
 3 SYSTEMPATH\CodeIgniter.php(368): CodeIgniter\CodeIgniter->handleRequest(null, Object(Config\Cache), false)
 4 FCPATH\index.php(67): CodeIgniter\CodeIgniter->run()
INFO - 2023-07-18 21:41:09 --> Session: Class initialized using 'CodeIgniter\Session\Handlers\FileHandler' driver.
INFO - 2023-07-18 14:41:17 --> Session: Class initialized using 'CodeIgniter\Session\Handlers\FileHandler' driver.
WARNING - 2023-07-18 21:41:25 --> [DEPRECATED] Creation of dynamic property App\Controllers\Input::$Model_Input is deprecated in APPPATH\Controllers\Input.php on line 16.
 1 SYSTEMPATH\CodeIgniter.php(906): App\Controllers\Input->__construct()
 2 SYSTEMPATH\CodeIgniter.php(490): CodeIgniter\CodeIgniter->createController()
 3 SYSTEMPATH\CodeIgniter.php(368): CodeIgniter\CodeIgniter->handleRequest(null, Object(Config\Cache), false)
 4 FCPATH\index.php(67): CodeIgniter\CodeIgniter->run()
INFO - 2023-07-18 21:41:25 --> Session: Class initialized using 'CodeIgniter\Session\Handlers\FileHandler' driver.
WARNING - 2023-07-18 21:41:29 --> [DEPRECATED] Creation of dynamic property App\Controllers\Input::$Model_Input is deprecated in APPPATH\Controllers\Input.php on line 16.
 1 SYSTEMPATH\CodeIgniter.php(906): App\Controllers\Input->__construct()
 2 SYSTEMPATH\CodeIgniter.php(490): CodeIgniter\CodeIgniter->createController()
 3 SYSTEMPATH\CodeIgniter.php(368): CodeIgniter\CodeIgniter->handleRequest(null, Object(Config\Cache), false)
 4 FCPATH\index.php(67): CodeIgniter\CodeIgniter->run()
INFO - 2023-07-18 21:41:29 --> Session: Class initialized using 'CodeIgniter\Session\Handlers\FileHandler' driver.
INFO - 2023-07-18 14:42:20 --> Session: Class initialized using 'CodeIgniter\Session\Handlers\FileHandler' driver.
WARNING - 2023-07-18 21:42:21 --> [DEPRECATED] Creation of dynamic property App\Controllers\Input::$Model_Input is deprecated in APPPATH\Controllers\Input.php on line 16.
 1 SYSTEMPATH\CodeIgniter.php(906): App\Controllers\Input->__construct()
 2 SYSTEMPATH\CodeIgniter.php(490): CodeIgniter\CodeIgniter->createController()
 3 SYSTEMPATH\CodeIgniter.php(368): CodeIgniter\CodeIgniter->handleRequest(null, Object(Config\Cache), false)
 4 FCPATH\index.php(67): CodeIgniter\CodeIgniter->run()
INFO - 2023-07-18 21:42:21 --> Session: Class initialized using 'CodeIgniter\Session\Handlers\FileHandler' driver.
WARNING - 2023-07-18 21:42:23 --> [DEPRECATED] Creation of dynamic property App\Controllers\Input::$Model_Input is deprecated in APPPATH\Controllers\Input.php on line 16.
 1 SYSTEMPATH\CodeIgniter.php(906): App\Controllers\Input->__construct()
 2 SYSTEMPATH\CodeIgniter.php(490): CodeIgniter\CodeIgniter->createController()
 3 SYSTEMPATH\CodeIgniter.php(368): CodeIgniter\CodeIgniter->handleRequest(null, Object(Config\Cache), false)
 4 FCPATH\index.php(67): CodeIgniter\CodeIgniter->run()
INFO - 2023-07-18 21:42:23 --> Session: Class initialized using 'CodeIgniter\Session\Handlers\FileHandler' driver.
INFO - 2023-07-18 14:42:26 --> Session: Class initialized using 'CodeIgniter\Session\Handlers\FileHandler' driver.
WARNING - 2023-07-18 21:42:27 --> [DEPRECATED] Creation of dynamic property App\Controllers\Input::$Model_Input is deprecated in APPPATH\Controllers\Input.php on line 16.
 1 SYSTEMPATH\CodeIgniter.php(906): App\Controllers\Input->__construct()
 2 SYSTEMPATH\CodeIgniter.php(490): CodeIgniter\CodeIgniter->createController()
 3 SYSTEMPATH\CodeIgniter.php(368): CodeIgniter\CodeIgniter->handleRequest(null, Object(Config\Cache), false)
 4 FCPATH\index.php(67): CodeIgniter\CodeIgniter->run()
INFO - 2023-07-18 21:42:27 --> Session: Class initialized using 'CodeIgniter\Session\Handlers\FileHandler' driver.
WARNING - 2023-07-18 21:42:35 --> [DEPRECATED] Creation of dynamic property App\Controllers\Input::$Model_Input is deprecated in APPPATH\Controllers\Input.php on line 16.
 1 SYSTEMPATH\CodeIgniter.php(906): App\Controllers\Input->__construct()
 2 SYSTEMPATH\CodeIgniter.php(490): CodeIgniter\CodeIgniter->createController()
 3 SYSTEMPATH\CodeIgniter.php(368): CodeIgniter\CodeIgniter->handleRequest(null, Object(Config\Cache), false)
 4 FCPATH\index.php(67): CodeIgniter\CodeIgniter->run()
INFO - 2023-07-18 21:42:35 --> Session: Class initialized using 'CodeIgniter\Session\Handlers\FileHandler' driver.
INFO - 2023-07-18 14:42:39 --> Session: Class initialized using 'CodeIgniter\Session\Handlers\FileHandler' driver.
WARNING - 2023-07-18 21:42:47 --> [DEPRECATED] Creation of dynamic property App\Controllers\Input::$Model_Input is deprecated in APPPATH\Controllers\Input.php on line 16.
 1 SYSTEMPATH\CodeIgniter.php(906): App\Controllers\Input->__construct()
 2 SYSTEMPATH\CodeIgniter.php(490): CodeIgniter\CodeIgniter->createController()
 3 SYSTEMPATH\CodeIgniter.php(368): CodeIgniter\CodeIgniter->handleRequest(null, Object(Config\Cache), false)
 4 FCPATH\index.php(67): CodeIgniter\CodeIgniter->run()
INFO - 2023-07-18 21:42:47 --> Session: Class initialized using 'CodeIgniter\Session\Handlers\FileHandler' driver.
WARNING - 2023-07-18 21:42:48 --> [DEPRECATED] Creation of dynamic property App\Controllers\Input::$Model_Input is deprecated in APPPATH\Controllers\Input.php on line 16.
 1 SYSTEMPATH\CodeIgniter.php(906): App\Controllers\Input->__construct()
 2 SYSTEMPATH\CodeIgniter.php(490): CodeIgniter\CodeIgniter->createController()
 3 SYSTEMPATH\CodeIgniter.php(368): CodeIgniter\CodeIgniter->handleRequest(null, Object(Config\Cache), false)
 4 FCPATH\index.php(67): CodeIgniter\CodeIgniter->run()
INFO - 2023-07-18 21:42:48 --> Session: Class initialized using 'CodeIgniter\Session\Handlers\FileHandler' driver.
INFO - 2023-07-18 14:42:58 --> Session: Class initialized using 'CodeIgniter\Session\Handlers\FileHandler' driver.
WARNING - 2023-07-18 21:42:59 --> [DEPRECATED] Creation of dynamic property App\Controllers\Input::$Model_Input is deprecated in APPPATH\Controllers\Input.php on line 16.
 1 SYSTEMPATH\CodeIgniter.php(906): App\Controllers\Input->__construct()
 2 SYSTEMPATH\CodeIgniter.php(490): CodeIgniter\CodeIgniter->createController()
 3 SYSTEMPATH\CodeIgniter.php(368): CodeIgniter\CodeIgniter->handleRequest(null, Object(Config\Cache), false)
 4 FCPATH\index.php(67): CodeIgniter\CodeIgniter->run()
INFO - 2023-07-18 21:42:59 --> Session: Class initialized using 'CodeIgniter\Session\Handlers\FileHandler' driver.
INFO - 2023-07-18 14:43:14 --> Session: Class initialized using 'CodeIgniter\Session\Handlers\FileHandler' driver.
WARNING - 2023-07-18 21:43:16 --> [DEPRECATED] Creation of dynamic property App\Controllers\Input::$Model_Input is deprecated in APPPATH\Controllers\Input.php on line 16.
 1 SYSTEMPATH\CodeIgniter.php(906): App\Controllers\Input->__construct()
 2 SYSTEMPATH\CodeIgniter.php(490): CodeIgniter\CodeIgniter->createController()
 3 SYSTEMPATH\CodeIgniter.php(368): CodeIgniter\CodeIgniter->handleRequest(null, Object(Config\Cache), false)
 4 FCPATH\index.php(67): CodeIgniter\CodeIgniter->run()
INFO - 2023-07-18 21:43:16 --> Session: Class initialized using 'CodeIgniter\Session\Handlers\FileHandler' driver.
WARNING - 2023-07-18 21:43:18 --> [DEPRECATED] Creation of dynamic property App\Controllers\Input::$Model_Input is deprecated in APPPATH\Controllers\Input.php on line 16.
 1 SYSTEMPATH\CodeIgniter.php(906): App\Controllers\Input->__construct()
 2 SYSTEMPATH\CodeIgniter.php(490): CodeIgniter\CodeIgniter->createController()
 3 SYSTEMPATH\CodeIgniter.php(368): CodeIgniter\CodeIgniter->handleRequest(null, Object(Config\Cache), false)
 4 FCPATH\index.php(67): CodeIgniter\CodeIgniter->run()
INFO - 2023-07-18 21:43:18 --> Session: Class initialized using 'CodeIgniter\Session\Handlers\FileHandler' driver.
WARNING - 2023-07-18 21:43:21 --> [DEPRECATED] Creation of dynamic property App\Controllers\Input::$Model_Input is deprecated in APPPATH\Controllers\Input.php on line 16.
 1 SYSTEMPATH\CodeIgniter.php(906): App\Controllers\Input->__construct()
 2 SYSTEMPATH\CodeIgniter.php(490): CodeIgniter\CodeIgniter->createController()
 3 SYSTEMPATH\CodeIgniter.php(368): CodeIgniter\CodeIgniter->handleRequest(null, Object(Config\Cache), false)
 4 FCPATH\index.php(67): CodeIgniter\CodeIgniter->run()
INFO - 2023-07-18 21:43:22 --> Session: Class initialized using 'CodeIgniter\Session\Handlers\FileHandler' driver.
WARNING - 2023-07-18 21:44:01 --> [DEPRECATED] Creation of dynamic property App\Controllers\Input::$Model_Input is deprecated in APPPATH\Controllers\Input.php on line 16.
 1 SYSTEMPATH\CodeIgniter.php(906): App\Controllers\Input->__construct()
 2 SYSTEMPATH\CodeIgniter.php(490): CodeIgniter\CodeIgniter->createController()
 3 SYSTEMPATH\CodeIgniter.php(368): CodeIgniter\CodeIgniter->handleRequest(null, Object(Config\Cache), false)
 4 FCPATH\index.php(67): CodeIgniter\CodeIgniter->run()
INFO - 2023-07-18 21:44:02 --> Session: Class initialized using 'CodeIgniter\Session\Handlers\FileHandler' driver.
WARNING - 2023-07-18 21:44:04 --> [DEPRECATED] Creation of dynamic property App\Controllers\Input::$Model_Input is deprecated in APPPATH\Controllers\Input.php on line 16.
 1 SYSTEMPATH\CodeIgniter.php(906): App\Controllers\Input->__construct()
 2 SYSTEMPATH\CodeIgniter.php(490): CodeIgniter\CodeIgniter->createController()
 3 SYSTEMPATH\CodeIgniter.php(368): CodeIgniter\CodeIgniter->handleRequest(null, Object(Config\Cache), false)
 4 FCPATH\index.php(67): CodeIgniter\CodeIgniter->run()
INFO - 2023-07-18 21:44:04 --> Session: Class initialized using 'CodeIgniter\Session\Handlers\FileHandler' driver.
WARNING - 2023-07-18 21:44:28 --> [DEPRECATED] Creation of dynamic property App\Controllers\Input::$Model_Input is deprecated in APPPATH\Controllers\Input.php on line 16.
 1 SYSTEMPATH\CodeIgniter.php(906): App\Controllers\Input->__construct()
 2 SYSTEMPATH\CodeIgniter.php(490): CodeIgniter\CodeIgniter->createController()
 3 SYSTEMPATH\CodeIgniter.php(368): CodeIgniter\CodeIgniter->handleRequest(null, Object(Config\Cache), false)
 4 FCPATH\index.php(67): CodeIgniter\CodeIgniter->run()
INFO - 2023-07-18 21:44:28 --> Session: Class initialized using 'CodeIgniter\Session\Handlers\FileHandler' driver.
WARNING - 2023-07-18 21:44:30 --> [DEPRECATED] Creation of dynamic property App\Controllers\Input::$Model_Input is deprecated in APPPATH\Controllers\Input.php on line 16.
 1 SYSTEMPATH\CodeIgniter.php(906): App\Controllers\Input->__construct()
 2 SYSTEMPATH\CodeIgniter.php(490): CodeIgniter\CodeIgniter->createController()
 3 SYSTEMPATH\CodeIgniter.php(368): CodeIgniter\CodeIgniter->handleRequest(null, Object(Config\Cache), false)
 4 FCPATH\index.php(67): CodeIgniter\CodeIgniter->run()
INFO - 2023-07-18 21:44:30 --> Session: Class initialized using 'CodeIgniter\Session\Handlers\FileHandler' driver.
INFO - 2023-07-18 14:44:50 --> Session: Class initialized using 'CodeIgniter\Session\Handlers\FileHandler' driver.
WARNING - 2023-07-18 21:44:51 --> [DEPRECATED] Creation of dynamic property App\Controllers\Input::$Model_Input is deprecated in APPPATH\Controllers\Input.php on line 16.
 1 SYSTEMPATH\CodeIgniter.php(906): App\Controllers\Input->__construct()
 2 SYSTEMPATH\CodeIgniter.php(490): CodeIgniter\CodeIgniter->createController()
 3 SYSTEMPATH\CodeIgniter.php(368): CodeIgniter\CodeIgniter->handleRequest(null, Object(Config\Cache), false)
 4 FCPATH\index.php(67): CodeIgniter\CodeIgniter->run()
INFO - 2023-07-18 21:44:51 --> Session: Class initialized using 'CodeIgniter\Session\Handlers\FileHandler' driver.
INFO - 2023-07-18 14:44:56 --> Session: Class initialized using 'CodeIgniter\Session\Handlers\FileHandler' driver.
WARNING - 2023-07-18 21:44:57 --> [DEPRECATED] Creation of dynamic property App\Controllers\Input::$Model_Input is deprecated in APPPATH\Controllers\Input.php on line 16.
 1 SYSTEMPATH\CodeIgniter.php(906): App\Controllers\Input->__construct()
 2 SYSTEMPATH\CodeIgniter.php(490): CodeIgniter\CodeIgniter->createController()
 3 SYSTEMPATH\CodeIgniter.php(368): CodeIgniter\CodeIgniter->handleRequest(null, Object(Config\Cache), false)
 4 FCPATH\index.php(67): CodeIgniter\CodeIgniter->run()
INFO - 2023-07-18 21:44:57 --> Session: Class initialized using 'CodeIgniter\Session\Handlers\FileHandler' driver.
INFO - 2023-07-18 14:44:59 --> Session: Class initialized using 'CodeIgniter\Session\Handlers\FileHandler' driver.
WARNING - 2023-07-18 21:45:08 --> [DEPRECATED] Creation of dynamic property App\Controllers\Input::$Model_Input is deprecated in APPPATH\Controllers\Input.php on line 16.
 1 SYSTEMPATH\CodeIgniter.php(906): App\Controllers\Input->__construct()
 2 SYSTEMPATH\CodeIgniter.php(490): CodeIgniter\CodeIgniter->createController()
 3 SYSTEMPATH\CodeIgniter.php(368): CodeIgniter\CodeIgniter->handleRequest(null, Object(Config\Cache), false)
 4 FCPATH\index.php(67): CodeIgniter\CodeIgniter->run()
INFO - 2023-07-18 21:45:08 --> Session: Class initialized using 'CodeIgniter\Session\Handlers\FileHandler' driver.
INFO - 2023-07-18 14:45:12 --> Session: Class initialized using 'CodeIgniter\Session\Handlers\FileHandler' driver.
WARNING - 2023-07-18 21:45:14 --> [DEPRECATED] Creation of dynamic property App\Controllers\Input::$Model_Input is deprecated in APPPATH\Controllers\Input.php on line 16.
 1 SYSTEMPATH\CodeIgniter.php(906): App\Controllers\Input->__construct()
 2 SYSTEMPATH\CodeIgniter.php(490): CodeIgniter\CodeIgniter->createController()
 3 SYSTEMPATH\CodeIgniter.php(368): CodeIgniter\CodeIgniter->handleRequest(null, Object(Config\Cache), false)
 4 FCPATH\index.php(67): CodeIgniter\CodeIgniter->run()
INFO - 2023-07-18 21:45:14 --> Session: Class initialized using 'CodeIgniter\Session\Handlers\FileHandler' driver.
INFO - 2023-07-18 14:45:18 --> Session: Class initialized using 'CodeIgniter\Session\Handlers\FileHandler' driver.
WARNING - 2023-07-18 21:45:28 --> [DEPRECATED] Creation of dynamic property App\Controllers\Input::$Model_Input is deprecated in APPPATH\Controllers\Input.php on line 16.
 1 SYSTEMPATH\CodeIgniter.php(906): App\Controllers\Input->__construct()
 2 SYSTEMPATH\CodeIgniter.php(490): CodeIgniter\CodeIgniter->createController()
 3 SYSTEMPATH\CodeIgniter.php(368): CodeIgniter\CodeIgniter->handleRequest(null, Object(Config\Cache), false)
 4 FCPATH\index.php(67): CodeIgniter\CodeIgniter->run()
INFO - 2023-07-18 21:45:28 --> Session: Class initialized using 'CodeIgniter\Session\Handlers\FileHandler' driver.
WARNING - 2023-07-18 21:45:31 --> [DEPRECATED] Creation of dynamic property App\Controllers\Input::$Model_Input is deprecated in APPPATH\Controllers\Input.php on line 16.
 1 SYSTEMPATH\CodeIgniter.php(906): App\Controllers\Input->__construct()
 2 SYSTEMPATH\CodeIgniter.php(490): CodeIgniter\CodeIgniter->createController()
 3 SYSTEMPATH\CodeIgniter.php(368): CodeIgniter\CodeIgniter->handleRequest(null, Object(Config\Cache), false)
 4 FCPATH\index.php(67): CodeIgniter\CodeIgniter->run()
INFO - 2023-07-18 21:45:31 --> Session: Class initialized using 'CodeIgniter\Session\Handlers\FileHandler' driver.
INFO - 2023-07-18 14:45:33 --> Session: Class initialized using 'CodeIgniter\Session\Handlers\FileHandler' driver.
WARNING - 2023-07-18 21:45:49 --> [DEPRECATED] Creation of dynamic property App\Controllers\Input::$Model_Input is deprecated in APPPATH\Controllers\Input.php on line 16.
 1 SYSTEMPATH\CodeIgniter.php(906): App\Controllers\Input->__construct()
 2 SYSTEMPATH\CodeIgniter.php(490): CodeIgniter\CodeIgniter->createController()
 3 SYSTEMPATH\CodeIgniter.php(368): CodeIgniter\CodeIgniter->handleRequest(null, Object(Config\Cache), false)
 4 FCPATH\index.php(67): CodeIgniter\CodeIgniter->run()
INFO - 2023-07-18 21:45:49 --> Session: Class initialized using 'CodeIgniter\Session\Handlers\FileHandler' driver.
WARNING - 2023-07-18 21:46:16 --> [DEPRECATED] Creation of dynamic property App\Controllers\Input::$Model_Input is deprecated in APPPATH\Controllers\Input.php on line 16.
 1 SYSTEMPATH\CodeIgniter.php(906): App\Controllers\Input->__construct()
 2 SYSTEMPATH\CodeIgniter.php(490): CodeIgniter\CodeIgniter->createController()
 3 SYSTEMPATH\CodeIgniter.php(368): CodeIgniter\CodeIgniter->handleRequest(null, Object(Config\Cache), false)
 4 FCPATH\index.php(67): CodeIgniter\CodeIgniter->run()
WARNING - 2023-07-18 21:46:16 --> [DEPRECATED] Creation of dynamic property App\Controllers\Input::$Model_Input is deprecated in APPPATH\Controllers\Input.php on line 16.
 1 SYSTEMPATH\CodeIgniter.php(906): App\Controllers\Input->__construct()
 2 SYSTEMPATH\CodeIgniter.php(490): CodeIgniter\CodeIgniter->createController()
 3 SYSTEMPATH\CodeIgniter.php(368): CodeIgniter\CodeIgniter->handleRequest(null, Object(Config\Cache), false)
 4 FCPATH\index.php(67): CodeIgniter\CodeIgniter->run()
INFO - 2023-07-18 21:46:16 --> Session: Class initialized using 'CodeIgniter\Session\Handlers\FileHandler' driver.
WARNING - 2023-07-18 21:46:22 --> [DEPRECATED] Creation of dynamic property App\Controllers\Input::$Model_Input is deprecated in APPPATH\Controllers\Input.php on line 16.
 1 SYSTEMPATH\CodeIgniter.php(906): App\Controllers\Input->__construct()
 2 SYSTEMPATH\CodeIgniter.php(490): CodeIgniter\CodeIgniter->createController()
 3 SYSTEMPATH\CodeIgniter.php(368): CodeIgniter\CodeIgniter->handleRequest(null, Object(Config\Cache), false)
 4 FCPATH\index.php(67): CodeIgniter\CodeIgniter->run()
WARNING - 2023-07-18 21:46:22 --> [DEPRECATED] Creation of dynamic property App\Controllers\Input::$Model_Input is deprecated in APPPATH\Controllers\Input.php on line 16.
 1 SYSTEMPATH\CodeIgniter.php(906): App\Controllers\Input->__construct()
 2 SYSTEMPATH\CodeIgniter.php(490): CodeIgniter\CodeIgniter->createController()
 3 SYSTEMPATH\CodeIgniter.php(368): CodeIgniter\CodeIgniter->handleRequest(null, Object(Config\Cache), false)
 4 FCPATH\index.php(67): CodeIgniter\CodeIgniter->run()
WARNING - 2023-07-18 21:46:23 --> [DEPRECATED] Creation of dynamic property App\Controllers\Input::$Model_Input is deprecated in APPPATH\Controllers\Input.php on line 16.
 1 SYSTEMPATH\CodeIgniter.php(906): App\Controllers\Input->__construct()
 2 SYSTEMPATH\CodeIgniter.php(490): CodeIgniter\CodeIgniter->createController()
 3 SYSTEMPATH\CodeIgniter.php(368): CodeIgniter\CodeIgniter->handleRequest(null, Object(Config\Cache), false)
 4 FCPATH\index.php(67): CodeIgniter\CodeIgniter->run()
WARNING - 2023-07-18 21:46:34 --> [DEPRECATED] Creation of dynamic property App\Controllers\Input::$Model_Input is deprecated in APPPATH\Controllers\Input.php on line 16.
 1 SYSTEMPATH\CodeIgniter.php(906): App\Controllers\Input->__construct()
 2 SYSTEMPATH\CodeIgniter.php(490): CodeIgniter\CodeIgniter->createController()
 3 SYSTEMPATH\CodeIgniter.php(368): CodeIgniter\CodeIgniter->handleRequest(null, Object(Config\Cache), false)
 4 FCPATH\index.php(67): CodeIgniter\CodeIgniter->run()
WARNING - 2023-07-18 21:46:37 --> [DEPRECATED] Creation of dynamic property App\Controllers\Input::$Model_Input is deprecated in APPPATH\Controllers\Input.php on line 16.
 1 SYSTEMPATH\CodeIgniter.php(906): App\Controllers\Input->__construct()
 2 SYSTEMPATH\CodeIgniter.php(490): CodeIgniter\CodeIgniter->createController()
 3 SYSTEMPATH\CodeIgniter.php(368): CodeIgniter\CodeIgniter->handleRequest(null, Object(Config\Cache), false)
 4 FCPATH\index.php(67): CodeIgniter\CodeIgniter->run()
WARNING - 2023-07-18 21:46:37 --> [DEPRECATED] Creation of dynamic property App\Controllers\Input::$Model_Input is deprecated in APPPATH\Controllers\Input.php on line 16.
 1 SYSTEMPATH\CodeIgniter.php(906): App\Controllers\Input->__construct()
 2 SYSTEMPATH\CodeIgniter.php(490): CodeIgniter\CodeIgniter->createController()
 3 SYSTEMPATH\CodeIgniter.php(368): CodeIgniter\CodeIgniter->handleRequest(null, Object(Config\Cache), false)
 4 FCPATH\index.php(67): CodeIgniter\CodeIgniter->run()
WARNING - 2023-07-18 21:46:42 --> [DEPRECATED] Creation of dynamic property App\Controllers\Input::$Model_Input is deprecated in APPPATH\Controllers\Input.php on line 16.
 1 SYSTEMPATH\CodeIgniter.php(906): App\Controllers\Input->__construct()
 2 SYSTEMPATH\CodeIgniter.php(490): CodeIgniter\CodeIgniter->createController()
 3 SYSTEMPATH\CodeIgniter.php(368): CodeIgniter\CodeIgniter->handleRequest(null, Object(Config\Cache), false)
 4 FCPATH\index.php(67): CodeIgniter\CodeIgniter->run()
WARNING - 2023-07-18 21:46:50 --> [DEPRECATED] Creation of dynamic property App\Controllers\Input::$Model_Input is deprecated in APPPATH\Controllers\Input.php on line 16.
 1 SYSTEMPATH\CodeIgniter.php(906): App\Controllers\Input->__construct()
 2 SYSTEMPATH\CodeIgniter.php(490): CodeIgniter\CodeIgniter->createController()
 3 SYSTEMPATH\CodeIgniter.php(368): CodeIgniter\CodeIgniter->handleRequest(null, Object(Config\Cache), false)
 4 FCPATH\index.php(67): CodeIgniter\CodeIgniter->run()
WARNING - 2023-07-18 21:46:59 --> [DEPRECATED] Creation of dynamic property App\Controllers\Input::$Model_Input is deprecated in APPPATH\Controllers\Input.php on line 16.
 1 SYSTEMPATH\CodeIgniter.php(906): App\Controllers\Input->__construct()
 2 SYSTEMPATH\CodeIgniter.php(490): CodeIgniter\CodeIgniter->createController()
 3 SYSTEMPATH\CodeIgniter.php(368): CodeIgniter\CodeIgniter->handleRequest(null, Object(Config\Cache), false)
 4 FCPATH\index.php(67): CodeIgniter\CodeIgniter->run()
WARNING - 2023-07-18 21:46:59 --> [DEPRECATED] Creation of dynamic property App\Controllers\Input::$Model_Input is deprecated in APPPATH\Controllers\Input.php on line 16.
 1 SYSTEMPATH\CodeIgniter.php(906): App\Controllers\Input->__construct()
 2 SYSTEMPATH\CodeIgniter.php(490): CodeIgniter\CodeIgniter->createController()
 3 SYSTEMPATH\CodeIgniter.php(368): CodeIgniter\CodeIgniter->handleRequest(null, Object(Config\Cache), false)
 4 FCPATH\index.php(67): CodeIgniter\CodeIgniter->run()
WARNING - 2023-07-18 21:46:59 --> [DEPRECATED] Creation of dynamic property App\Controllers\Input::$Model_Input is deprecated in APPPATH\Controllers\Input.php on line 16.
 1 SYSTEMPATH\CodeIgniter.php(906): App\Controllers\Input->__construct()
 2 SYSTEMPATH\CodeIgniter.php(490): CodeIgniter\CodeIgniter->createController()
 3 SYSTEMPATH\CodeIgniter.php(368): CodeIgniter\CodeIgniter->handleRequest(null, Object(Config\Cache), false)
 4 FCPATH\index.php(67): CodeIgniter\CodeIgniter->run()
WARNING - 2023-07-18 21:47:06 --> [DEPRECATED] Creation of dynamic property App\Controllers\Input::$Model_Input is deprecated in APPPATH\Controllers\Input.php on line 16.
 1 SYSTEMPATH\CodeIgniter.php(906): App\Controllers\Input->__construct()
 2 SYSTEMPATH\CodeIgniter.php(490): CodeIgniter\CodeIgniter->createController()
 3 SYSTEMPATH\CodeIgniter.php(368): CodeIgniter\CodeIgniter->handleRequest(null, Object(Config\Cache), false)
 4 FCPATH\index.php(67): CodeIgniter\CodeIgniter->run()
WARNING - 2023-07-18 21:47:06 --> [DEPRECATED] Creation of dynamic property App\Controllers\Input::$Model_Input is deprecated in APPPATH\Controllers\Input.php on line 16.
 1 SYSTEMPATH\CodeIgniter.php(906): App\Controllers\Input->__construct()
 2 SYSTEMPATH\CodeIgniter.php(490): CodeIgniter\CodeIgniter->createController()
 3 SYSTEMPATH\CodeIgniter.php(368): CodeIgniter\CodeIgniter->handleRequest(null, Object(Config\Cache), false)
 4 FCPATH\index.php(67): CodeIgniter\CodeIgniter->run()
WARNING - 2023-07-18 21:47:06 --> [DEPRECATED] Creation of dynamic property App\Controllers\Input::$Model_Input is deprecated in APPPATH\Controllers\Input.php on line 16.
 1 SYSTEMPATH\CodeIgniter.php(906): App\Controllers\Input->__construct()
 2 SYSTEMPATH\CodeIgniter.php(490): CodeIgniter\CodeIgniter->createController()
 3 SYSTEMPATH\CodeIgniter.php(368): CodeIgniter\CodeIgniter->handleRequest(null, Object(Config\Cache), false)
 4 FCPATH\index.php(67): CodeIgniter\CodeIgniter->run()
WARNING - 2023-07-18 21:47:08 --> [DEPRECATED] Creation of dynamic property App\Controllers\Input::$Model_Input is deprecated in APPPATH\Controllers\Input.php on line 16.
 1 SYSTEMPATH\CodeIgniter.php(906): App\Controllers\Input->__construct()
 2 SYSTEMPATH\CodeIgniter.php(490): CodeIgniter\CodeIgniter->createController()
 3 SYSTEMPATH\CodeIgniter.php(368): CodeIgniter\CodeIgniter->handleRequest(null, Object(Config\Cache), false)
 4 FCPATH\index.php(67): CodeIgniter\CodeIgniter->run()
WARNING - 2023-07-18 21:47:18 --> [DEPRECATED] Creation of dynamic property App\Controllers\Input::$Model_Input is deprecated in APPPATH\Controllers\Input.php on line 16.
 1 SYSTEMPATH\CodeIgniter.php(906): App\Controllers\Input->__construct()
 2 SYSTEMPATH\CodeIgniter.php(490): CodeIgniter\CodeIgniter->createController()
 3 SYSTEMPATH\CodeIgniter.php(368): CodeIgniter\CodeIgniter->handleRequest(null, Object(Config\Cache), false)
 4 FCPATH\index.php(67): CodeIgniter\CodeIgniter->run()
WARNING - 2023-07-18 21:48:53 --> [DEPRECATED] Creation of dynamic property App\Controllers\Input::$Model_Input is deprecated in APPPATH\Controllers\Input.php on line 16.
 1 SYSTEMPATH\CodeIgniter.php(906): App\Controllers\Input->__construct()
 2 SYSTEMPATH\CodeIgniter.php(490): CodeIgniter\CodeIgniter->createController()
 3 SYSTEMPATH\CodeIgniter.php(368): CodeIgniter\CodeIgniter->handleRequest(null, Object(Config\Cache), false)
 4 FCPATH\index.php(67): CodeIgniter\CodeIgniter->run()
WARNING - 2023-07-18 21:48:53 --> [DEPRECATED] Creation of dynamic property App\Controllers\Input::$Model_Input is deprecated in APPPATH\Controllers\Input.php on line 16.
 1 SYSTEMPATH\CodeIgniter.php(906): App\Controllers\Input->__construct()
 2 SYSTEMPATH\CodeIgniter.php(490): CodeIgniter\CodeIgniter->createController()
 3 SYSTEMPATH\CodeIgniter.php(368): CodeIgniter\CodeIgniter->handleRequest(null, Object(Config\Cache), false)
 4 FCPATH\index.php(67): CodeIgniter\CodeIgniter->run()
CRITICAL - 2023-07-18 21:48:53 --> Undefined array key 0
in APPPATH\Controllers\Input.php on line 202.
 1 APPPATH\Controllers\Input.php(202): CodeIgniter\Debug\Exceptions->errorHandler(2, 'Undefined array key 0', 'C:\\xampp\\htdocs\\jaspel\\app\\Controllers\\Input.php', 202)
 2 SYSTEMPATH\CodeIgniter.php(934): App\Controllers\Input->Detail_Tindakan()
 3 SYSTEMPATH\CodeIgniter.php(499): CodeIgniter\CodeIgniter->runController(Object(App\Controllers\Input))
 4 SYSTEMPATH\CodeIgniter.php(368): CodeIgniter\CodeIgniter->handleRequest(null, Object(Config\Cache), false)
 5 FCPATH\index.php(67): CodeIgniter\CodeIgniter->run()
CRITICAL - 2023-07-18 21:48:53 --> Too few arguments to function App\Controllers\Input::Data_Porsi(), 0 passed in C:\xampp\htdocs\jaspel\vendor\codeigniter4\framework\system\CodeIgniter.php on line 934 and exactly 1 expected
in APPPATH\Controllers\Input.php on line 260.
 1 SYSTEMPATH\CodeIgniter.php(934): App\Controllers\Input->Data_Porsi()
 2 SYSTEMPATH\CodeIgniter.php(499): CodeIgniter\CodeIgniter->runController(Object(App\Controllers\Input))
 3 SYSTEMPATH\CodeIgniter.php(368): CodeIgniter\CodeIgniter->handleRequest(null, Object(Config\Cache), false)
 4 FCPATH\index.php(67): CodeIgniter\CodeIgniter->run()
WARNING - 2023-07-18 21:48:54 --> [DEPRECATED] Creation of dynamic property App\Controllers\Input::$Model_Input is deprecated in APPPATH\Controllers\Input.php on line 16.
 1 SYSTEMPATH\CodeIgniter.php(906): App\Controllers\Input->__construct()
 2 SYSTEMPATH\CodeIgniter.php(490): CodeIgniter\CodeIgniter->createController()
 3 SYSTEMPATH\CodeIgniter.php(368): CodeIgniter\CodeIgniter->handleRequest(null, Object(Config\Cache), false)
 4 FCPATH\index.php(67): CodeIgniter\CodeIgniter->run()
WARNING - 2023-07-18 21:48:54 --> [DEPRECATED] Creation of dynamic property App\Controllers\Input::$Model_Input is deprecated in APPPATH\Controllers\Input.php on line 16.
 1 SYSTEMPATH\CodeIgniter.php(906): App\Controllers\Input->__construct()
 2 SYSTEMPATH\CodeIgniter.php(490): CodeIgniter\CodeIgniter->createController()
 3 SYSTEMPATH\CodeIgniter.php(368): CodeIgniter\CodeIgniter->handleRequest(null, Object(Config\Cache), false)
 4 FCPATH\index.php(67): CodeIgniter\CodeIgniter->run()
WARNING - 2023-07-18 21:48:54 --> [DEPRECATED] Creation of dynamic property App\Controllers\Input::$Model_Input is deprecated in APPPATH\Controllers\Input.php on line 16.
 1 SYSTEMPATH\CodeIgniter.php(906): App\Controllers\Input->__construct()
 2 SYSTEMPATH\CodeIgniter.php(490): CodeIgniter\CodeIgniter->createController()
 3 SYSTEMPATH\CodeIgniter.php(368): CodeIgniter\CodeIgniter->handleRequest(null, Object(Config\Cache), false)
 4 FCPATH\index.php(67): CodeIgniter\CodeIgniter->run()
WARNING - 2023-07-18 21:51:52 --> [DEPRECATED] Creation of dynamic property App\Controllers\Input::$Model_Input is deprecated in APPPATH\Controllers\Input.php on line 16.
 1 SYSTEMPATH\CodeIgniter.php(906): App\Controllers\Input->__construct()
 2 SYSTEMPATH\CodeIgniter.php(490): CodeIgniter\CodeIgniter->createController()
 3 SYSTEMPATH\CodeIgniter.php(368): CodeIgniter\CodeIgniter->handleRequest(null, Object(Config\Cache), false)
 4 FCPATH\index.php(67): CodeIgniter\CodeIgniter->run()
WARNING - 2023-07-18 21:51:52 --> [DEPRECATED] Creation of dynamic property App\Controllers\Input::$Model_Input is deprecated in APPPATH\Controllers\Input.php on line 16.
 1 SYSTEMPATH\CodeIgniter.php(906): App\Controllers\Input->__construct()
 2 SYSTEMPATH\CodeIgniter.php(490): CodeIgniter\CodeIgniter->createController()
 3 SYSTEMPATH\CodeIgniter.php(368): CodeIgniter\CodeIgniter->handleRequest(null, Object(Config\Cache), false)
 4 FCPATH\index.php(67): CodeIgniter\CodeIgniter->run()
CRITICAL - 2023-07-18 21:51:52 --> Undefined array key 0
in APPPATH\Controllers\Input.php on line 202.
 1 APPPATH\Controllers\Input.php(202): CodeIgniter\Debug\Exceptions->errorHandler(2, 'Undefined array key 0', 'C:\\xampp\\htdocs\\jaspel\\app\\Controllers\\Input.php', 202)
 2 SYSTEMPATH\CodeIgniter.php(934): App\Controllers\Input->Detail_Tindakan()
 3 SYSTEMPATH\CodeIgniter.php(499): CodeIgniter\CodeIgniter->runController(Object(App\Controllers\Input))
 4 SYSTEMPATH\CodeIgniter.php(368): CodeIgniter\CodeIgniter->handleRequest(null, Object(Config\Cache), false)
 5 FCPATH\index.php(67): CodeIgniter\CodeIgniter->run()
CRITICAL - 2023-07-18 21:51:52 --> Too few arguments to function App\Controllers\Input::Data_Porsi(), 0 passed in C:\xampp\htdocs\jaspel\vendor\codeigniter4\framework\system\CodeIgniter.php on line 934 and exactly 1 expected
in APPPATH\Controllers\Input.php on line 260.
 1 SYSTEMPATH\CodeIgniter.php(934): App\Controllers\Input->Data_Porsi()
 2 SYSTEMPATH\CodeIgniter.php(499): CodeIgniter\CodeIgniter->runController(Object(App\Controllers\Input))
 3 SYSTEMPATH\CodeIgniter.php(368): CodeIgniter\CodeIgniter->handleRequest(null, Object(Config\Cache), false)
 4 FCPATH\index.php(67): CodeIgniter\CodeIgniter->run()
WARNING - 2023-07-18 21:51:54 --> [DEPRECATED] Creation of dynamic property App\Controllers\Input::$Model_Input is deprecated in APPPATH\Controllers\Input.php on line 16.
 1 SYSTEMPATH\CodeIgniter.php(906): App\Controllers\Input->__construct()
 2 SYSTEMPATH\CodeIgniter.php(490): CodeIgniter\CodeIgniter->createController()
 3 SYSTEMPATH\CodeIgniter.php(368): CodeIgniter\CodeIgniter->handleRequest(null, Object(Config\Cache), false)
 4 FCPATH\index.php(67): CodeIgniter\CodeIgniter->run()
WARNING - 2023-07-18 21:51:54 --> [DEPRECATED] Creation of dynamic property App\Controllers\Input::$Model_Input is deprecated in APPPATH\Controllers\Input.php on line 16.
 1 SYSTEMPATH\CodeIgniter.php(906): App\Controllers\Input->__construct()
 2 SYSTEMPATH\CodeIgniter.php(490): CodeIgniter\CodeIgniter->createController()
 3 SYSTEMPATH\CodeIgniter.php(368): CodeIgniter\CodeIgniter->handleRequest(null, Object(Config\Cache), false)
 4 FCPATH\index.php(67): CodeIgniter\CodeIgniter->run()
WARNING - 2023-07-18 21:51:54 --> [DEPRECATED] Creation of dynamic property App\Controllers\Input::$Model_Input is deprecated in APPPATH\Controllers\Input.php on line 16.
 1 SYSTEMPATH\CodeIgniter.php(906): App\Controllers\Input->__construct()
 2 SYSTEMPATH\CodeIgniter.php(490): CodeIgniter\CodeIgniter->createController()
 3 SYSTEMPATH\CodeIgniter.php(368): CodeIgniter\CodeIgniter->handleRequest(null, Object(Config\Cache), false)
 4 FCPATH\index.php(67): CodeIgniter\CodeIgniter->run()
WARNING - 2023-07-18 21:51:58 --> [DEPRECATED] Creation of dynamic property App\Controllers\Input::$Model_Input is deprecated in APPPATH\Controllers\Input.php on line 16.
 1 SYSTEMPATH\CodeIgniter.php(906): App\Controllers\Input->__construct()
 2 SYSTEMPATH\CodeIgniter.php(490): CodeIgniter\CodeIgniter->createController()
 3 SYSTEMPATH\CodeIgniter.php(368): CodeIgniter\CodeIgniter->handleRequest(null, Object(Config\Cache), false)
 4 FCPATH\index.php(67): CodeIgniter\CodeIgniter->run()
WARNING - 2023-07-18 21:52:00 --> [DEPRECATED] Creation of dynamic property App\Controllers\Input::$Model_Input is deprecated in APPPATH\Controllers\Input.php on line 16.
 1 SYSTEMPATH\CodeIgniter.php(906): App\Controllers\Input->__construct()
 2 SYSTEMPATH\CodeIgniter.php(490): CodeIgniter\CodeIgniter->createController()
 3 SYSTEMPATH\CodeIgniter.php(368): CodeIgniter\CodeIgniter->handleRequest(null, Object(Config\Cache), false)
 4 FCPATH\index.php(67): CodeIgniter\CodeIgniter->run()
WARNING - 2023-07-18 21:53:10 --> [DEPRECATED] Creation of dynamic property App\Controllers\Input::$Model_Input is deprecated in APPPATH\Controllers\Input.php on line 16.
 1 SYSTEMPATH\CodeIgniter.php(906): App\Controllers\Input->__construct()
 2 SYSTEMPATH\CodeIgniter.php(490): CodeIgniter\CodeIgniter->createController()
 3 SYSTEMPATH\CodeIgniter.php(368): CodeIgniter\CodeIgniter->handleRequest(null, Object(Config\Cache), false)
 4 FCPATH\index.php(67): CodeIgniter\CodeIgniter->run()
WARNING - 2023-07-18 21:53:10 --> [DEPRECATED] Creation of dynamic property App\Controllers\Input::$Model_Input is deprecated in APPPATH\Controllers\Input.php on line 16.
 1 SYSTEMPATH\CodeIgniter.php(906): App\Controllers\Input->__construct()
 2 SYSTEMPATH\CodeIgniter.php(490): CodeIgniter\CodeIgniter->createController()
 3 SYSTEMPATH\CodeIgniter.php(368): CodeIgniter\CodeIgniter->handleRequest(null, Object(Config\Cache), false)
 4 FCPATH\index.php(67): CodeIgniter\CodeIgniter->run()
CRITICAL - 2023-07-18 21:53:10 --> Too few arguments to function App\Controllers\Input::Data_Porsi(), 0 passed in C:\xampp\htdocs\jaspel\vendor\codeigniter4\framework\system\CodeIgniter.php on line 934 and exactly 1 expected
in APPPATH\Controllers\Input.php on line 260.
 1 SYSTEMPATH\CodeIgniter.php(934): App\Controllers\Input->Data_Porsi()
 2 SYSTEMPATH\CodeIgniter.php(499): CodeIgniter\CodeIgniter->runController(Object(App\Controllers\Input))
 3 SYSTEMPATH\CodeIgniter.php(368): CodeIgniter\CodeIgniter->handleRequest(null, Object(Config\Cache), false)
 4 FCPATH\index.php(67): CodeIgniter\CodeIgniter->run()
CRITICAL - 2023-07-18 21:53:10 --> Undefined array key 0
in APPPATH\Controllers\Input.php on line 202.
 1 APPPATH\Controllers\Input.php(202): CodeIgniter\Debug\Exceptions->errorHandler(2, 'Undefined array key 0', 'C:\\xampp\\htdocs\\jaspel\\app\\Controllers\\Input.php', 202)
 2 SYSTEMPATH\CodeIgniter.php(934): App\Controllers\Input->Detail_Tindakan()
 3 SYSTEMPATH\CodeIgniter.php(499): CodeIgniter\CodeIgniter->runController(Object(App\Controllers\Input))
 4 SYSTEMPATH\CodeIgniter.php(368): CodeIgniter\CodeIgniter->handleRequest(null, Object(Config\Cache), false)
 5 FCPATH\index.php(67): CodeIgniter\CodeIgniter->run()
WARNING - 2023-07-18 21:53:12 --> [DEPRECATED] Creation of dynamic property App\Controllers\Input::$Model_Input is deprecated in APPPATH\Controllers\Input.php on line 16.
 1 SYSTEMPATH\CodeIgniter.php(906): App\Controllers\Input->__construct()
 2 SYSTEMPATH\CodeIgniter.php(490): CodeIgniter\CodeIgniter->createController()
 3 SYSTEMPATH\CodeIgniter.php(368): CodeIgniter\CodeIgniter->handleRequest(null, Object(Config\Cache), false)
 4 FCPATH\index.php(67): CodeIgniter\CodeIgniter->run()
WARNING - 2023-07-18 21:53:12 --> [DEPRECATED] Creation of dynamic property App\Controllers\Input::$Model_Input is deprecated in APPPATH\Controllers\Input.php on line 16.
 1 SYSTEMPATH\CodeIgniter.php(906): App\Controllers\Input->__construct()
 2 SYSTEMPATH\CodeIgniter.php(490): CodeIgniter\CodeIgniter->createController()
 3 SYSTEMPATH\CodeIgniter.php(368): CodeIgniter\CodeIgniter->handleRequest(null, Object(Config\Cache), false)
 4 FCPATH\index.php(67): CodeIgniter\CodeIgniter->run()
WARNING - 2023-07-18 21:53:12 --> [DEPRECATED] Creation of dynamic property App\Controllers\Input::$Model_Input is deprecated in APPPATH\Controllers\Input.php on line 16.
 1 SYSTEMPATH\CodeIgniter.php(906): App\Controllers\Input->__construct()
 2 SYSTEMPATH\CodeIgniter.php(490): CodeIgniter\CodeIgniter->createController()
 3 SYSTEMPATH\CodeIgniter.php(368): CodeIgniter\CodeIgniter->handleRequest(null, Object(Config\Cache), false)
 4 FCPATH\index.php(67): CodeIgniter\CodeIgniter->run()
WARNING - 2023-07-18 21:53:22 --> [DEPRECATED] Creation of dynamic property App\Controllers\Input::$Model_Input is deprecated in APPPATH\Controllers\Input.php on line 16.
 1 SYSTEMPATH\CodeIgniter.php(906): App\Controllers\Input->__construct()
 2 SYSTEMPATH\CodeIgniter.php(490): CodeIgniter\CodeIgniter->createController()
 3 SYSTEMPATH\CodeIgniter.php(368): CodeIgniter\CodeIgniter->handleRequest(null, Object(Config\Cache), false)
 4 FCPATH\index.php(67): CodeIgniter\CodeIgniter->run()
WARNING - 2023-07-18 21:53:23 --> [DEPRECATED] Creation of dynamic property App\Controllers\Input::$Model_Input is deprecated in APPPATH\Controllers\Input.php on line 16.
 1 SYSTEMPATH\CodeIgniter.php(906): App\Controllers\Input->__construct()
 2 SYSTEMPATH\CodeIgniter.php(490): CodeIgniter\CodeIgniter->createController()
 3 SYSTEMPATH\CodeIgniter.php(368): CodeIgniter\CodeIgniter->handleRequest(null, Object(Config\Cache), false)
 4 FCPATH\index.php(67): CodeIgniter\CodeIgniter->run()
INFO - 2023-07-18 14:53:31 --> Session: Class initialized using 'CodeIgniter\Session\Handlers\FileHandler' driver.
WARNING - 2023-07-18 21:53:32 --> [DEPRECATED] Creation of dynamic property App\Controllers\Input::$Model_Input is deprecated in APPPATH\Controllers\Input.php on line 16.
 1 SYSTEMPATH\CodeIgniter.php(906): App\Controllers\Input->__construct()
 2 SYSTEMPATH\CodeIgniter.php(490): CodeIgniter\CodeIgniter->createController()
 3 SYSTEMPATH\CodeIgniter.php(368): CodeIgniter\CodeIgniter->handleRequest(null, Object(Config\Cache), false)
 4 FCPATH\index.php(67): CodeIgniter\CodeIgniter->run()
INFO - 2023-07-18 21:53:32 --> Session: Class initialized using 'CodeIgniter\Session\Handlers\FileHandler' driver.
INFO - 2023-07-18 14:53:34 --> Session: Class initialized using 'CodeIgniter\Session\Handlers\FileHandler' driver.
WARNING - 2023-07-18 21:53:36 --> [DEPRECATED] Creation of dynamic property App\Controllers\Input::$Model_Input is deprecated in APPPATH\Controllers\Input.php on line 16.
 1 SYSTEMPATH\CodeIgniter.php(906): App\Controllers\Input->__construct()
 2 SYSTEMPATH\CodeIgniter.php(490): CodeIgniter\CodeIgniter->createController()
 3 SYSTEMPATH\CodeIgniter.php(368): CodeIgniter\CodeIgniter->handleRequest(null, Object(Config\Cache), false)
 4 FCPATH\index.php(67): CodeIgniter\CodeIgniter->run()
INFO - 2023-07-18 21:53:36 --> Session: Class initialized using 'CodeIgniter\Session\Handlers\FileHandler' driver.
WARNING - 2023-07-18 21:54:11 --> [DEPRECATED] Creation of dynamic property App\Controllers\Input::$Model_Input is deprecated in APPPATH\Controllers\Input.php on line 16.
 1 SYSTEMPATH\CodeIgniter.php(906): App\Controllers\Input->__construct()
 2 SYSTEMPATH\CodeIgniter.php(490): CodeIgniter\CodeIgniter->createController()
 3 SYSTEMPATH\CodeIgniter.php(368): CodeIgniter\CodeIgniter->handleRequest(null, Object(Config\Cache), false)
 4 FCPATH\index.php(67): CodeIgniter\CodeIgniter->run()
WARNING - 2023-07-18 21:54:12 --> [DEPRECATED] Creation of dynamic property App\Controllers\Input::$Model_Input is deprecated in APPPATH\Controllers\Input.php on line 16.
 1 SYSTEMPATH\CodeIgniter.php(906): App\Controllers\Input->__construct()
 2 SYSTEMPATH\CodeIgniter.php(490): CodeIgniter\CodeIgniter->createController()
 3 SYSTEMPATH\CodeIgniter.php(368): CodeIgniter\CodeIgniter->handleRequest(null, Object(Config\Cache), false)
 4 FCPATH\index.php(67): CodeIgniter\CodeIgniter->run()
INFO - 2023-07-18 21:54:12 --> Session: Class initialized using 'CodeIgniter\Session\Handlers\FileHandler' driver.
WARNING - 2023-07-18 21:54:36 --> [DEPRECATED] Creation of dynamic property App\Controllers\Input::$Model_Input is deprecated in APPPATH\Controllers\Input.php on line 16.
 1 SYSTEMPATH\CodeIgniter.php(906): App\Controllers\Input->__construct()
 2 SYSTEMPATH\CodeIgniter.php(490): CodeIgniter\CodeIgniter->createController()
 3 SYSTEMPATH\CodeIgniter.php(368): CodeIgniter\CodeIgniter->handleRequest(null, Object(Config\Cache), false)
 4 FCPATH\index.php(67): CodeIgniter\CodeIgniter->run()
WARNING - 2023-07-18 21:54:36 --> [DEPRECATED] Creation of dynamic property App\Controllers\Input::$Model_Input is deprecated in APPPATH\Controllers\Input.php on line 16.
 1 SYSTEMPATH\CodeIgniter.php(906): App\Controllers\Input->__construct()
 2 SYSTEMPATH\CodeIgniter.php(490): CodeIgniter\CodeIgniter->createController()
 3 SYSTEMPATH\CodeIgniter.php(368): CodeIgniter\CodeIgniter->handleRequest(null, Object(Config\Cache), false)
 4 FCPATH\index.php(67): CodeIgniter\CodeIgniter->run()
INFO - 2023-07-18 21:54:36 --> Session: Class initialized using 'CodeIgniter\Session\Handlers\FileHandler' driver.
WARNING - 2023-07-18 21:54:43 --> [DEPRECATED] Creation of dynamic property App\Controllers\Input::$Model_Input is deprecated in APPPATH\Controllers\Input.php on line 16.
 1 SYSTEMPATH\CodeIgniter.php(906): App\Controllers\Input->__construct()
 2 SYSTEMPATH\CodeIgniter.php(490): CodeIgniter\CodeIgniter->createController()
 3 SYSTEMPATH\CodeIgniter.php(368): CodeIgniter\CodeIgniter->handleRequest(null, Object(Config\Cache), false)
 4 FCPATH\index.php(67): CodeIgniter\CodeIgniter->run()
WARNING - 2023-07-18 21:54:43 --> [DEPRECATED] Creation of dynamic property App\Controllers\Input::$Model_Input is deprecated in APPPATH\Controllers\Input.php on line 16.
 1 SYSTEMPATH\CodeIgniter.php(906): App\Controllers\Input->__construct()
 2 SYSTEMPATH\CodeIgniter.php(490): CodeIgniter\CodeIgniter->createController()
 3 SYSTEMPATH\CodeIgniter.php(368): CodeIgniter\CodeIgniter->handleRequest(null, Object(Config\Cache), false)
 4 FCPATH\index.php(67): CodeIgniter\CodeIgniter->run()
INFO - 2023-07-18 21:54:43 --> Session: Class initialized using 'CodeIgniter\Session\Handlers\FileHandler' driver.
WARNING - 2023-07-18 21:54:49 --> [DEPRECATED] Creation of dynamic property App\Controllers\Input::$Model_Input is deprecated in APPPATH\Controllers\Input.php on line 16.
 1 SYSTEMPATH\CodeIgniter.php(906): App\Controllers\Input->__construct()
 2 SYSTEMPATH\CodeIgniter.php(490): CodeIgniter\CodeIgniter->createController()
 3 SYSTEMPATH\CodeIgniter.php(368): CodeIgniter\CodeIgniter->handleRequest(null, Object(Config\Cache), false)
 4 FCPATH\index.php(67): CodeIgniter\CodeIgniter->run()
WARNING - 2023-07-18 21:54:49 --> [DEPRECATED] Creation of dynamic property App\Controllers\Input::$Model_Input is deprecated in APPPATH\Controllers\Input.php on line 16.
 1 SYSTEMPATH\CodeIgniter.php(906): App\Controllers\Input->__construct()
 2 SYSTEMPATH\CodeIgniter.php(490): CodeIgniter\CodeIgniter->createController()
 3 SYSTEMPATH\CodeIgniter.php(368): CodeIgniter\CodeIgniter->handleRequest(null, Object(Config\Cache), false)
 4 FCPATH\index.php(67): CodeIgniter\CodeIgniter->run()
INFO - 2023-07-18 21:54:49 --> Session: Class initialized using 'CodeIgniter\Session\Handlers\FileHandler' driver.
WARNING - 2023-07-18 21:54:55 --> [DEPRECATED] Creation of dynamic property App\Controllers\Input::$Model_Input is deprecated in APPPATH\Controllers\Input.php on line 16.
 1 SYSTEMPATH\CodeIgniter.php(906): App\Controllers\Input->__construct()
 2 SYSTEMPATH\CodeIgniter.php(490): CodeIgniter\CodeIgniter->createController()
 3 SYSTEMPATH\CodeIgniter.php(368): CodeIgniter\CodeIgniter->handleRequest(null, Object(Config\Cache), false)
 4 FCPATH\index.php(67): CodeIgniter\CodeIgniter->run()
WARNING - 2023-07-18 21:54:55 --> [DEPRECATED] Creation of dynamic property App\Controllers\Input::$Model_Input is deprecated in APPPATH\Controllers\Input.php on line 16.
 1 SYSTEMPATH\CodeIgniter.php(906): App\Controllers\Input->__construct()
 2 SYSTEMPATH\CodeIgniter.php(490): CodeIgniter\CodeIgniter->createController()
 3 SYSTEMPATH\CodeIgniter.php(368): CodeIgniter\CodeIgniter->handleRequest(null, Object(Config\Cache), false)
 4 FCPATH\index.php(67): CodeIgniter\CodeIgniter->run()
INFO - 2023-07-18 21:54:55 --> Session: Class initialized using 'CodeIgniter\Session\Handlers\FileHandler' driver.
WARNING - 2023-07-18 21:54:59 --> [DEPRECATED] Creation of dynamic property App\Controllers\Input::$Model_Input is deprecated in APPPATH\Controllers\Input.php on line 16.
 1 SYSTEMPATH\CodeIgniter.php(906): App\Controllers\Input->__construct()
 2 SYSTEMPATH\CodeIgniter.php(490): CodeIgniter\CodeIgniter->createController()
 3 SYSTEMPATH\CodeIgniter.php(368): CodeIgniter\CodeIgniter->handleRequest(null, Object(Config\Cache), false)
 4 FCPATH\index.php(67): CodeIgniter\CodeIgniter->run()
WARNING - 2023-07-18 21:54:59 --> [DEPRECATED] Creation of dynamic property App\Controllers\Input::$Model_Input is deprecated in APPPATH\Controllers\Input.php on line 16.
 1 SYSTEMPATH\CodeIgniter.php(906): App\Controllers\Input->__construct()
 2 SYSTEMPATH\CodeIgniter.php(490): CodeIgniter\CodeIgniter->createController()
 3 SYSTEMPATH\CodeIgniter.php(368): CodeIgniter\CodeIgniter->handleRequest(null, Object(Config\Cache), false)
 4 FCPATH\index.php(67): CodeIgniter\CodeIgniter->run()
INFO - 2023-07-18 21:54:59 --> Session: Class initialized using 'CodeIgniter\Session\Handlers\FileHandler' driver.
WARNING - 2023-07-18 21:55:02 --> [DEPRECATED] Creation of dynamic property App\Controllers\Input::$Model_Input is deprecated in APPPATH\Controllers\Input.php on line 16.
 1 SYSTEMPATH\CodeIgniter.php(906): App\Controllers\Input->__construct()
 2 SYSTEMPATH\CodeIgniter.php(490): CodeIgniter\CodeIgniter->createController()
 3 SYSTEMPATH\CodeIgniter.php(368): CodeIgniter\CodeIgniter->handleRequest(null, Object(Config\Cache), false)
 4 FCPATH\index.php(67): CodeIgniter\CodeIgniter->run()
WARNING - 2023-07-18 21:55:02 --> [DEPRECATED] Creation of dynamic property App\Controllers\Input::$Model_Input is deprecated in APPPATH\Controllers\Input.php on line 16.
 1 SYSTEMPATH\CodeIgniter.php(906): App\Controllers\Input->__construct()
 2 SYSTEMPATH\CodeIgniter.php(490): CodeIgniter\CodeIgniter->createController()
 3 SYSTEMPATH\CodeIgniter.php(368): CodeIgniter\CodeIgniter->handleRequest(null, Object(Config\Cache), false)
 4 FCPATH\index.php(67): CodeIgniter\CodeIgniter->run()
INFO - 2023-07-18 21:55:03 --> Session: Class initialized using 'CodeIgniter\Session\Handlers\FileHandler' driver.
WARNING - 2023-07-18 22:34:52 --> [DEPRECATED] Creation of dynamic property App\Controllers\Input::$Model_Input is deprecated in APPPATH\Controllers\Input.php on line 16.
 1 SYSTEMPATH\CodeIgniter.php(906): App\Controllers\Input->__construct()
 2 SYSTEMPATH\CodeIgniter.php(490): CodeIgniter\CodeIgniter->createController()
 3 SYSTEMPATH\CodeIgniter.php(368): CodeIgniter\CodeIgniter->handleRequest(null, Object(Config\Cache), false)
 4 FCPATH\index.php(67): CodeIgniter\CodeIgniter->run()
INFO - 2023-07-18 22:34:52 --> Session: Class initialized using 'CodeIgniter\Session\Handlers\FileHandler' driver.
CRITICAL - 2023-07-18 22:34:52 --> Undefined array key "idt"
in APPPATH\Views\input\input.php on line 261.
 1 APPPATH\Views\input\input.php(261): CodeIgniter\Debug\Exceptions->errorHandler(2, 'Undefined array key "idt"', 'C:\\xampp\\htdocs\\jaspel\\app\\Views\\input\\input.php', 261)
 2 SYSTEMPATH\View\View.php(213): include('C:\\xampp\\htdocs\\jaspel\\app\\Views\\input\\input.php')
 3 SYSTEMPATH\View\View.php(216): CodeIgniter\View\View->CodeIgniter\View\{closure}()
 4 SYSTEMPATH\Common.php(1184): CodeIgniter\View\View->render('input/input', [], true)
 5 APPPATH\Views\layout\v_template.php(12): view('input/input')
 6 SYSTEMPATH\View\View.php(213): include('C:\\xampp\\htdocs\\jaspel\\app\\Views\\layout\\v_template.php')
 7 SYSTEMPATH\View\View.php(216): CodeIgniter\View\View->CodeIgniter\View\{closure}()
 8 SYSTEMPATH\Common.php(1184): CodeIgniter\View\View->render('layout/v_template', [], true)
 9 APPPATH\Controllers\Input.php(148): view('layout/v_template', [...])
10 SYSTEMPATH\CodeIgniter.php(934): App\Controllers\Input->Tindakan()
11 SYSTEMPATH\CodeIgniter.php(499): CodeIgniter\CodeIgniter->runController(Object(App\Controllers\Input))
12 SYSTEMPATH\CodeIgniter.php(368): CodeIgniter\CodeIgniter->handleRequest(null, Object(Config\Cache), false)
13 FCPATH\index.php(67): CodeIgniter\CodeIgniter->run()
INFO - 2023-07-18 15:35:10 --> Session: Class initialized using 'CodeIgniter\Session\Handlers\FileHandler' driver.
WARNING - 2023-07-18 22:35:11 --> [DEPRECATED] Creation of dynamic property App\Controllers\Input::$Model_Input is deprecated in APPPATH\Controllers\Input.php on line 16.
 1 SYSTEMPATH\CodeIgniter.php(906): App\Controllers\Input->__construct()
 2 SYSTEMPATH\CodeIgniter.php(490): CodeIgniter\CodeIgniter->createController()
 3 SYSTEMPATH\CodeIgniter.php(368): CodeIgniter\CodeIgniter->handleRequest(null, Object(Config\Cache), false)
 4 FCPATH\index.php(67): CodeIgniter\CodeIgniter->run()
INFO - 2023-07-18 22:35:11 --> Session: Class initialized using 'CodeIgniter\Session\Handlers\FileHandler' driver.
CRITICAL - 2023-07-18 22:35:11 --> Undefined array key "idt"
in APPPATH\Views\input\input.php on line 261.
 1 APPPATH\Views\input\input.php(261): CodeIgniter\Debug\Exceptions->errorHandler(2, 'Undefined array key "idt"', 'C:\\xampp\\htdocs\\jaspel\\app\\Views\\input\\input.php', 261)
 2 SYSTEMPATH\View\View.php(213): include('C:\\xampp\\htdocs\\jaspel\\app\\Views\\input\\input.php')
 3 SYSTEMPATH\View\View.php(216): CodeIgniter\View\View->CodeIgniter\View\{closure}()
 4 SYSTEMPATH\Common.php(1184): CodeIgniter\View\View->render('input/input', [], true)
 5 APPPATH\Views\layout\v_template.php(12): view('input/input')
 6 SYSTEMPATH\View\View.php(213): include('C:\\xampp\\htdocs\\jaspel\\app\\Views\\layout\\v_template.php')
 7 SYSTEMPATH\View\View.php(216): CodeIgniter\View\View->CodeIgniter\View\{closure}()
 8 SYSTEMPATH\Common.php(1184): CodeIgniter\View\View->render('layout/v_template', [], true)
 9 APPPATH\Controllers\Input.php(148): view('layout/v_template', [...])
10 SYSTEMPATH\CodeIgniter.php(934): App\Controllers\Input->Tindakan()
11 SYSTEMPATH\CodeIgniter.php(499): CodeIgniter\CodeIgniter->runController(Object(App\Controllers\Input))
12 SYSTEMPATH\CodeIgniter.php(368): CodeIgniter\CodeIgniter->handleRequest(null, Object(Config\Cache), false)
13 FCPATH\index.php(67): CodeIgniter\CodeIgniter->run()
WARNING - 2023-07-18 22:35:13 --> [DEPRECATED] Creation of dynamic property App\Controllers\Input::$Model_Input is deprecated in APPPATH\Controllers\Input.php on line 16.
 1 SYSTEMPATH\CodeIgniter.php(906): App\Controllers\Input->__construct()
 2 SYSTEMPATH\CodeIgniter.php(490): CodeIgniter\CodeIgniter->createController()
 3 SYSTEMPATH\CodeIgniter.php(368): CodeIgniter\CodeIgniter->handleRequest(null, Object(Config\Cache), false)
 4 FCPATH\index.php(67): CodeIgniter\CodeIgniter->run()
INFO - 2023-07-18 22:35:13 --> Session: Class initialized using 'CodeIgniter\Session\Handlers\FileHandler' driver.
WARNING - 2023-07-18 22:35:16 --> [DEPRECATED] Creation of dynamic property App\Controllers\Input::$Model_Input is deprecated in APPPATH\Controllers\Input.php on line 16.
 1 SYSTEMPATH\CodeIgniter.php(906): App\Controllers\Input->__construct()
 2 SYSTEMPATH\CodeIgniter.php(490): CodeIgniter\CodeIgniter->createController()
 3 SYSTEMPATH\CodeIgniter.php(368): CodeIgniter\CodeIgniter->handleRequest(null, Object(Config\Cache), false)
 4 FCPATH\index.php(67): CodeIgniter\CodeIgniter->run()
INFO - 2023-07-18 22:35:16 --> Session: Class initialized using 'CodeIgniter\Session\Handlers\FileHandler' driver.
INFO - 2023-07-18 15:36:15 --> Session: Class initialized using 'CodeIgniter\Session\Handlers\FileHandler' driver.
WARNING - 2023-07-18 22:36:17 --> [DEPRECATED] Creation of dynamic property App\Controllers\Input::$Model_Input is deprecated in APPPATH\Controllers\Input.php on line 16.
 1 SYSTEMPATH\CodeIgniter.php(906): App\Controllers\Input->__construct()
 2 SYSTEMPATH\CodeIgniter.php(490): CodeIgniter\CodeIgniter->createController()
 3 SYSTEMPATH\CodeIgniter.php(368): CodeIgniter\CodeIgniter->handleRequest(null, Object(Config\Cache), false)
 4 FCPATH\index.php(67): CodeIgniter\CodeIgniter->run()
INFO - 2023-07-18 22:36:17 --> Session: Class initialized using 'CodeIgniter\Session\Handlers\FileHandler' driver.
CRITICAL - 2023-07-18 22:36:17 --> Undefined array key "idt"
in APPPATH\Views\input\input.php on line 261.
 1 APPPATH\Views\input\input.php(261): CodeIgniter\Debug\Exceptions->errorHandler(2, 'Undefined array key "idt"', 'C:\\xampp\\htdocs\\jaspel\\app\\Views\\input\\input.php', 261)
 2 SYSTEMPATH\View\View.php(213): include('C:\\xampp\\htdocs\\jaspel\\app\\Views\\input\\input.php')
 3 SYSTEMPATH\View\View.php(216): CodeIgniter\View\View->CodeIgniter\View\{closure}()
 4 SYSTEMPATH\Common.php(1184): CodeIgniter\View\View->render('input/input', [], true)
 5 APPPATH\Views\layout\v_template.php(12): view('input/input')
 6 SYSTEMPATH\View\View.php(213): include('C:\\xampp\\htdocs\\jaspel\\app\\Views\\layout\\v_template.php')
 7 SYSTEMPATH\View\View.php(216): CodeIgniter\View\View->CodeIgniter\View\{closure}()
 8 SYSTEMPATH\Common.php(1184): CodeIgniter\View\View->render('layout/v_template', [], true)
 9 APPPATH\Controllers\Input.php(148): view('layout/v_template', [...])
10 SYSTEMPATH\CodeIgniter.php(934): App\Controllers\Input->Tindakan()
11 SYSTEMPATH\CodeIgniter.php(499): CodeIgniter\CodeIgniter->runController(Object(App\Controllers\Input))
12 SYSTEMPATH\CodeIgniter.php(368): CodeIgniter\CodeIgniter->handleRequest(null, Object(Config\Cache), false)
13 FCPATH\index.php(67): CodeIgniter\CodeIgniter->run()
INFO - 2023-07-18 15:37:52 --> Session: Class initialized using 'CodeIgniter\Session\Handlers\FileHandler' driver.
WARNING - 2023-07-18 22:37:53 --> [DEPRECATED] Creation of dynamic property App\Controllers\Input::$Model_Input is deprecated in APPPATH\Controllers\Input.php on line 16.
 1 SYSTEMPATH\CodeIgniter.php(906): App\Controllers\Input->__construct()
 2 SYSTEMPATH\CodeIgniter.php(490): CodeIgniter\CodeIgniter->createController()
 3 SYSTEMPATH\CodeIgniter.php(368): CodeIgniter\CodeIgniter->handleRequest(null, Object(Config\Cache), false)
 4 FCPATH\index.php(67): CodeIgniter\CodeIgniter->run()
INFO - 2023-07-18 22:37:53 --> Session: Class initialized using 'CodeIgniter\Session\Handlers\FileHandler' driver.
CRITICAL - 2023-07-18 22:37:53 --> Undefined array key "idt"
in APPPATH\Views\input\input.php on line 261.
 1 APPPATH\Views\input\input.php(261): CodeIgniter\Debug\Exceptions->errorHandler(2, 'Undefined array key "idt"', 'C:\\xampp\\htdocs\\jaspel\\app\\Views\\input\\input.php', 261)
 2 SYSTEMPATH\View\View.php(213): include('C:\\xampp\\htdocs\\jaspel\\app\\Views\\input\\input.php')
 3 SYSTEMPATH\View\View.php(216): CodeIgniter\View\View->CodeIgniter\View\{closure}()
 4 SYSTEMPATH\Common.php(1184): CodeIgniter\View\View->render('input/input', [], true)
 5 APPPATH\Views\layout\v_template.php(12): view('input/input')
 6 SYSTEMPATH\View\View.php(213): include('C:\\xampp\\htdocs\\jaspel\\app\\Views\\layout\\v_template.php')
 7 SYSTEMPATH\View\View.php(216): CodeIgniter\View\View->CodeIgniter\View\{closure}()
 8 SYSTEMPATH\Common.php(1184): CodeIgniter\View\View->render('layout/v_template', [], true)
 9 APPPATH\Controllers\Input.php(148): view('layout/v_template', [...])
10 SYSTEMPATH\CodeIgniter.php(934): App\Controllers\Input->Tindakan()
11 SYSTEMPATH\CodeIgniter.php(499): CodeIgniter\CodeIgniter->runController(Object(App\Controllers\Input))
12 SYSTEMPATH\CodeIgniter.php(368): CodeIgniter\CodeIgniter->handleRequest(null, Object(Config\Cache), false)
13 FCPATH\index.php(67): CodeIgniter\CodeIgniter->run()
WARNING - 2023-07-18 22:38:55 --> [DEPRECATED] Creation of dynamic property App\Controllers\Input::$Model_Input is deprecated in APPPATH\Controllers\Input.php on line 16.
 1 SYSTEMPATH\CodeIgniter.php(906): App\Controllers\Input->__construct()
 2 SYSTEMPATH\CodeIgniter.php(490): CodeIgniter\CodeIgniter->createController()
 3 SYSTEMPATH\CodeIgniter.php(368): CodeIgniter\CodeIgniter->handleRequest(null, Object(Config\Cache), false)
 4 FCPATH\index.php(67): CodeIgniter\CodeIgniter->run()
INFO - 2023-07-18 22:38:55 --> Session: Class initialized using 'CodeIgniter\Session\Handlers\FileHandler' driver.
INFO - 2023-07-18 15:39:21 --> Session: Class initialized using 'CodeIgniter\Session\Handlers\FileHandler' driver.
WARNING - 2023-07-18 22:39:22 --> [DEPRECATED] Creation of dynamic property App\Controllers\Input::$Model_Input is deprecated in APPPATH\Controllers\Input.php on line 16.
 1 SYSTEMPATH\CodeIgniter.php(906): App\Controllers\Input->__construct()
 2 SYSTEMPATH\CodeIgniter.php(490): CodeIgniter\CodeIgniter->createController()
 3 SYSTEMPATH\CodeIgniter.php(368): CodeIgniter\CodeIgniter->handleRequest(null, Object(Config\Cache), false)
 4 FCPATH\index.php(67): CodeIgniter\CodeIgniter->run()
INFO - 2023-07-18 22:39:22 --> Session: Class initialized using 'CodeIgniter\Session\Handlers\FileHandler' driver.
WARNING - 2023-07-18 22:39:54 --> [DEPRECATED] Creation of dynamic property App\Controllers\Input::$Model_Input is deprecated in APPPATH\Controllers\Input.php on line 16.
 1 SYSTEMPATH\CodeIgniter.php(906): App\Controllers\Input->__construct()
 2 SYSTEMPATH\CodeIgniter.php(490): CodeIgniter\CodeIgniter->createController()
 3 SYSTEMPATH\CodeIgniter.php(368): CodeIgniter\CodeIgniter->handleRequest(null, Object(Config\Cache), false)
 4 FCPATH\index.php(67): CodeIgniter\CodeIgniter->run()
INFO - 2023-07-18 22:39:54 --> Session: Class initialized using 'CodeIgniter\Session\Handlers\FileHandler' driver.
WARNING - 2023-07-18 22:41:57 --> [DEPRECATED] Creation of dynamic property App\Controllers\Input::$Model_Input is deprecated in APPPATH\Controllers\Input.php on line 16.
 1 SYSTEMPATH\CodeIgniter.php(906): App\Controllers\Input->__construct()
 2 SYSTEMPATH\CodeIgniter.php(490): CodeIgniter\CodeIgniter->createController()
 3 SYSTEMPATH\CodeIgniter.php(368): CodeIgniter\CodeIgniter->handleRequest(null, Object(Config\Cache), false)
 4 FCPATH\index.php(67): CodeIgniter\CodeIgniter->run()
INFO - 2023-07-18 22:41:57 --> Session: Class initialized using 'CodeIgniter\Session\Handlers\FileHandler' driver.
INFO - 2023-07-18 15:42:50 --> Session: Class initialized using 'CodeIgniter\Session\Handlers\FileHandler' driver.
WARNING - 2023-07-18 22:42:51 --> [DEPRECATED] Creation of dynamic property App\Controllers\Input::$Model_Input is deprecated in APPPATH\Controllers\Input.php on line 16.
 1 SYSTEMPATH\CodeIgniter.php(906): App\Controllers\Input->__construct()
 2 SYSTEMPATH\CodeIgniter.php(490): CodeIgniter\CodeIgniter->createController()
 3 SYSTEMPATH\CodeIgniter.php(368): CodeIgniter\CodeIgniter->handleRequest(null, Object(Config\Cache), false)
 4 FCPATH\index.php(67): CodeIgniter\CodeIgniter->run()
INFO - 2023-07-18 22:42:51 --> Session: Class initialized using 'CodeIgniter\Session\Handlers\FileHandler' driver.
WARNING - 2023-07-18 22:42:53 --> [DEPRECATED] Creation of dynamic property App\Controllers\Input::$Model_Input is deprecated in APPPATH\Controllers\Input.php on line 16.
 1 SYSTEMPATH\CodeIgniter.php(906): App\Controllers\Input->__construct()
 2 SYSTEMPATH\CodeIgniter.php(490): CodeIgniter\CodeIgniter->createController()
 3 SYSTEMPATH\CodeIgniter.php(368): CodeIgniter\CodeIgniter->handleRequest(null, Object(Config\Cache), false)
 4 FCPATH\index.php(67): CodeIgniter\CodeIgniter->run()
INFO - 2023-07-18 22:42:53 --> Session: Class initialized using 'CodeIgniter\Session\Handlers\FileHandler' driver.
WARNING - 2023-07-18 22:43:11 --> [DEPRECATED] Creation of dynamic property App\Controllers\Input::$Model_Input is deprecated in APPPATH\Controllers\Input.php on line 16.
 1 SYSTEMPATH\CodeIgniter.php(906): App\Controllers\Input->__construct()
 2 SYSTEMPATH\CodeIgniter.php(490): CodeIgniter\CodeIgniter->createController()
 3 SYSTEMPATH\CodeIgniter.php(368): CodeIgniter\CodeIgniter->handleRequest(null, Object(Config\Cache), false)
 4 FCPATH\index.php(67): CodeIgniter\CodeIgniter->run()
WARNING - 2023-07-18 22:43:11 --> [DEPRECATED] Creation of dynamic property App\Controllers\Input::$Model_Input is deprecated in APPPATH\Controllers\Input.php on line 16.
 1 SYSTEMPATH\CodeIgniter.php(906): App\Controllers\Input->__construct()
 2 SYSTEMPATH\CodeIgniter.php(490): CodeIgniter\CodeIgniter->createController()
 3 SYSTEMPATH\CodeIgniter.php(368): CodeIgniter\CodeIgniter->handleRequest(null, Object(Config\Cache), false)
 4 FCPATH\index.php(67): CodeIgniter\CodeIgniter->run()
INFO - 2023-07-18 22:43:11 --> Session: Class initialized using 'CodeIgniter\Session\Handlers\FileHandler' driver.
WARNING - 2023-07-18 22:43:16 --> [DEPRECATED] Creation of dynamic property App\Controllers\Input::$Model_Input is deprecated in APPPATH\Controllers\Input.php on line 16.
 1 SYSTEMPATH\CodeIgniter.php(906): App\Controllers\Input->__construct()
 2 SYSTEMPATH\CodeIgniter.php(490): CodeIgniter\CodeIgniter->createController()
 3 SYSTEMPATH\CodeIgniter.php(368): CodeIgniter\CodeIgniter->handleRequest(null, Object(Config\Cache), false)
 4 FCPATH\index.php(67): CodeIgniter\CodeIgniter->run()
WARNING - 2023-07-18 22:43:16 --> [DEPRECATED] Creation of dynamic property App\Controllers\Input::$Model_Input is deprecated in APPPATH\Controllers\Input.php on line 16.
 1 SYSTEMPATH\CodeIgniter.php(906): App\Controllers\Input->__construct()
 2 SYSTEMPATH\CodeIgniter.php(490): CodeIgniter\CodeIgniter->createController()
 3 SYSTEMPATH\CodeIgniter.php(368): CodeIgniter\CodeIgniter->handleRequest(null, Object(Config\Cache), false)
 4 FCPATH\index.php(67): CodeIgniter\CodeIgniter->run()
WARNING - 2023-07-18 22:43:17 --> [DEPRECATED] Creation of dynamic property App\Controllers\Input::$Model_Input is deprecated in APPPATH\Controllers\Input.php on line 16.
 1 SYSTEMPATH\CodeIgniter.php(906): App\Controllers\Input->__construct()
 2 SYSTEMPATH\CodeIgniter.php(490): CodeIgniter\CodeIgniter->createController()
 3 SYSTEMPATH\CodeIgniter.php(368): CodeIgniter\CodeIgniter->handleRequest(null, Object(Config\Cache), false)
 4 FCPATH\index.php(67): CodeIgniter\CodeIgniter->run()
WARNING - 2023-07-18 22:43:24 --> [DEPRECATED] Creation of dynamic property App\Controllers\Input::$Model_Input is deprecated in APPPATH\Controllers\Input.php on line 16.
 1 SYSTEMPATH\CodeIgniter.php(906): App\Controllers\Input->__construct()
 2 SYSTEMPATH\CodeIgniter.php(490): CodeIgniter\CodeIgniter->createController()
 3 SYSTEMPATH\CodeIgniter.php(368): CodeIgniter\CodeIgniter->handleRequest(null, Object(Config\Cache), false)
 4 FCPATH\index.php(67): CodeIgniter\CodeIgniter->run()
WARNING - 2023-07-18 22:43:26 --> [DEPRECATED] Creation of dynamic property App\Controllers\Input::$Model_Input is deprecated in APPPATH\Controllers\Input.php on line 16.
 1 SYSTEMPATH\CodeIgniter.php(906): App\Controllers\Input->__construct()
 2 SYSTEMPATH\CodeIgniter.php(490): CodeIgniter\CodeIgniter->createController()
 3 SYSTEMPATH\CodeIgniter.php(368): CodeIgniter\CodeIgniter->handleRequest(null, Object(Config\Cache), false)
 4 FCPATH\index.php(67): CodeIgniter\CodeIgniter->run()
INFO - 2023-07-18 22:43:26 --> Session: Class initialized using 'CodeIgniter\Session\Handlers\FileHandler' driver.
INFO - 2023-07-18 15:45:54 --> Session: Class initialized using 'CodeIgniter\Session\Handlers\FileHandler' driver.
WARNING - 2023-07-18 22:45:54 --> [DEPRECATED] Creation of dynamic property App\Controllers\Input::$Model_Input is deprecated in APPPATH\Controllers\Input.php on line 16.
 1 SYSTEMPATH\CodeIgniter.php(906): App\Controllers\Input->__construct()
 2 SYSTEMPATH\CodeIgniter.php(490): CodeIgniter\CodeIgniter->createController()
 3 SYSTEMPATH\CodeIgniter.php(368): CodeIgniter\CodeIgniter->handleRequest(null, Object(Config\Cache), false)
 4 FCPATH\index.php(67): CodeIgniter\CodeIgniter->run()
INFO - 2023-07-18 22:45:55 --> Session: Class initialized using 'CodeIgniter\Session\Handlers\FileHandler' driver.
WARNING - 2023-07-18 22:45:56 --> [DEPRECATED] Creation of dynamic property App\Controllers\Input::$Model_Input is deprecated in APPPATH\Controllers\Input.php on line 16.
 1 SYSTEMPATH\CodeIgniter.php(906): App\Controllers\Input->__construct()
 2 SYSTEMPATH\CodeIgniter.php(490): CodeIgniter\CodeIgniter->createController()
 3 SYSTEMPATH\CodeIgniter.php(368): CodeIgniter\CodeIgniter->handleRequest(null, Object(Config\Cache), false)
 4 FCPATH\index.php(67): CodeIgniter\CodeIgniter->run()
WARNING - 2023-07-18 22:45:56 --> [DEPRECATED] Creation of dynamic property App\Controllers\Input::$Model_Input is deprecated in APPPATH\Controllers\Input.php on line 16.
 1 SYSTEMPATH\CodeIgniter.php(906): App\Controllers\Input->__construct()
 2 SYSTEMPATH\CodeIgniter.php(490): CodeIgniter\CodeIgniter->createController()
 3 SYSTEMPATH\CodeIgniter.php(368): CodeIgniter\CodeIgniter->handleRequest(null, Object(Config\Cache), false)
 4 FCPATH\index.php(67): CodeIgniter\CodeIgniter->run()
INFO - 2023-07-18 22:45:56 --> Session: Class initialized using 'CodeIgniter\Session\Handlers\FileHandler' driver.
WARNING - 2023-07-18 22:46:41 --> [DEPRECATED] Creation of dynamic property App\Controllers\Input::$Model_Input is deprecated in APPPATH\Controllers\Input.php on line 16.
 1 SYSTEMPATH\CodeIgniter.php(906): App\Controllers\Input->__construct()
 2 SYSTEMPATH\CodeIgniter.php(490): CodeIgniter\CodeIgniter->createController()
 3 SYSTEMPATH\CodeIgniter.php(368): CodeIgniter\CodeIgniter->handleRequest(null, Object(Config\Cache), false)
 4 FCPATH\index.php(67): CodeIgniter\CodeIgniter->run()
WARNING - 2023-07-18 22:46:41 --> [DEPRECATED] Creation of dynamic property App\Controllers\Input::$Model_Input is deprecated in APPPATH\Controllers\Input.php on line 16.
 1 SYSTEMPATH\CodeIgniter.php(906): App\Controllers\Input->__construct()
 2 SYSTEMPATH\CodeIgniter.php(490): CodeIgniter\CodeIgniter->createController()
 3 SYSTEMPATH\CodeIgniter.php(368): CodeIgniter\CodeIgniter->handleRequest(null, Object(Config\Cache), false)
 4 FCPATH\index.php(67): CodeIgniter\CodeIgniter->run()
INFO - 2023-07-18 22:46:41 --> Session: Class initialized using 'CodeIgniter\Session\Handlers\FileHandler' driver.
WARNING - 2023-07-18 22:46:51 --> [DEPRECATED] Creation of dynamic property App\Controllers\Input::$Model_Input is deprecated in APPPATH\Controllers\Input.php on line 16.
 1 SYSTEMPATH\CodeIgniter.php(906): App\Controllers\Input->__construct()
 2 SYSTEMPATH\CodeIgniter.php(490): CodeIgniter\CodeIgniter->createController()
 3 SYSTEMPATH\CodeIgniter.php(368): CodeIgniter\CodeIgniter->handleRequest(null, Object(Config\Cache), false)
 4 FCPATH\index.php(67): CodeIgniter\CodeIgniter->run()
WARNING - 2023-07-18 22:46:51 --> [DEPRECATED] Creation of dynamic property App\Controllers\Input::$Model_Input is deprecated in APPPATH\Controllers\Input.php on line 16.
 1 SYSTEMPATH\CodeIgniter.php(906): App\Controllers\Input->__construct()
 2 SYSTEMPATH\CodeIgniter.php(490): CodeIgniter\CodeIgniter->createController()
 3 SYSTEMPATH\CodeIgniter.php(368): CodeIgniter\CodeIgniter->handleRequest(null, Object(Config\Cache), false)
 4 FCPATH\index.php(67): CodeIgniter\CodeIgniter->run()
WARNING - 2023-07-18 22:46:51 --> [DEPRECATED] Creation of dynamic property App\Controllers\Input::$Model_Input is deprecated in APPPATH\Controllers\Input.php on line 16.
 1 SYSTEMPATH\CodeIgniter.php(906): App\Controllers\Input->__construct()
 2 SYSTEMPATH\CodeIgniter.php(490): CodeIgniter\CodeIgniter->createController()
 3 SYSTEMPATH\CodeIgniter.php(368): CodeIgniter\CodeIgniter->handleRequest(null, Object(Config\Cache), false)
 4 FCPATH\index.php(67): CodeIgniter\CodeIgniter->run()
WARNING - 2023-07-18 22:46:53 --> [DEPRECATED] Creation of dynamic property App\Controllers\Input::$Model_Input is deprecated in APPPATH\Controllers\Input.php on line 16.
 1 SYSTEMPATH\CodeIgniter.php(906): App\Controllers\Input->__construct()
 2 SYSTEMPATH\CodeIgniter.php(490): CodeIgniter\CodeIgniter->createController()
 3 SYSTEMPATH\CodeIgniter.php(368): CodeIgniter\CodeIgniter->handleRequest(null, Object(Config\Cache), false)
 4 FCPATH\index.php(67): CodeIgniter\CodeIgniter->run()
WARNING - 2023-07-18 22:46:53 --> [DEPRECATED] Creation of dynamic property App\Controllers\Input::$Model_Input is deprecated in APPPATH\Controllers\Input.php on line 16.
 1 SYSTEMPATH\CodeIgniter.php(906): App\Controllers\Input->__construct()
 2 SYSTEMPATH\CodeIgniter.php(490): CodeIgniter\CodeIgniter->createController()
 3 SYSTEMPATH\CodeIgniter.php(368): CodeIgniter\CodeIgniter->handleRequest(null, Object(Config\Cache), false)
 4 FCPATH\index.php(67): CodeIgniter\CodeIgniter->run()
WARNING - 2023-07-18 22:46:53 --> [DEPRECATED] Creation of dynamic property App\Controllers\Input::$Model_Input is deprecated in APPPATH\Controllers\Input.php on line 16.
 1 SYSTEMPATH\CodeIgniter.php(906): App\Controllers\Input->__construct()
 2 SYSTEMPATH\CodeIgniter.php(490): CodeIgniter\CodeIgniter->createController()
 3 SYSTEMPATH\CodeIgniter.php(368): CodeIgniter\CodeIgniter->handleRequest(null, Object(Config\Cache), false)
 4 FCPATH\index.php(67): CodeIgniter\CodeIgniter->run()
WARNING - 2023-07-18 22:46:55 --> [DEPRECATED] Creation of dynamic property App\Controllers\Input::$Model_Input is deprecated in APPPATH\Controllers\Input.php on line 16.
 1 SYSTEMPATH\CodeIgniter.php(906): App\Controllers\Input->__construct()
 2 SYSTEMPATH\CodeIgniter.php(490): CodeIgniter\CodeIgniter->createController()
 3 SYSTEMPATH\CodeIgniter.php(368): CodeIgniter\CodeIgniter->handleRequest(null, Object(Config\Cache), false)
 4 FCPATH\index.php(67): CodeIgniter\CodeIgniter->run()
WARNING - 2023-07-18 22:47:00 --> [DEPRECATED] Creation of dynamic property App\Controllers\Input::$Model_Input is deprecated in APPPATH\Controllers\Input.php on line 16.
 1 SYSTEMPATH\CodeIgniter.php(906): App\Controllers\Input->__construct()
 2 SYSTEMPATH\CodeIgniter.php(490): CodeIgniter\CodeIgniter->createController()
 3 SYSTEMPATH\CodeIgniter.php(368): CodeIgniter\CodeIgniter->handleRequest(null, Object(Config\Cache), false)
 4 FCPATH\index.php(67): CodeIgniter\CodeIgniter->run()
WARNING - 2023-07-18 22:50:50 --> [DEPRECATED] Creation of dynamic property App\Controllers\Input::$Model_Input is deprecated in APPPATH\Controllers\Input.php on line 16.
 1 SYSTEMPATH\CodeIgniter.php(906): App\Controllers\Input->__construct()
 2 SYSTEMPATH\CodeIgniter.php(490): CodeIgniter\CodeIgniter->createController()
 3 SYSTEMPATH\CodeIgniter.php(368): CodeIgniter\CodeIgniter->handleRequest(null, Object(Config\Cache), false)
 4 FCPATH\index.php(67): CodeIgniter\CodeIgniter->run()
INFO - 2023-07-18 22:50:50 --> Session: Class initialized using 'CodeIgniter\Session\Handlers\FileHandler' driver.
INFO - 2023-07-18 15:51:03 --> Session: Class initialized using 'CodeIgniter\Session\Handlers\FileHandler' driver.
WARNING - 2023-07-18 22:51:04 --> [DEPRECATED] Creation of dynamic property App\Controllers\Input::$Model_Input is deprecated in APPPATH\Controllers\Input.php on line 16.
 1 SYSTEMPATH\CodeIgniter.php(906): App\Controllers\Input->__construct()
 2 SYSTEMPATH\CodeIgniter.php(490): CodeIgniter\CodeIgniter->createController()
 3 SYSTEMPATH\CodeIgniter.php(368): CodeIgniter\CodeIgniter->handleRequest(null, Object(Config\Cache), false)
 4 FCPATH\index.php(67): CodeIgniter\CodeIgniter->run()
INFO - 2023-07-18 22:51:04 --> Session: Class initialized using 'CodeIgniter\Session\Handlers\FileHandler' driver.
WARNING - 2023-07-18 22:51:34 --> [DEPRECATED] Creation of dynamic property App\Controllers\Input::$Model_Input is deprecated in APPPATH\Controllers\Input.php on line 16.
 1 SYSTEMPATH\CodeIgniter.php(906): App\Controllers\Input->__construct()
 2 SYSTEMPATH\CodeIgniter.php(490): CodeIgniter\CodeIgniter->createController()
 3 SYSTEMPATH\CodeIgniter.php(368): CodeIgniter\CodeIgniter->handleRequest(null, Object(Config\Cache), false)
 4 FCPATH\index.php(67): CodeIgniter\CodeIgniter->run()
INFO - 2023-07-18 22:51:34 --> Session: Class initialized using 'CodeIgniter\Session\Handlers\FileHandler' driver.
WARNING - 2023-07-18 22:52:08 --> [DEPRECATED] Creation of dynamic property App\Controllers\Input::$Model_Input is deprecated in APPPATH\Controllers\Input.php on line 16.
 1 SYSTEMPATH\CodeIgniter.php(906): App\Controllers\Input->__construct()
 2 SYSTEMPATH\CodeIgniter.php(490): CodeIgniter\CodeIgniter->createController()
 3 SYSTEMPATH\CodeIgniter.php(368): CodeIgniter\CodeIgniter->handleRequest(null, Object(Config\Cache), false)
 4 FCPATH\index.php(67): CodeIgniter\CodeIgniter->run()
WARNING - 2023-07-18 22:52:09 --> [DEPRECATED] Creation of dynamic property App\Controllers\Input::$Model_Input is deprecated in APPPATH\Controllers\Input.php on line 16.
 1 SYSTEMPATH\CodeIgniter.php(906): App\Controllers\Input->__construct()
 2 SYSTEMPATH\CodeIgniter.php(490): CodeIgniter\CodeIgniter->createController()
 3 SYSTEMPATH\CodeIgniter.php(368): CodeIgniter\CodeIgniter->handleRequest(null, Object(Config\Cache), false)
 4 FCPATH\index.php(67): CodeIgniter\CodeIgniter->run()
INFO - 2023-07-18 22:52:09 --> Session: Class initialized using 'CodeIgniter\Session\Handlers\FileHandler' driver.
WARNING - 2023-07-18 22:52:12 --> [DEPRECATED] Creation of dynamic property App\Controllers\Input::$Model_Input is deprecated in APPPATH\Controllers\Input.php on line 16.
 1 SYSTEMPATH\CodeIgniter.php(906): App\Controllers\Input->__construct()
 2 SYSTEMPATH\CodeIgniter.php(490): CodeIgniter\CodeIgniter->createController()
 3 SYSTEMPATH\CodeIgniter.php(368): CodeIgniter\CodeIgniter->handleRequest(null, Object(Config\Cache), false)
 4 FCPATH\index.php(67): CodeIgniter\CodeIgniter->run()
WARNING - 2023-07-18 22:52:12 --> [DEPRECATED] Creation of dynamic property App\Controllers\Input::$Model_Input is deprecated in APPPATH\Controllers\Input.php on line 16.
 1 SYSTEMPATH\CodeIgniter.php(906): App\Controllers\Input->__construct()
 2 SYSTEMPATH\CodeIgniter.php(490): CodeIgniter\CodeIgniter->createController()
 3 SYSTEMPATH\CodeIgniter.php(368): CodeIgniter\CodeIgniter->handleRequest(null, Object(Config\Cache), false)
 4 FCPATH\index.php(67): CodeIgniter\CodeIgniter->run()
INFO - 2023-07-18 22:52:13 --> Session: Class initialized using 'CodeIgniter\Session\Handlers\FileHandler' driver.
WARNING - 2023-07-18 22:52:16 --> [DEPRECATED] Creation of dynamic property App\Controllers\Input::$Model_Input is deprecated in APPPATH\Controllers\Input.php on line 16.
 1 SYSTEMPATH\CodeIgniter.php(906): App\Controllers\Input->__construct()
 2 SYSTEMPATH\CodeIgniter.php(490): CodeIgniter\CodeIgniter->createController()
 3 SYSTEMPATH\CodeIgniter.php(368): CodeIgniter\CodeIgniter->handleRequest(null, Object(Config\Cache), false)
 4 FCPATH\index.php(67): CodeIgniter\CodeIgniter->run()
WARNING - 2023-07-18 22:52:16 --> [DEPRECATED] Creation of dynamic property App\Controllers\Input::$Model_Input is deprecated in APPPATH\Controllers\Input.php on line 16.
 1 SYSTEMPATH\CodeIgniter.php(906): App\Controllers\Input->__construct()
 2 SYSTEMPATH\CodeIgniter.php(490): CodeIgniter\CodeIgniter->createController()
 3 SYSTEMPATH\CodeIgniter.php(368): CodeIgniter\CodeIgniter->handleRequest(null, Object(Config\Cache), false)
 4 FCPATH\index.php(67): CodeIgniter\CodeIgniter->run()
INFO - 2023-07-18 22:52:16 --> Session: Class initialized using 'CodeIgniter\Session\Handlers\FileHandler' driver.
WARNING - 2023-07-18 22:52:19 --> [DEPRECATED] Creation of dynamic property App\Controllers\Input::$Model_Input is deprecated in APPPATH\Controllers\Input.php on line 16.
 1 SYSTEMPATH\CodeIgniter.php(906): App\Controllers\Input->__construct()
 2 SYSTEMPATH\CodeIgniter.php(490): CodeIgniter\CodeIgniter->createController()
 3 SYSTEMPATH\CodeIgniter.php(368): CodeIgniter\CodeIgniter->handleRequest(null, Object(Config\Cache), false)
 4 FCPATH\index.php(67): CodeIgniter\CodeIgniter->run()
WARNING - 2023-07-18 22:52:19 --> [DEPRECATED] Creation of dynamic property App\Controllers\Input::$Model_Input is deprecated in APPPATH\Controllers\Input.php on line 16.
 1 SYSTEMPATH\CodeIgniter.php(906): App\Controllers\Input->__construct()
 2 SYSTEMPATH\CodeIgniter.php(490): CodeIgniter\CodeIgniter->createController()
 3 SYSTEMPATH\CodeIgniter.php(368): CodeIgniter\CodeIgniter->handleRequest(null, Object(Config\Cache), false)
 4 FCPATH\index.php(67): CodeIgniter\CodeIgniter->run()
INFO - 2023-07-18 22:52:19 --> Session: Class initialized using 'CodeIgniter\Session\Handlers\FileHandler' driver.
WARNING - 2023-07-18 22:52:21 --> [DEPRECATED] Creation of dynamic property App\Controllers\Input::$Model_Input is deprecated in APPPATH\Controllers\Input.php on line 16.
 1 SYSTEMPATH\CodeIgniter.php(906): App\Controllers\Input->__construct()
 2 SYSTEMPATH\CodeIgniter.php(490): CodeIgniter\CodeIgniter->createController()
 3 SYSTEMPATH\CodeIgniter.php(368): CodeIgniter\CodeIgniter->handleRequest(null, Object(Config\Cache), false)
 4 FCPATH\index.php(67): CodeIgniter\CodeIgniter->run()
WARNING - 2023-07-18 22:52:21 --> [DEPRECATED] Creation of dynamic property App\Controllers\Input::$Model_Input is deprecated in APPPATH\Controllers\Input.php on line 16.
 1 SYSTEMPATH\CodeIgniter.php(906): App\Controllers\Input->__construct()
 2 SYSTEMPATH\CodeIgniter.php(490): CodeIgniter\CodeIgniter->createController()
 3 SYSTEMPATH\CodeIgniter.php(368): CodeIgniter\CodeIgniter->handleRequest(null, Object(Config\Cache), false)
 4 FCPATH\index.php(67): CodeIgniter\CodeIgniter->run()
INFO - 2023-07-18 22:52:21 --> Session: Class initialized using 'CodeIgniter\Session\Handlers\FileHandler' driver.
INFO - 2023-07-18 15:52:23 --> Session: Class initialized using 'CodeIgniter\Session\Handlers\FileHandler' driver.
WARNING - 2023-07-18 22:52:24 --> [DEPRECATED] Creation of dynamic property App\Controllers\Input::$Model_Input is deprecated in APPPATH\Controllers\Input.php on line 16.
 1 SYSTEMPATH\CodeIgniter.php(906): App\Controllers\Input->__construct()
 2 SYSTEMPATH\CodeIgniter.php(490): CodeIgniter\CodeIgniter->createController()
 3 SYSTEMPATH\CodeIgniter.php(368): CodeIgniter\CodeIgniter->handleRequest(null, Object(Config\Cache), false)
 4 FCPATH\index.php(67): CodeIgniter\CodeIgniter->run()
INFO - 2023-07-18 22:52:24 --> Session: Class initialized using 'CodeIgniter\Session\Handlers\FileHandler' driver.
WARNING - 2023-07-18 22:52:26 --> [DEPRECATED] Creation of dynamic property App\Controllers\Input::$Model_Input is deprecated in APPPATH\Controllers\Input.php on line 16.
 1 SYSTEMPATH\CodeIgniter.php(906): App\Controllers\Input->__construct()
 2 SYSTEMPATH\CodeIgniter.php(490): CodeIgniter\CodeIgniter->createController()
 3 SYSTEMPATH\CodeIgniter.php(368): CodeIgniter\CodeIgniter->handleRequest(null, Object(Config\Cache), false)
 4 FCPATH\index.php(67): CodeIgniter\CodeIgniter->run()
INFO - 2023-07-18 22:52:26 --> Session: Class initialized using 'CodeIgniter\Session\Handlers\FileHandler' driver.
WARNING - 2023-07-18 22:52:39 --> [DEPRECATED] Creation of dynamic property App\Controllers\Input::$Model_Input is deprecated in APPPATH\Controllers\Input.php on line 16.
 1 SYSTEMPATH\CodeIgniter.php(906): App\Controllers\Input->__construct()
 2 SYSTEMPATH\CodeIgniter.php(490): CodeIgniter\CodeIgniter->createController()
 3 SYSTEMPATH\CodeIgniter.php(368): CodeIgniter\CodeIgniter->handleRequest(null, Object(Config\Cache), false)
 4 FCPATH\index.php(67): CodeIgniter\CodeIgniter->run()
WARNING - 2023-07-18 22:52:39 --> [DEPRECATED] Creation of dynamic property App\Controllers\Input::$Model_Input is deprecated in APPPATH\Controllers\Input.php on line 16.
 1 SYSTEMPATH\CodeIgniter.php(906): App\Controllers\Input->__construct()
 2 SYSTEMPATH\CodeIgniter.php(490): CodeIgniter\CodeIgniter->createController()
 3 SYSTEMPATH\CodeIgniter.php(368): CodeIgniter\CodeIgniter->handleRequest(null, Object(Config\Cache), false)
 4 FCPATH\index.php(67): CodeIgniter\CodeIgniter->run()
INFO - 2023-07-18 22:52:39 --> Session: Class initialized using 'CodeIgniter\Session\Handlers\FileHandler' driver.
WARNING - 2023-07-18 22:52:48 --> [DEPRECATED] Creation of dynamic property App\Controllers\Input::$Model_Input is deprecated in APPPATH\Controllers\Input.php on line 16.
 1 SYSTEMPATH\CodeIgniter.php(906): App\Controllers\Input->__construct()
 2 SYSTEMPATH\CodeIgniter.php(490): CodeIgniter\CodeIgniter->createController()
 3 SYSTEMPATH\CodeIgniter.php(368): CodeIgniter\CodeIgniter->handleRequest(null, Object(Config\Cache), false)
 4 FCPATH\index.php(67): CodeIgniter\CodeIgniter->run()
WARNING - 2023-07-18 22:52:48 --> [DEPRECATED] Creation of dynamic property App\Controllers\Input::$Model_Input is deprecated in APPPATH\Controllers\Input.php on line 16.
 1 SYSTEMPATH\CodeIgniter.php(906): App\Controllers\Input->__construct()
 2 SYSTEMPATH\CodeIgniter.php(490): CodeIgniter\CodeIgniter->createController()
 3 SYSTEMPATH\CodeIgniter.php(368): CodeIgniter\CodeIgniter->handleRequest(null, Object(Config\Cache), false)
 4 FCPATH\index.php(67): CodeIgniter\CodeIgniter->run()
WARNING - 2023-07-18 22:52:51 --> [DEPRECATED] Creation of dynamic property App\Controllers\Input::$Model_Input is deprecated in APPPATH\Controllers\Input.php on line 16.
 1 SYSTEMPATH\CodeIgniter.php(906): App\Controllers\Input->__construct()
 2 SYSTEMPATH\CodeIgniter.php(490): CodeIgniter\CodeIgniter->createController()
 3 SYSTEMPATH\CodeIgniter.php(368): CodeIgniter\CodeIgniter->handleRequest(null, Object(Config\Cache), false)
 4 FCPATH\index.php(67): CodeIgniter\CodeIgniter->run()
WARNING - 2023-07-18 22:52:58 --> [DEPRECATED] Creation of dynamic property App\Controllers\Input::$Model_Input is deprecated in APPPATH\Controllers\Input.php on line 16.
 1 SYSTEMPATH\CodeIgniter.php(906): App\Controllers\Input->__construct()
 2 SYSTEMPATH\CodeIgniter.php(490): CodeIgniter\CodeIgniter->createController()
 3 SYSTEMPATH\CodeIgniter.php(368): CodeIgniter\CodeIgniter->handleRequest(null, Object(Config\Cache), false)
 4 FCPATH\index.php(67): CodeIgniter\CodeIgniter->run()
WARNING - 2023-07-18 22:54:17 --> [DEPRECATED] Creation of dynamic property App\Controllers\Input::$Model_Input is deprecated in APPPATH\Controllers\Input.php on line 16.
 1 SYSTEMPATH\CodeIgniter.php(906): App\Controllers\Input->__construct()
 2 SYSTEMPATH\CodeIgniter.php(490): CodeIgniter\CodeIgniter->createController()
 3 SYSTEMPATH\CodeIgniter.php(368): CodeIgniter\CodeIgniter->handleRequest(null, Object(Config\Cache), false)
 4 FCPATH\index.php(67): CodeIgniter\CodeIgniter->run()
WARNING - 2023-07-18 22:54:17 --> [DEPRECATED] Creation of dynamic property App\Controllers\Input::$Model_Input is deprecated in APPPATH\Controllers\Input.php on line 16.
 1 SYSTEMPATH\CodeIgniter.php(906): App\Controllers\Input->__construct()
 2 SYSTEMPATH\CodeIgniter.php(490): CodeIgniter\CodeIgniter->createController()
 3 SYSTEMPATH\CodeIgniter.php(368): CodeIgniter\CodeIgniter->handleRequest(null, Object(Config\Cache), false)
 4 FCPATH\index.php(67): CodeIgniter\CodeIgniter->run()
INFO - 2023-07-18 22:54:17 --> Session: Class initialized using 'CodeIgniter\Session\Handlers\FileHandler' driver.
INFO - 2023-07-18 15:54:18 --> Session: Class initialized using 'CodeIgniter\Session\Handlers\FileHandler' driver.
WARNING - 2023-07-18 22:54:19 --> [DEPRECATED] Creation of dynamic property App\Controllers\Input::$Model_Input is deprecated in APPPATH\Controllers\Input.php on line 16.
 1 SYSTEMPATH\CodeIgniter.php(906): App\Controllers\Input->__construct()
 2 SYSTEMPATH\CodeIgniter.php(490): CodeIgniter\CodeIgniter->createController()
 3 SYSTEMPATH\CodeIgniter.php(368): CodeIgniter\CodeIgniter->handleRequest(null, Object(Config\Cache), false)
 4 FCPATH\index.php(67): CodeIgniter\CodeIgniter->run()
INFO - 2023-07-18 22:54:19 --> Session: Class initialized using 'CodeIgniter\Session\Handlers\FileHandler' driver.
WARNING - 2023-07-18 22:54:21 --> [DEPRECATED] Creation of dynamic property App\Controllers\Input::$Model_Input is deprecated in APPPATH\Controllers\Input.php on line 16.
 1 SYSTEMPATH\CodeIgniter.php(906): App\Controllers\Input->__construct()
 2 SYSTEMPATH\CodeIgniter.php(490): CodeIgniter\CodeIgniter->createController()
 3 SYSTEMPATH\CodeIgniter.php(368): CodeIgniter\CodeIgniter->handleRequest(null, Object(Config\Cache), false)
 4 FCPATH\index.php(67): CodeIgniter\CodeIgniter->run()
INFO - 2023-07-18 22:54:21 --> Session: Class initialized using 'CodeIgniter\Session\Handlers\FileHandler' driver.
WARNING - 2023-07-18 22:54:29 --> [DEPRECATED] Creation of dynamic property App\Controllers\Input::$Model_Input is deprecated in APPPATH\Controllers\Input.php on line 16.
 1 SYSTEMPATH\CodeIgniter.php(906): App\Controllers\Input->__construct()
 2 SYSTEMPATH\CodeIgniter.php(490): CodeIgniter\CodeIgniter->createController()
 3 SYSTEMPATH\CodeIgniter.php(368): CodeIgniter\CodeIgniter->handleRequest(null, Object(Config\Cache), false)
 4 FCPATH\index.php(67): CodeIgniter\CodeIgniter->run()
WARNING - 2023-07-18 22:54:29 --> [DEPRECATED] Creation of dynamic property App\Controllers\Input::$Model_Input is deprecated in APPPATH\Controllers\Input.php on line 16.
 1 SYSTEMPATH\CodeIgniter.php(906): App\Controllers\Input->__construct()
 2 SYSTEMPATH\CodeIgniter.php(490): CodeIgniter\CodeIgniter->createController()
 3 SYSTEMPATH\CodeIgniter.php(368): CodeIgniter\CodeIgniter->handleRequest(null, Object(Config\Cache), false)
 4 FCPATH\index.php(67): CodeIgniter\CodeIgniter->run()
INFO - 2023-07-18 22:54:29 --> Session: Class initialized using 'CodeIgniter\Session\Handlers\FileHandler' driver.
WARNING - 2023-07-18 22:54:34 --> [DEPRECATED] Creation of dynamic property App\Controllers\Input::$Model_Input is deprecated in APPPATH\Controllers\Input.php on line 16.
 1 SYSTEMPATH\CodeIgniter.php(906): App\Controllers\Input->__construct()
 2 SYSTEMPATH\CodeIgniter.php(490): CodeIgniter\CodeIgniter->createController()
 3 SYSTEMPATH\CodeIgniter.php(368): CodeIgniter\CodeIgniter->handleRequest(null, Object(Config\Cache), false)
 4 FCPATH\index.php(67): CodeIgniter\CodeIgniter->run()
WARNING - 2023-07-18 22:54:34 --> [DEPRECATED] Creation of dynamic property App\Controllers\Input::$Model_Input is deprecated in APPPATH\Controllers\Input.php on line 16.
 1 SYSTEMPATH\CodeIgniter.php(906): App\Controllers\Input->__construct()
 2 SYSTEMPATH\CodeIgniter.php(490): CodeIgniter\CodeIgniter->createController()
 3 SYSTEMPATH\CodeIgniter.php(368): CodeIgniter\CodeIgniter->handleRequest(null, Object(Config\Cache), false)
 4 FCPATH\index.php(67): CodeIgniter\CodeIgniter->run()
WARNING - 2023-07-18 22:54:36 --> [DEPRECATED] Creation of dynamic property App\Controllers\Input::$Model_Input is deprecated in APPPATH\Controllers\Input.php on line 16.
 1 SYSTEMPATH\CodeIgniter.php(906): App\Controllers\Input->__construct()
 2 SYSTEMPATH\CodeIgniter.php(490): CodeIgniter\CodeIgniter->createController()
 3 SYSTEMPATH\CodeIgniter.php(368): CodeIgniter\CodeIgniter->handleRequest(null, Object(Config\Cache), false)
 4 FCPATH\index.php(67): CodeIgniter\CodeIgniter->run()
WARNING - 2023-07-18 22:54:45 --> [DEPRECATED] Creation of dynamic property App\Controllers\Input::$Model_Input is deprecated in APPPATH\Controllers\Input.php on line 16.
 1 SYSTEMPATH\CodeIgniter.php(906): App\Controllers\Input->__construct()
 2 SYSTEMPATH\CodeIgniter.php(490): CodeIgniter\CodeIgniter->createController()
 3 SYSTEMPATH\CodeIgniter.php(368): CodeIgniter\CodeIgniter->handleRequest(null, Object(Config\Cache), false)
 4 FCPATH\index.php(67): CodeIgniter\CodeIgniter->run()
WARNING - 2023-07-18 22:56:06 --> [DEPRECATED] Creation of dynamic property App\Controllers\Input::$Model_Input is deprecated in APPPATH\Controllers\Input.php on line 16.
 1 SYSTEMPATH\CodeIgniter.php(906): App\Controllers\Input->__construct()
 2 SYSTEMPATH\CodeIgniter.php(490): CodeIgniter\CodeIgniter->createController()
 3 SYSTEMPATH\CodeIgniter.php(368): CodeIgniter\CodeIgniter->handleRequest(null, Object(Config\Cache), false)
 4 FCPATH\index.php(67): CodeIgniter\CodeIgniter->run()
WARNING - 2023-07-18 22:56:06 --> [DEPRECATED] Creation of dynamic property App\Controllers\Input::$Model_Input is deprecated in APPPATH\Controllers\Input.php on line 16.
 1 SYSTEMPATH\CodeIgniter.php(906): App\Controllers\Input->__construct()
 2 SYSTEMPATH\CodeIgniter.php(490): CodeIgniter\CodeIgniter->createController()
 3 SYSTEMPATH\CodeIgniter.php(368): CodeIgniter\CodeIgniter->handleRequest(null, Object(Config\Cache), false)
 4 FCPATH\index.php(67): CodeIgniter\CodeIgniter->run()
INFO - 2023-07-18 22:56:06 --> Session: Class initialized using 'CodeIgniter\Session\Handlers\FileHandler' driver.
WARNING - 2023-07-18 22:56:14 --> [DEPRECATED] Creation of dynamic property App\Controllers\Input::$Model_Input is deprecated in APPPATH\Controllers\Input.php on line 16.
 1 SYSTEMPATH\CodeIgniter.php(906): App\Controllers\Input->__construct()
 2 SYSTEMPATH\CodeIgniter.php(490): CodeIgniter\CodeIgniter->createController()
 3 SYSTEMPATH\CodeIgniter.php(368): CodeIgniter\CodeIgniter->handleRequest(null, Object(Config\Cache), false)
 4 FCPATH\index.php(67): CodeIgniter\CodeIgniter->run()
WARNING - 2023-07-18 22:56:14 --> [DEPRECATED] Creation of dynamic property App\Controllers\Input::$Model_Input is deprecated in APPPATH\Controllers\Input.php on line 16.
 1 SYSTEMPATH\CodeIgniter.php(906): App\Controllers\Input->__construct()
 2 SYSTEMPATH\CodeIgniter.php(490): CodeIgniter\CodeIgniter->createController()
 3 SYSTEMPATH\CodeIgniter.php(368): CodeIgniter\CodeIgniter->handleRequest(null, Object(Config\Cache), false)
 4 FCPATH\index.php(67): CodeIgniter\CodeIgniter->run()
INFO - 2023-07-18 22:56:14 --> Session: Class initialized using 'CodeIgniter\Session\Handlers\FileHandler' driver.
WARNING - 2023-07-18 22:56:21 --> [DEPRECATED] Creation of dynamic property App\Controllers\Input::$Model_Input is deprecated in APPPATH\Controllers\Input.php on line 16.
 1 SYSTEMPATH\CodeIgniter.php(906): App\Controllers\Input->__construct()
 2 SYSTEMPATH\CodeIgniter.php(490): CodeIgniter\CodeIgniter->createController()
 3 SYSTEMPATH\CodeIgniter.php(368): CodeIgniter\CodeIgniter->handleRequest(null, Object(Config\Cache), false)
 4 FCPATH\index.php(67): CodeIgniter\CodeIgniter->run()
WARNING - 2023-07-18 22:56:21 --> [DEPRECATED] Creation of dynamic property App\Controllers\Input::$Model_Input is deprecated in APPPATH\Controllers\Input.php on line 16.
 1 SYSTEMPATH\CodeIgniter.php(906): App\Controllers\Input->__construct()
 2 SYSTEMPATH\CodeIgniter.php(490): CodeIgniter\CodeIgniter->createController()
 3 SYSTEMPATH\CodeIgniter.php(368): CodeIgniter\CodeIgniter->handleRequest(null, Object(Config\Cache), false)
 4 FCPATH\index.php(67): CodeIgniter\CodeIgniter->run()
WARNING - 2023-07-18 22:56:21 --> [DEPRECATED] Creation of dynamic property App\Controllers\Input::$Model_Input is deprecated in APPPATH\Controllers\Input.php on line 16.
 1 SYSTEMPATH\CodeIgniter.php(906): App\Controllers\Input->__construct()
 2 SYSTEMPATH\CodeIgniter.php(490): CodeIgniter\CodeIgniter->createController()
 3 SYSTEMPATH\CodeIgniter.php(368): CodeIgniter\CodeIgniter->handleRequest(null, Object(Config\Cache), false)
 4 FCPATH\index.php(67): CodeIgniter\CodeIgniter->run()
WARNING - 2023-07-18 22:56:25 --> [DEPRECATED] Creation of dynamic property App\Controllers\Input::$Model_Input is deprecated in APPPATH\Controllers\Input.php on line 16.
 1 SYSTEMPATH\CodeIgniter.php(906): App\Controllers\Input->__construct()
 2 SYSTEMPATH\CodeIgniter.php(490): CodeIgniter\CodeIgniter->createController()
 3 SYSTEMPATH\CodeIgniter.php(368): CodeIgniter\CodeIgniter->handleRequest(null, Object(Config\Cache), false)
 4 FCPATH\index.php(67): CodeIgniter\CodeIgniter->run()
WARNING - 2023-07-18 22:56:25 --> [DEPRECATED] Creation of dynamic property App\Controllers\Input::$Model_Input is deprecated in APPPATH\Controllers\Input.php on line 16.
 1 SYSTEMPATH\CodeIgniter.php(906): App\Controllers\Input->__construct()
 2 SYSTEMPATH\CodeIgniter.php(490): CodeIgniter\CodeIgniter->createController()
 3 SYSTEMPATH\CodeIgniter.php(368): CodeIgniter\CodeIgniter->handleRequest(null, Object(Config\Cache), false)
 4 FCPATH\index.php(67): CodeIgniter\CodeIgniter->run()
WARNING - 2023-07-18 22:56:27 --> [DEPRECATED] Creation of dynamic property App\Controllers\Input::$Model_Input is deprecated in APPPATH\Controllers\Input.php on line 16.
 1 SYSTEMPATH\CodeIgniter.php(906): App\Controllers\Input->__construct()
 2 SYSTEMPATH\CodeIgniter.php(490): CodeIgniter\CodeIgniter->createController()
 3 SYSTEMPATH\CodeIgniter.php(368): CodeIgniter\CodeIgniter->handleRequest(null, Object(Config\Cache), false)
 4 FCPATH\index.php(67): CodeIgniter\CodeIgniter->run()
WARNING - 2023-07-18 22:56:37 --> [DEPRECATED] Creation of dynamic property App\Controllers\Input::$Model_Input is deprecated in APPPATH\Controllers\Input.php on line 16.
 1 SYSTEMPATH\CodeIgniter.php(906): App\Controllers\Input->__construct()
 2 SYSTEMPATH\CodeIgniter.php(490): CodeIgniter\CodeIgniter->createController()
 3 SYSTEMPATH\CodeIgniter.php(368): CodeIgniter\CodeIgniter->handleRequest(null, Object(Config\Cache), false)
 4 FCPATH\index.php(67): CodeIgniter\CodeIgniter->run()
WARNING - 2023-07-18 22:56:51 --> [DEPRECATED] Creation of dynamic property App\Controllers\Input::$Model_Input is deprecated in APPPATH\Controllers\Input.php on line 16.
 1 SYSTEMPATH\CodeIgniter.php(906): App\Controllers\Input->__construct()
 2 SYSTEMPATH\CodeIgniter.php(490): CodeIgniter\CodeIgniter->createController()
 3 SYSTEMPATH\CodeIgniter.php(368): CodeIgniter\CodeIgniter->handleRequest(null, Object(Config\Cache), false)
 4 FCPATH\index.php(67): CodeIgniter\CodeIgniter->run()
WARNING - 2023-07-18 22:56:51 --> [DEPRECATED] Creation of dynamic property App\Controllers\Input::$Model_Input is deprecated in APPPATH\Controllers\Input.php on line 16.
 1 SYSTEMPATH\CodeIgniter.php(906): App\Controllers\Input->__construct()
 2 SYSTEMPATH\CodeIgniter.php(490): CodeIgniter\CodeIgniter->createController()
 3 SYSTEMPATH\CodeIgniter.php(368): CodeIgniter\CodeIgniter->handleRequest(null, Object(Config\Cache), false)
 4 FCPATH\index.php(67): CodeIgniter\CodeIgniter->run()
INFO - 2023-07-18 22:56:51 --> Session: Class initialized using 'CodeIgniter\Session\Handlers\FileHandler' driver.
WARNING - 2023-07-18 22:57:50 --> [DEPRECATED] Creation of dynamic property App\Controllers\Input::$Model_Input is deprecated in APPPATH\Controllers\Input.php on line 16.
 1 SYSTEMPATH\CodeIgniter.php(906): App\Controllers\Input->__construct()
 2 SYSTEMPATH\CodeIgniter.php(490): CodeIgniter\CodeIgniter->createController()
 3 SYSTEMPATH\CodeIgniter.php(368): CodeIgniter\CodeIgniter->handleRequest(null, Object(Config\Cache), false)
 4 FCPATH\index.php(67): CodeIgniter\CodeIgniter->run()
WARNING - 2023-07-18 22:57:50 --> [DEPRECATED] Creation of dynamic property App\Controllers\Input::$Model_Input is deprecated in APPPATH\Controllers\Input.php on line 16.
 1 SYSTEMPATH\CodeIgniter.php(906): App\Controllers\Input->__construct()
 2 SYSTEMPATH\CodeIgniter.php(490): CodeIgniter\CodeIgniter->createController()
 3 SYSTEMPATH\CodeIgniter.php(368): CodeIgniter\CodeIgniter->handleRequest(null, Object(Config\Cache), false)
 4 FCPATH\index.php(67): CodeIgniter\CodeIgniter->run()
INFO - 2023-07-18 22:57:50 --> Session: Class initialized using 'CodeIgniter\Session\Handlers\FileHandler' driver.
WARNING - 2023-07-18 22:57:53 --> [DEPRECATED] Creation of dynamic property App\Controllers\Input::$Model_Input is deprecated in APPPATH\Controllers\Input.php on line 16.
 1 SYSTEMPATH\CodeIgniter.php(906): App\Controllers\Input->__construct()
 2 SYSTEMPATH\CodeIgniter.php(490): CodeIgniter\CodeIgniter->createController()
 3 SYSTEMPATH\CodeIgniter.php(368): CodeIgniter\CodeIgniter->handleRequest(null, Object(Config\Cache), false)
 4 FCPATH\index.php(67): CodeIgniter\CodeIgniter->run()
WARNING - 2023-07-18 22:57:53 --> [DEPRECATED] Creation of dynamic property App\Controllers\Input::$Model_Input is deprecated in APPPATH\Controllers\Input.php on line 16.
 1 SYSTEMPATH\CodeIgniter.php(906): App\Controllers\Input->__construct()
 2 SYSTEMPATH\CodeIgniter.php(490): CodeIgniter\CodeIgniter->createController()
 3 SYSTEMPATH\CodeIgniter.php(368): CodeIgniter\CodeIgniter->handleRequest(null, Object(Config\Cache), false)
 4 FCPATH\index.php(67): CodeIgniter\CodeIgniter->run()
INFO - 2023-07-18 22:57:53 --> Session: Class initialized using 'CodeIgniter\Session\Handlers\FileHandler' driver.
INFO - 2023-07-18 15:57:55 --> Session: Class initialized using 'CodeIgniter\Session\Handlers\FileHandler' driver.
INFO - 2023-07-18 15:57:56 --> Session: Class initialized using 'CodeIgniter\Session\Handlers\FileHandler' driver.
WARNING - 2023-07-18 22:57:58 --> [DEPRECATED] Creation of dynamic property App\Controllers\Input::$Model_Input is deprecated in APPPATH\Controllers\Input.php on line 16.
 1 SYSTEMPATH\CodeIgniter.php(906): App\Controllers\Input->__construct()
 2 SYSTEMPATH\CodeIgniter.php(490): CodeIgniter\CodeIgniter->createController()
 3 SYSTEMPATH\CodeIgniter.php(368): CodeIgniter\CodeIgniter->handleRequest(null, Object(Config\Cache), false)
 4 FCPATH\index.php(67): CodeIgniter\CodeIgniter->run()
INFO - 2023-07-18 22:57:58 --> Session: Class initialized using 'CodeIgniter\Session\Handlers\FileHandler' driver.
INFO - 2023-07-18 15:59:30 --> Session: Class initialized using 'CodeIgniter\Session\Handlers\FileHandler' driver.
WARNING - 2023-07-18 22:59:31 --> [DEPRECATED] Creation of dynamic property App\Controllers\Input::$Model_Input is deprecated in APPPATH\Controllers\Input.php on line 16.
 1 SYSTEMPATH\CodeIgniter.php(906): App\Controllers\Input->__construct()
 2 SYSTEMPATH\CodeIgniter.php(490): CodeIgniter\CodeIgniter->createController()
 3 SYSTEMPATH\CodeIgniter.php(368): CodeIgniter\CodeIgniter->handleRequest(null, Object(Config\Cache), false)
 4 FCPATH\index.php(67): CodeIgniter\CodeIgniter->run()
INFO - 2023-07-18 22:59:31 --> Session: Class initialized using 'CodeIgniter\Session\Handlers\FileHandler' driver.
INFO - 2023-07-18 15:59:35 --> Session: Class initialized using 'CodeIgniter\Session\Handlers\FileHandler' driver.
WARNING - 2023-07-18 22:59:36 --> [DEPRECATED] Creation of dynamic property App\Controllers\Input::$Model_Input is deprecated in APPPATH\Controllers\Input.php on line 16.
 1 SYSTEMPATH\CodeIgniter.php(906): App\Controllers\Input->__construct()
 2 SYSTEMPATH\CodeIgniter.php(490): CodeIgniter\CodeIgniter->createController()
 3 SYSTEMPATH\CodeIgniter.php(368): CodeIgniter\CodeIgniter->handleRequest(null, Object(Config\Cache), false)
 4 FCPATH\index.php(67): CodeIgniter\CodeIgniter->run()
INFO - 2023-07-18 22:59:36 --> Session: Class initialized using 'CodeIgniter\Session\Handlers\FileHandler' driver.
WARNING - 2023-07-18 22:59:37 --> [DEPRECATED] Creation of dynamic property App\Controllers\Input::$Model_Input is deprecated in APPPATH\Controllers\Input.php on line 16.
 1 SYSTEMPATH\CodeIgniter.php(906): App\Controllers\Input->__construct()
 2 SYSTEMPATH\CodeIgniter.php(490): CodeIgniter\CodeIgniter->createController()
 3 SYSTEMPATH\CodeIgniter.php(368): CodeIgniter\CodeIgniter->handleRequest(null, Object(Config\Cache), false)
 4 FCPATH\index.php(67): CodeIgniter\CodeIgniter->run()
INFO - 2023-07-18 22:59:37 --> Session: Class initialized using 'CodeIgniter\Session\Handlers\FileHandler' driver.
WARNING - 2023-07-18 22:59:57 --> [DEPRECATED] Creation of dynamic property App\Controllers\Input::$Model_Input is deprecated in APPPATH\Controllers\Input.php on line 16.
 1 SYSTEMPATH\CodeIgniter.php(906): App\Controllers\Input->__construct()
 2 SYSTEMPATH\CodeIgniter.php(490): CodeIgniter\CodeIgniter->createController()
 3 SYSTEMPATH\CodeIgniter.php(368): CodeIgniter\CodeIgniter->handleRequest(null, Object(Config\Cache), false)
 4 FCPATH\index.php(67): CodeIgniter\CodeIgniter->run()
WARNING - 2023-07-18 22:59:57 --> [DEPRECATED] Creation of dynamic property App\Controllers\Input::$Model_Input is deprecated in APPPATH\Controllers\Input.php on line 16.
 1 SYSTEMPATH\CodeIgniter.php(906): App\Controllers\Input->__construct()
 2 SYSTEMPATH\CodeIgniter.php(490): CodeIgniter\CodeIgniter->createController()
 3 SYSTEMPATH\CodeIgniter.php(368): CodeIgniter\CodeIgniter->handleRequest(null, Object(Config\Cache), false)
 4 FCPATH\index.php(67): CodeIgniter\CodeIgniter->run()
INFO - 2023-07-18 22:59:57 --> Session: Class initialized using 'CodeIgniter\Session\Handlers\FileHandler' driver.
WARNING - 2023-07-18 23:00:02 --> [DEPRECATED] Creation of dynamic property App\Controllers\Input::$Model_Input is deprecated in APPPATH\Controllers\Input.php on line 16.
 1 SYSTEMPATH\CodeIgniter.php(906): App\Controllers\Input->__construct()
 2 SYSTEMPATH\CodeIgniter.php(490): CodeIgniter\CodeIgniter->createController()
 3 SYSTEMPATH\CodeIgniter.php(368): CodeIgniter\CodeIgniter->handleRequest(null, Object(Config\Cache), false)
 4 FCPATH\index.php(67): CodeIgniter\CodeIgniter->run()
WARNING - 2023-07-18 23:00:02 --> [DEPRECATED] Creation of dynamic property App\Controllers\Input::$Model_Input is deprecated in APPPATH\Controllers\Input.php on line 16.
 1 SYSTEMPATH\CodeIgniter.php(906): App\Controllers\Input->__construct()
 2 SYSTEMPATH\CodeIgniter.php(490): CodeIgniter\CodeIgniter->createController()
 3 SYSTEMPATH\CodeIgniter.php(368): CodeIgniter\CodeIgniter->handleRequest(null, Object(Config\Cache), false)
 4 FCPATH\index.php(67): CodeIgniter\CodeIgniter->run()
WARNING - 2023-07-18 23:00:04 --> [DEPRECATED] Creation of dynamic property App\Controllers\Input::$Model_Input is deprecated in APPPATH\Controllers\Input.php on line 16.
 1 SYSTEMPATH\CodeIgniter.php(906): App\Controllers\Input->__construct()
 2 SYSTEMPATH\CodeIgniter.php(490): CodeIgniter\CodeIgniter->createController()
 3 SYSTEMPATH\CodeIgniter.php(368): CodeIgniter\CodeIgniter->handleRequest(null, Object(Config\Cache), false)
 4 FCPATH\index.php(67): CodeIgniter\CodeIgniter->run()
WARNING - 2023-07-18 23:00:17 --> [DEPRECATED] Creation of dynamic property App\Controllers\Input::$Model_Input is deprecated in APPPATH\Controllers\Input.php on line 16.
 1 SYSTEMPATH\CodeIgniter.php(906): App\Controllers\Input->__construct()
 2 SYSTEMPATH\CodeIgniter.php(490): CodeIgniter\CodeIgniter->createController()
 3 SYSTEMPATH\CodeIgniter.php(368): CodeIgniter\CodeIgniter->handleRequest(null, Object(Config\Cache), false)
 4 FCPATH\index.php(67): CodeIgniter\CodeIgniter->run()
WARNING - 2023-07-18 23:00:35 --> [DEPRECATED] Creation of dynamic property App\Controllers\Input::$Model_Input is deprecated in APPPATH\Controllers\Input.php on line 16.
 1 SYSTEMPATH\CodeIgniter.php(906): App\Controllers\Input->__construct()
 2 SYSTEMPATH\CodeIgniter.php(490): CodeIgniter\CodeIgniter->createController()
 3 SYSTEMPATH\CodeIgniter.php(368): CodeIgniter\CodeIgniter->handleRequest(null, Object(Config\Cache), false)
 4 FCPATH\index.php(67): CodeIgniter\CodeIgniter->run()
WARNING - 2023-07-18 23:00:35 --> [DEPRECATED] Creation of dynamic property App\Controllers\Input::$Model_Input is deprecated in APPPATH\Controllers\Input.php on line 16.
 1 SYSTEMPATH\CodeIgniter.php(906): App\Controllers\Input->__construct()
 2 SYSTEMPATH\CodeIgniter.php(490): CodeIgniter\CodeIgniter->createController()
 3 SYSTEMPATH\CodeIgniter.php(368): CodeIgniter\CodeIgniter->handleRequest(null, Object(Config\Cache), false)
 4 FCPATH\index.php(67): CodeIgniter\CodeIgniter->run()
INFO - 2023-07-18 23:00:35 --> Session: Class initialized using 'CodeIgniter\Session\Handlers\FileHandler' driver.
WARNING - 2023-07-18 23:00:42 --> [DEPRECATED] Creation of dynamic property App\Controllers\Input::$Model_Input is deprecated in APPPATH\Controllers\Input.php on line 16.
 1 SYSTEMPATH\CodeIgniter.php(906): App\Controllers\Input->__construct()
 2 SYSTEMPATH\CodeIgniter.php(490): CodeIgniter\CodeIgniter->createController()
 3 SYSTEMPATH\CodeIgniter.php(368): CodeIgniter\CodeIgniter->handleRequest(null, Object(Config\Cache), false)
 4 FCPATH\index.php(67): CodeIgniter\CodeIgniter->run()
WARNING - 2023-07-18 23:00:42 --> [DEPRECATED] Creation of dynamic property App\Controllers\Input::$Model_Input is deprecated in APPPATH\Controllers\Input.php on line 16.
 1 SYSTEMPATH\CodeIgniter.php(906): App\Controllers\Input->__construct()
 2 SYSTEMPATH\CodeIgniter.php(490): CodeIgniter\CodeIgniter->createController()
 3 SYSTEMPATH\CodeIgniter.php(368): CodeIgniter\CodeIgniter->handleRequest(null, Object(Config\Cache), false)
 4 FCPATH\index.php(67): CodeIgniter\CodeIgniter->run()
INFO - 2023-07-18 23:00:42 --> Session: Class initialized using 'CodeIgniter\Session\Handlers\FileHandler' driver.
INFO - 2023-07-18 16:01:43 --> Session: Class initialized using 'CodeIgniter\Session\Handlers\FileHandler' driver.
WARNING - 2023-07-18 23:01:44 --> [DEPRECATED] Creation of dynamic property App\Controllers\Input::$Model_Input is deprecated in APPPATH\Controllers\Input.php on line 16.
 1 SYSTEMPATH\CodeIgniter.php(906): App\Controllers\Input->__construct()
 2 SYSTEMPATH\CodeIgniter.php(490): CodeIgniter\CodeIgniter->createController()
 3 SYSTEMPATH\CodeIgniter.php(368): CodeIgniter\CodeIgniter->handleRequest(null, Object(Config\Cache), false)
 4 FCPATH\index.php(67): CodeIgniter\CodeIgniter->run()
INFO - 2023-07-18 23:01:44 --> Session: Class initialized using 'CodeIgniter\Session\Handlers\FileHandler' driver.
INFO - 2023-07-18 16:01:46 --> Session: Class initialized using 'CodeIgniter\Session\Handlers\FileHandler' driver.
WARNING - 2023-07-18 23:01:47 --> [DEPRECATED] Creation of dynamic property App\Controllers\Input::$Model_Input is deprecated in APPPATH\Controllers\Input.php on line 16.
 1 SYSTEMPATH\CodeIgniter.php(906): App\Controllers\Input->__construct()
 2 SYSTEMPATH\CodeIgniter.php(490): CodeIgniter\CodeIgniter->createController()
 3 SYSTEMPATH\CodeIgniter.php(368): CodeIgniter\CodeIgniter->handleRequest(null, Object(Config\Cache), false)
 4 FCPATH\index.php(67): CodeIgniter\CodeIgniter->run()
INFO - 2023-07-18 23:01:47 --> Session: Class initialized using 'CodeIgniter\Session\Handlers\FileHandler' driver.
WARNING - 2023-07-18 23:01:48 --> [DEPRECATED] Creation of dynamic property App\Controllers\Input::$Model_Input is deprecated in APPPATH\Controllers\Input.php on line 16.
 1 SYSTEMPATH\CodeIgniter.php(906): App\Controllers\Input->__construct()
 2 SYSTEMPATH\CodeIgniter.php(490): CodeIgniter\CodeIgniter->createController()
 3 SYSTEMPATH\CodeIgniter.php(368): CodeIgniter\CodeIgniter->handleRequest(null, Object(Config\Cache), false)
 4 FCPATH\index.php(67): CodeIgniter\CodeIgniter->run()
INFO - 2023-07-18 23:01:48 --> Session: Class initialized using 'CodeIgniter\Session\Handlers\FileHandler' driver.
WARNING - 2023-07-18 23:01:54 --> [DEPRECATED] Creation of dynamic property App\Controllers\Input::$Model_Input is deprecated in APPPATH\Controllers\Input.php on line 16.
 1 SYSTEMPATH\CodeIgniter.php(906): App\Controllers\Input->__construct()
 2 SYSTEMPATH\CodeIgniter.php(490): CodeIgniter\CodeIgniter->createController()
 3 SYSTEMPATH\CodeIgniter.php(368): CodeIgniter\CodeIgniter->handleRequest(null, Object(Config\Cache), false)
 4 FCPATH\index.php(67): CodeIgniter\CodeIgniter->run()
WARNING - 2023-07-18 23:01:54 --> [DEPRECATED] Creation of dynamic property App\Controllers\Input::$Model_Input is deprecated in APPPATH\Controllers\Input.php on line 16.
 1 SYSTEMPATH\CodeIgniter.php(906): App\Controllers\Input->__construct()
 2 SYSTEMPATH\CodeIgniter.php(490): CodeIgniter\CodeIgniter->createController()
 3 SYSTEMPATH\CodeIgniter.php(368): CodeIgniter\CodeIgniter->handleRequest(null, Object(Config\Cache), false)
 4 FCPATH\index.php(67): CodeIgniter\CodeIgniter->run()
INFO - 2023-07-18 23:01:54 --> Session: Class initialized using 'CodeIgniter\Session\Handlers\FileHandler' driver.
WARNING - 2023-07-18 23:02:00 --> [DEPRECATED] Creation of dynamic property App\Controllers\Input::$Model_Input is deprecated in APPPATH\Controllers\Input.php on line 16.
 1 SYSTEMPATH\CodeIgniter.php(906): App\Controllers\Input->__construct()
 2 SYSTEMPATH\CodeIgniter.php(490): CodeIgniter\CodeIgniter->createController()
 3 SYSTEMPATH\CodeIgniter.php(368): CodeIgniter\CodeIgniter->handleRequest(null, Object(Config\Cache), false)
 4 FCPATH\index.php(67): CodeIgniter\CodeIgniter->run()
WARNING - 2023-07-18 23:02:00 --> [DEPRECATED] Creation of dynamic property App\Controllers\Input::$Model_Input is deprecated in APPPATH\Controllers\Input.php on line 16.
 1 SYSTEMPATH\CodeIgniter.php(906): App\Controllers\Input->__construct()
 2 SYSTEMPATH\CodeIgniter.php(490): CodeIgniter\CodeIgniter->createController()
 3 SYSTEMPATH\CodeIgniter.php(368): CodeIgniter\CodeIgniter->handleRequest(null, Object(Config\Cache), false)
 4 FCPATH\index.php(67): CodeIgniter\CodeIgniter->run()
WARNING - 2023-07-18 23:02:02 --> [DEPRECATED] Creation of dynamic property App\Controllers\Input::$Model_Input is deprecated in APPPATH\Controllers\Input.php on line 16.
 1 SYSTEMPATH\CodeIgniter.php(906): App\Controllers\Input->__construct()
 2 SYSTEMPATH\CodeIgniter.php(490): CodeIgniter\CodeIgniter->createController()
 3 SYSTEMPATH\CodeIgniter.php(368): CodeIgniter\CodeIgniter->handleRequest(null, Object(Config\Cache), false)
 4 FCPATH\index.php(67): CodeIgniter\CodeIgniter->run()
WARNING - 2023-07-18 23:02:12 --> [DEPRECATED] Creation of dynamic property App\Controllers\Input::$Model_Input is deprecated in APPPATH\Controllers\Input.php on line 16.
 1 SYSTEMPATH\CodeIgniter.php(906): App\Controllers\Input->__construct()
 2 SYSTEMPATH\CodeIgniter.php(490): CodeIgniter\CodeIgniter->createController()
 3 SYSTEMPATH\CodeIgniter.php(368): CodeIgniter\CodeIgniter->handleRequest(null, Object(Config\Cache), false)
 4 FCPATH\index.php(67): CodeIgniter\CodeIgniter->run()
WARNING - 2023-07-18 23:02:45 --> [DEPRECATED] Creation of dynamic property App\Controllers\Input::$Model_Input is deprecated in APPPATH\Controllers\Input.php on line 16.
 1 SYSTEMPATH\CodeIgniter.php(906): App\Controllers\Input->__construct()
 2 SYSTEMPATH\CodeIgniter.php(490): CodeIgniter\CodeIgniter->createController()
 3 SYSTEMPATH\CodeIgniter.php(368): CodeIgniter\CodeIgniter->handleRequest(null, Object(Config\Cache), false)
 4 FCPATH\index.php(67): CodeIgniter\CodeIgniter->run()
WARNING - 2023-07-18 23:02:45 --> [DEPRECATED] Creation of dynamic property App\Controllers\Input::$Model_Input is deprecated in APPPATH\Controllers\Input.php on line 16.
 1 SYSTEMPATH\CodeIgniter.php(906): App\Controllers\Input->__construct()
 2 SYSTEMPATH\CodeIgniter.php(490): CodeIgniter\CodeIgniter->createController()
 3 SYSTEMPATH\CodeIgniter.php(368): CodeIgniter\CodeIgniter->handleRequest(null, Object(Config\Cache), false)
 4 FCPATH\index.php(67): CodeIgniter\CodeIgniter->run()
WARNING - 2023-07-18 23:02:46 --> [DEPRECATED] Creation of dynamic property App\Controllers\Input::$Model_Input is deprecated in APPPATH\Controllers\Input.php on line 16.
 1 SYSTEMPATH\CodeIgniter.php(906): App\Controllers\Input->__construct()
 2 SYSTEMPATH\CodeIgniter.php(490): CodeIgniter\CodeIgniter->createController()
 3 SYSTEMPATH\CodeIgniter.php(368): CodeIgniter\CodeIgniter->handleRequest(null, Object(Config\Cache), false)
 4 FCPATH\index.php(67): CodeIgniter\CodeIgniter->run()
WARNING - 2023-07-18 23:02:52 --> [DEPRECATED] Creation of dynamic property App\Controllers\Input::$Model_Input is deprecated in APPPATH\Controllers\Input.php on line 16.
 1 SYSTEMPATH\CodeIgniter.php(906): App\Controllers\Input->__construct()
 2 SYSTEMPATH\CodeIgniter.php(490): CodeIgniter\CodeIgniter->createController()
 3 SYSTEMPATH\CodeIgniter.php(368): CodeIgniter\CodeIgniter->handleRequest(null, Object(Config\Cache), false)
 4 FCPATH\index.php(67): CodeIgniter\CodeIgniter->run()
WARNING - 2023-07-18 23:02:55 --> [DEPRECATED] Creation of dynamic property App\Controllers\Input::$Model_Input is deprecated in APPPATH\Controllers\Input.php on line 16.
 1 SYSTEMPATH\CodeIgniter.php(906): App\Controllers\Input->__construct()
 2 SYSTEMPATH\CodeIgniter.php(490): CodeIgniter\CodeIgniter->createController()
 3 SYSTEMPATH\CodeIgniter.php(368): CodeIgniter\CodeIgniter->handleRequest(null, Object(Config\Cache), false)
 4 FCPATH\index.php(67): CodeIgniter\CodeIgniter->run()
WARNING - 2023-07-18 23:02:55 --> [DEPRECATED] Creation of dynamic property App\Controllers\Input::$Model_Input is deprecated in APPPATH\Controllers\Input.php on line 16.
 1 SYSTEMPATH\CodeIgniter.php(906): App\Controllers\Input->__construct()
 2 SYSTEMPATH\CodeIgniter.php(490): CodeIgniter\CodeIgniter->createController()
 3 SYSTEMPATH\CodeIgniter.php(368): CodeIgniter\CodeIgniter->handleRequest(null, Object(Config\Cache), false)
 4 FCPATH\index.php(67): CodeIgniter\CodeIgniter->run()
INFO - 2023-07-18 23:02:55 --> Session: Class initialized using 'CodeIgniter\Session\Handlers\FileHandler' driver.
WARNING - 2023-07-18 23:03:12 --> [DEPRECATED] Creation of dynamic property App\Controllers\Input::$Model_Input is deprecated in APPPATH\Controllers\Input.php on line 16.
 1 SYSTEMPATH\CodeIgniter.php(906): App\Controllers\Input->__construct()
 2 SYSTEMPATH\CodeIgniter.php(490): CodeIgniter\CodeIgniter->createController()
 3 SYSTEMPATH\CodeIgniter.php(368): CodeIgniter\CodeIgniter->handleRequest(null, Object(Config\Cache), false)
 4 FCPATH\index.php(67): CodeIgniter\CodeIgniter->run()
WARNING - 2023-07-18 23:03:12 --> [DEPRECATED] Creation of dynamic property App\Controllers\Input::$Model_Input is deprecated in APPPATH\Controllers\Input.php on line 16.
 1 SYSTEMPATH\CodeIgniter.php(906): App\Controllers\Input->__construct()
 2 SYSTEMPATH\CodeIgniter.php(490): CodeIgniter\CodeIgniter->createController()
 3 SYSTEMPATH\CodeIgniter.php(368): CodeIgniter\CodeIgniter->handleRequest(null, Object(Config\Cache), false)
 4 FCPATH\index.php(67): CodeIgniter\CodeIgniter->run()
INFO - 2023-07-18 23:03:12 --> Session: Class initialized using 'CodeIgniter\Session\Handlers\FileHandler' driver.
WARNING - 2023-07-18 23:03:19 --> [DEPRECATED] Creation of dynamic property App\Controllers\Input::$Model_Input is deprecated in APPPATH\Controllers\Input.php on line 16.
 1 SYSTEMPATH\CodeIgniter.php(906): App\Controllers\Input->__construct()
 2 SYSTEMPATH\CodeIgniter.php(490): CodeIgniter\CodeIgniter->createController()
 3 SYSTEMPATH\CodeIgniter.php(368): CodeIgniter\CodeIgniter->handleRequest(null, Object(Config\Cache), false)
 4 FCPATH\index.php(67): CodeIgniter\CodeIgniter->run()
WARNING - 2023-07-18 23:03:19 --> [DEPRECATED] Creation of dynamic property App\Controllers\Input::$Model_Input is deprecated in APPPATH\Controllers\Input.php on line 16.
 1 SYSTEMPATH\CodeIgniter.php(906): App\Controllers\Input->__construct()
 2 SYSTEMPATH\CodeIgniter.php(490): CodeIgniter\CodeIgniter->createController()
 3 SYSTEMPATH\CodeIgniter.php(368): CodeIgniter\CodeIgniter->handleRequest(null, Object(Config\Cache), false)
 4 FCPATH\index.php(67): CodeIgniter\CodeIgniter->run()
INFO - 2023-07-18 23:03:19 --> Session: Class initialized using 'CodeIgniter\Session\Handlers\FileHandler' driver.
WARNING - 2023-07-18 23:03:25 --> [DEPRECATED] Creation of dynamic property App\Controllers\Input::$Model_Input is deprecated in APPPATH\Controllers\Input.php on line 16.
 1 SYSTEMPATH\CodeIgniter.php(906): App\Controllers\Input->__construct()
 2 SYSTEMPATH\CodeIgniter.php(490): CodeIgniter\CodeIgniter->createController()
 3 SYSTEMPATH\CodeIgniter.php(368): CodeIgniter\CodeIgniter->handleRequest(null, Object(Config\Cache), false)
 4 FCPATH\index.php(67): CodeIgniter\CodeIgniter->run()
WARNING - 2023-07-18 23:03:25 --> [DEPRECATED] Creation of dynamic property App\Controllers\Input::$Model_Input is deprecated in APPPATH\Controllers\Input.php on line 16.
 1 SYSTEMPATH\CodeIgniter.php(906): App\Controllers\Input->__construct()
 2 SYSTEMPATH\CodeIgniter.php(490): CodeIgniter\CodeIgniter->createController()
 3 SYSTEMPATH\CodeIgniter.php(368): CodeIgniter\CodeIgniter->handleRequest(null, Object(Config\Cache), false)
 4 FCPATH\index.php(67): CodeIgniter\CodeIgniter->run()
WARNING - 2023-07-18 23:03:26 --> [DEPRECATED] Creation of dynamic property App\Controllers\Input::$Model_Input is deprecated in APPPATH\Controllers\Input.php on line 16.
 1 SYSTEMPATH\CodeIgniter.php(906): App\Controllers\Input->__construct()
 2 SYSTEMPATH\CodeIgniter.php(490): CodeIgniter\CodeIgniter->createController()
 3 SYSTEMPATH\CodeIgniter.php(368): CodeIgniter\CodeIgniter->handleRequest(null, Object(Config\Cache), false)
 4 FCPATH\index.php(67): CodeIgniter\CodeIgniter->run()
WARNING - 2023-07-18 23:03:34 --> [DEPRECATED] Creation of dynamic property App\Controllers\Input::$Model_Input is deprecated in APPPATH\Controllers\Input.php on line 16.
 1 SYSTEMPATH\CodeIgniter.php(906): App\Controllers\Input->__construct()
 2 SYSTEMPATH\CodeIgniter.php(490): CodeIgniter\CodeIgniter->createController()
 3 SYSTEMPATH\CodeIgniter.php(368): CodeIgniter\CodeIgniter->handleRequest(null, Object(Config\Cache), false)
 4 FCPATH\index.php(67): CodeIgniter\CodeIgniter->run()
WARNING - 2023-07-18 23:03:38 --> [DEPRECATED] Creation of dynamic property App\Controllers\Input::$Model_Input is deprecated in APPPATH\Controllers\Input.php on line 16.
 1 SYSTEMPATH\CodeIgniter.php(906): App\Controllers\Input->__construct()
 2 SYSTEMPATH\CodeIgniter.php(490): CodeIgniter\CodeIgniter->createController()
 3 SYSTEMPATH\CodeIgniter.php(368): CodeIgniter\CodeIgniter->handleRequest(null, Object(Config\Cache), false)
 4 FCPATH\index.php(67): CodeIgniter\CodeIgniter->run()
WARNING - 2023-07-18 23:03:38 --> [DEPRECATED] Creation of dynamic property App\Controllers\Input::$Model_Input is deprecated in APPPATH\Controllers\Input.php on line 16.
 1 SYSTEMPATH\CodeIgniter.php(906): App\Controllers\Input->__construct()
 2 SYSTEMPATH\CodeIgniter.php(490): CodeIgniter\CodeIgniter->createController()
 3 SYSTEMPATH\CodeIgniter.php(368): CodeIgniter\CodeIgniter->handleRequest(null, Object(Config\Cache), false)
 4 FCPATH\index.php(67): CodeIgniter\CodeIgniter->run()
WARNING - 2023-07-18 23:03:39 --> [DEPRECATED] Creation of dynamic property App\Controllers\Input::$Model_Input is deprecated in APPPATH\Controllers\Input.php on line 16.
 1 SYSTEMPATH\CodeIgniter.php(906): App\Controllers\Input->__construct()
 2 SYSTEMPATH\CodeIgniter.php(490): CodeIgniter\CodeIgniter->createController()
 3 SYSTEMPATH\CodeIgniter.php(368): CodeIgniter\CodeIgniter->handleRequest(null, Object(Config\Cache), false)
 4 FCPATH\index.php(67): CodeIgniter\CodeIgniter->run()
WARNING - 2023-07-18 23:03:50 --> [DEPRECATED] Creation of dynamic property App\Controllers\Input::$Model_Input is deprecated in APPPATH\Controllers\Input.php on line 16.
 1 SYSTEMPATH\CodeIgniter.php(906): App\Controllers\Input->__construct()
 2 SYSTEMPATH\CodeIgniter.php(490): CodeIgniter\CodeIgniter->createController()
 3 SYSTEMPATH\CodeIgniter.php(368): CodeIgniter\CodeIgniter->handleRequest(null, Object(Config\Cache), false)
 4 FCPATH\index.php(67): CodeIgniter\CodeIgniter->run()
WARNING - 2023-07-18 23:04:14 --> [DEPRECATED] Creation of dynamic property App\Controllers\Input::$Model_Input is deprecated in APPPATH\Controllers\Input.php on line 16.
 1 SYSTEMPATH\CodeIgniter.php(906): App\Controllers\Input->__construct()
 2 SYSTEMPATH\CodeIgniter.php(490): CodeIgniter\CodeIgniter->createController()
 3 SYSTEMPATH\CodeIgniter.php(368): CodeIgniter\CodeIgniter->handleRequest(null, Object(Config\Cache), false)
 4 FCPATH\index.php(67): CodeIgniter\CodeIgniter->run()
WARNING - 2023-07-18 23:04:14 --> [DEPRECATED] str_replace(): Passing null to parameter #3 ($subject) of type array|string is deprecated in APPPATH\Controllers\Input.php on line 422.
 1 APPPATH\Controllers\Input.php(422): str_replace('.', '', null)
 2 SYSTEMPATH\CodeIgniter.php(934): App\Controllers\Input->Simpan_Input()
 3 SYSTEMPATH\CodeIgniter.php(499): CodeIgniter\CodeIgniter->runController(Object(App\Controllers\Input))
 4 SYSTEMPATH\CodeIgniter.php(368): CodeIgniter\CodeIgniter->handleRequest(null, Object(Config\Cache), false)
 5 FCPATH\index.php(67): CodeIgniter\CodeIgniter->run()
WARNING - 2023-07-18 23:04:14 --> [DEPRECATED] str_replace(): Passing null to parameter #3 ($subject) of type array|string is deprecated in APPPATH\Controllers\Input.php on line 423.
 1 APPPATH\Controllers\Input.php(423): str_replace('.', '', null)
 2 SYSTEMPATH\CodeIgniter.php(934): App\Controllers\Input->Simpan_Input()
 3 SYSTEMPATH\CodeIgniter.php(499): CodeIgniter\CodeIgniter->runController(Object(App\Controllers\Input))
 4 SYSTEMPATH\CodeIgniter.php(368): CodeIgniter\CodeIgniter->handleRequest(null, Object(Config\Cache), false)
 5 FCPATH\index.php(67): CodeIgniter\CodeIgniter->run()
INFO - 2023-07-18 23:04:14 --> Session: Class initialized using 'CodeIgniter\Session\Handlers\FileHandler' driver.
WARNING - 2023-07-18 23:04:14 --> [DEPRECATED] Creation of dynamic property App\Controllers\Input::$Model_Input is deprecated in APPPATH\Controllers\Input.php on line 16.
 1 SYSTEMPATH\CodeIgniter.php(906): App\Controllers\Input->__construct()
 2 SYSTEMPATH\CodeIgniter.php(490): CodeIgniter\CodeIgniter->createController()
 3 SYSTEMPATH\CodeIgniter.php(368): CodeIgniter\CodeIgniter->handleRequest(null, Object(Config\Cache), false)
 4 FCPATH\index.php(67): CodeIgniter\CodeIgniter->run()
INFO - 2023-07-18 23:04:14 --> Session: Class initialized using 'CodeIgniter\Session\Handlers\FileHandler' driver.
INFO - 2023-07-18 16:04:17 --> Session: Class initialized using 'CodeIgniter\Session\Handlers\FileHandler' driver.
WARNING - 2023-07-18 23:04:18 --> [DEPRECATED] Creation of dynamic property App\Controllers\Input::$Model_Input is deprecated in APPPATH\Controllers\Input.php on line 16.
 1 SYSTEMPATH\CodeIgniter.php(906): App\Controllers\Input->__construct()
 2 SYSTEMPATH\CodeIgniter.php(490): CodeIgniter\CodeIgniter->createController()
 3 SYSTEMPATH\CodeIgniter.php(368): CodeIgniter\CodeIgniter->handleRequest(null, Object(Config\Cache), false)
 4 FCPATH\index.php(67): CodeIgniter\CodeIgniter->run()
INFO - 2023-07-18 23:04:18 --> Session: Class initialized using 'CodeIgniter\Session\Handlers\FileHandler' driver.
WARNING - 2023-07-18 23:04:22 --> [DEPRECATED] Creation of dynamic property App\Controllers\Input::$Model_Input is deprecated in APPPATH\Controllers\Input.php on line 16.
 1 SYSTEMPATH\CodeIgniter.php(906): App\Controllers\Input->__construct()
 2 SYSTEMPATH\CodeIgniter.php(490): CodeIgniter\CodeIgniter->createController()
 3 SYSTEMPATH\CodeIgniter.php(368): CodeIgniter\CodeIgniter->handleRequest(null, Object(Config\Cache), false)
 4 FCPATH\index.php(67): CodeIgniter\CodeIgniter->run()
INFO - 2023-07-18 23:04:22 --> Session: Class initialized using 'CodeIgniter\Session\Handlers\FileHandler' driver.
INFO - 2023-07-18 16:04:35 --> Session: Class initialized using 'CodeIgniter\Session\Handlers\FileHandler' driver.
WARNING - 2023-07-18 23:05:43 --> [DEPRECATED] Creation of dynamic property App\Controllers\Input::$Model_Input is deprecated in APPPATH\Controllers\Input.php on line 16.
 1 SYSTEMPATH\CodeIgniter.php(906): App\Controllers\Input->__construct()
 2 SYSTEMPATH\CodeIgniter.php(490): CodeIgniter\CodeIgniter->createController()
 3 SYSTEMPATH\CodeIgniter.php(368): CodeIgniter\CodeIgniter->handleRequest(null, Object(Config\Cache), false)
 4 FCPATH\index.php(67): CodeIgniter\CodeIgniter->run()
INFO - 2023-07-18 23:05:44 --> Session: Class initialized using 'CodeIgniter\Session\Handlers\FileHandler' driver.
WARNING - 2023-07-18 23:05:47 --> [DEPRECATED] Creation of dynamic property App\Controllers\Input::$Model_Input is deprecated in APPPATH\Controllers\Input.php on line 16.
 1 SYSTEMPATH\CodeIgniter.php(906): App\Controllers\Input->__construct()
 2 SYSTEMPATH\CodeIgniter.php(490): CodeIgniter\CodeIgniter->createController()
 3 SYSTEMPATH\CodeIgniter.php(368): CodeIgniter\CodeIgniter->handleRequest(null, Object(Config\Cache), false)
 4 FCPATH\index.php(67): CodeIgniter\CodeIgniter->run()
INFO - 2023-07-18 23:05:47 --> Session: Class initialized using 'CodeIgniter\Session\Handlers\FileHandler' driver.
INFO - 2023-07-18 16:07:01 --> Session: Class initialized using 'CodeIgniter\Session\Handlers\FileHandler' driver.
WARNING - 2023-07-18 23:07:02 --> [DEPRECATED] Creation of dynamic property App\Controllers\Input::$Model_Input is deprecated in APPPATH\Controllers\Input.php on line 16.
 1 SYSTEMPATH\CodeIgniter.php(906): App\Controllers\Input->__construct()
 2 SYSTEMPATH\CodeIgniter.php(490): CodeIgniter\CodeIgniter->createController()
 3 SYSTEMPATH\CodeIgniter.php(368): CodeIgniter\CodeIgniter->handleRequest(null, Object(Config\Cache), false)
 4 FCPATH\index.php(67): CodeIgniter\CodeIgniter->run()
INFO - 2023-07-18 23:07:02 --> Session: Class initialized using 'CodeIgniter\Session\Handlers\FileHandler' driver.
WARNING - 2023-07-18 23:07:04 --> [DEPRECATED] Creation of dynamic property App\Controllers\Input::$Model_Input is deprecated in APPPATH\Controllers\Input.php on line 16.
 1 SYSTEMPATH\CodeIgniter.php(906): App\Controllers\Input->__construct()
 2 SYSTEMPATH\CodeIgniter.php(490): CodeIgniter\CodeIgniter->createController()
 3 SYSTEMPATH\CodeIgniter.php(368): CodeIgniter\CodeIgniter->handleRequest(null, Object(Config\Cache), false)
 4 FCPATH\index.php(67): CodeIgniter\CodeIgniter->run()
INFO - 2023-07-18 23:07:04 --> Session: Class initialized using 'CodeIgniter\Session\Handlers\FileHandler' driver.
WARNING - 2023-07-18 23:07:18 --> [DEPRECATED] Creation of dynamic property App\Controllers\Input::$Model_Input is deprecated in APPPATH\Controllers\Input.php on line 16.
 1 SYSTEMPATH\CodeIgniter.php(906): App\Controllers\Input->__construct()
 2 SYSTEMPATH\CodeIgniter.php(490): CodeIgniter\CodeIgniter->createController()
 3 SYSTEMPATH\CodeIgniter.php(368): CodeIgniter\CodeIgniter->handleRequest(null, Object(Config\Cache), false)
 4 FCPATH\index.php(67): CodeIgniter\CodeIgniter->run()
WARNING - 2023-07-18 23:07:18 --> [DEPRECATED] Creation of dynamic property App\Controllers\Input::$Model_Input is deprecated in APPPATH\Controllers\Input.php on line 16.
 1 SYSTEMPATH\CodeIgniter.php(906): App\Controllers\Input->__construct()
 2 SYSTEMPATH\CodeIgniter.php(490): CodeIgniter\CodeIgniter->createController()
 3 SYSTEMPATH\CodeIgniter.php(368): CodeIgniter\CodeIgniter->handleRequest(null, Object(Config\Cache), false)
 4 FCPATH\index.php(67): CodeIgniter\CodeIgniter->run()
INFO - 2023-07-18 23:07:18 --> Session: Class initialized using 'CodeIgniter\Session\Handlers\FileHandler' driver.
WARNING - 2023-07-18 23:07:25 --> [DEPRECATED] Creation of dynamic property App\Controllers\Input::$Model_Input is deprecated in APPPATH\Controllers\Input.php on line 16.
 1 SYSTEMPATH\CodeIgniter.php(906): App\Controllers\Input->__construct()
 2 SYSTEMPATH\CodeIgniter.php(490): CodeIgniter\CodeIgniter->createController()
 3 SYSTEMPATH\CodeIgniter.php(368): CodeIgniter\CodeIgniter->handleRequest(null, Object(Config\Cache), false)
 4 FCPATH\index.php(67): CodeIgniter\CodeIgniter->run()
WARNING - 2023-07-18 23:07:25 --> [DEPRECATED] Creation of dynamic property App\Controllers\Input::$Model_Input is deprecated in APPPATH\Controllers\Input.php on line 16.
 1 SYSTEMPATH\CodeIgniter.php(906): App\Controllers\Input->__construct()
 2 SYSTEMPATH\CodeIgniter.php(490): CodeIgniter\CodeIgniter->createController()
 3 SYSTEMPATH\CodeIgniter.php(368): CodeIgniter\CodeIgniter->handleRequest(null, Object(Config\Cache), false)
 4 FCPATH\index.php(67): CodeIgniter\CodeIgniter->run()
WARNING - 2023-07-18 23:07:27 --> [DEPRECATED] Creation of dynamic property App\Controllers\Input::$Model_Input is deprecated in APPPATH\Controllers\Input.php on line 16.
 1 SYSTEMPATH\CodeIgniter.php(906): App\Controllers\Input->__construct()
 2 SYSTEMPATH\CodeIgniter.php(490): CodeIgniter\CodeIgniter->createController()
 3 SYSTEMPATH\CodeIgniter.php(368): CodeIgniter\CodeIgniter->handleRequest(null, Object(Config\Cache), false)
 4 FCPATH\index.php(67): CodeIgniter\CodeIgniter->run()
WARNING - 2023-07-18 23:07:43 --> [DEPRECATED] Creation of dynamic property App\Controllers\Input::$Model_Input is deprecated in APPPATH\Controllers\Input.php on line 16.
 1 SYSTEMPATH\CodeIgniter.php(906): App\Controllers\Input->__construct()
 2 SYSTEMPATH\CodeIgniter.php(490): CodeIgniter\CodeIgniter->createController()
 3 SYSTEMPATH\CodeIgniter.php(368): CodeIgniter\CodeIgniter->handleRequest(null, Object(Config\Cache), false)
 4 FCPATH\index.php(67): CodeIgniter\CodeIgniter->run()
WARNING - 2023-07-18 23:07:55 --> [DEPRECATED] Creation of dynamic property App\Controllers\Input::$Model_Input is deprecated in APPPATH\Controllers\Input.php on line 16.
 1 SYSTEMPATH\CodeIgniter.php(906): App\Controllers\Input->__construct()
 2 SYSTEMPATH\CodeIgniter.php(490): CodeIgniter\CodeIgniter->createController()
 3 SYSTEMPATH\CodeIgniter.php(368): CodeIgniter\CodeIgniter->handleRequest(null, Object(Config\Cache), false)
 4 FCPATH\index.php(67): CodeIgniter\CodeIgniter->run()
INFO - 2023-07-18 23:07:55 --> Session: Class initialized using 'CodeIgniter\Session\Handlers\FileHandler' driver.
WARNING - 2023-07-18 23:07:55 --> [DEPRECATED] Creation of dynamic property App\Controllers\Input::$Model_Input is deprecated in APPPATH\Controllers\Input.php on line 16.
 1 SYSTEMPATH\CodeIgniter.php(906): App\Controllers\Input->__construct()
 2 SYSTEMPATH\CodeIgniter.php(490): CodeIgniter\CodeIgniter->createController()
 3 SYSTEMPATH\CodeIgniter.php(368): CodeIgniter\CodeIgniter->handleRequest(null, Object(Config\Cache), false)
 4 FCPATH\index.php(67): CodeIgniter\CodeIgniter->run()
INFO - 2023-07-18 23:07:55 --> Session: Class initialized using 'CodeIgniter\Session\Handlers\FileHandler' driver.
INFO - 2023-07-18 16:07:57 --> Session: Class initialized using 'CodeIgniter\Session\Handlers\FileHandler' driver.
WARNING - 2023-07-18 23:07:59 --> [DEPRECATED] Creation of dynamic property App\Controllers\Input::$Model_Input is deprecated in APPPATH\Controllers\Input.php on line 16.
 1 SYSTEMPATH\CodeIgniter.php(906): App\Controllers\Input->__construct()
 2 SYSTEMPATH\CodeIgniter.php(490): CodeIgniter\CodeIgniter->createController()
 3 SYSTEMPATH\CodeIgniter.php(368): CodeIgniter\CodeIgniter->handleRequest(null, Object(Config\Cache), false)
 4 FCPATH\index.php(67): CodeIgniter\CodeIgniter->run()
INFO - 2023-07-18 23:07:59 --> Session: Class initialized using 'CodeIgniter\Session\Handlers\FileHandler' driver.
INFO - 2023-07-18 16:08:45 --> Session: Class initialized using 'CodeIgniter\Session\Handlers\FileHandler' driver.
WARNING - 2023-07-18 23:08:46 --> [DEPRECATED] Creation of dynamic property App\Controllers\Input::$Model_Input is deprecated in APPPATH\Controllers\Input.php on line 16.
 1 SYSTEMPATH\CodeIgniter.php(906): App\Controllers\Input->__construct()
 2 SYSTEMPATH\CodeIgniter.php(490): CodeIgniter\CodeIgniter->createController()
 3 SYSTEMPATH\CodeIgniter.php(368): CodeIgniter\CodeIgniter->handleRequest(null, Object(Config\Cache), false)
 4 FCPATH\index.php(67): CodeIgniter\CodeIgniter->run()
INFO - 2023-07-18 23:08:46 --> Session: Class initialized using 'CodeIgniter\Session\Handlers\FileHandler' driver.
WARNING - 2023-07-18 23:08:49 --> [DEPRECATED] Creation of dynamic property App\Controllers\Input::$Model_Input is deprecated in APPPATH\Controllers\Input.php on line 16.
 1 SYSTEMPATH\CodeIgniter.php(906): App\Controllers\Input->__construct()
 2 SYSTEMPATH\CodeIgniter.php(490): CodeIgniter\CodeIgniter->createController()
 3 SYSTEMPATH\CodeIgniter.php(368): CodeIgniter\CodeIgniter->handleRequest(null, Object(Config\Cache), false)
 4 FCPATH\index.php(67): CodeIgniter\CodeIgniter->run()
INFO - 2023-07-18 23:08:49 --> Session: Class initialized using 'CodeIgniter\Session\Handlers\FileHandler' driver.
WARNING - 2023-07-18 23:08:51 --> [DEPRECATED] Creation of dynamic property App\Controllers\Input::$Model_Input is deprecated in APPPATH\Controllers\Input.php on line 16.
 1 SYSTEMPATH\CodeIgniter.php(906): App\Controllers\Input->__construct()
 2 SYSTEMPATH\CodeIgniter.php(490): CodeIgniter\CodeIgniter->createController()
 3 SYSTEMPATH\CodeIgniter.php(368): CodeIgniter\CodeIgniter->handleRequest(null, Object(Config\Cache), false)
 4 FCPATH\index.php(67): CodeIgniter\CodeIgniter->run()
INFO - 2023-07-18 23:08:51 --> Session: Class initialized using 'CodeIgniter\Session\Handlers\FileHandler' driver.
WARNING - 2023-07-18 23:08:56 --> [DEPRECATED] Creation of dynamic property App\Controllers\Proses::$Model_Proses is deprecated in APPPATH\Controllers\Proses.php on line 15.
 1 SYSTEMPATH\CodeIgniter.php(906): App\Controllers\Proses->__construct()
 2 SYSTEMPATH\CodeIgniter.php(490): CodeIgniter\CodeIgniter->createController()
 3 SYSTEMPATH\CodeIgniter.php(368): CodeIgniter\CodeIgniter->handleRequest(null, Object(Config\Cache), false)
 4 FCPATH\index.php(67): CodeIgniter\CodeIgniter->run()
WARNING - 2023-07-18 23:08:56 --> [DEPRECATED] Creation of dynamic property App\Controllers\Proses::$Model_Input is deprecated in APPPATH\Controllers\Proses.php on line 16.
 1 SYSTEMPATH\CodeIgniter.php(906): App\Controllers\Proses->__construct()
 2 SYSTEMPATH\CodeIgniter.php(490): CodeIgniter\CodeIgniter->createController()
 3 SYSTEMPATH\CodeIgniter.php(368): CodeIgniter\CodeIgniter->handleRequest(null, Object(Config\Cache), false)
 4 FCPATH\index.php(67): CodeIgniter\CodeIgniter->run()
INFO - 2023-07-18 23:08:56 --> Session: Class initialized using 'CodeIgniter\Session\Handlers\FileHandler' driver.
WARNING - 2023-07-18 23:08:59 --> [DEPRECATED] Creation of dynamic property App\Controllers\Proses::$Model_Proses is deprecated in APPPATH\Controllers\Proses.php on line 15.
 1 SYSTEMPATH\CodeIgniter.php(906): App\Controllers\Proses->__construct()
 2 SYSTEMPATH\CodeIgniter.php(490): CodeIgniter\CodeIgniter->createController()
 3 SYSTEMPATH\CodeIgniter.php(368): CodeIgniter\CodeIgniter->handleRequest(null, Object(Config\Cache), false)
 4 FCPATH\index.php(67): CodeIgniter\CodeIgniter->run()
WARNING - 2023-07-18 23:08:59 --> [DEPRECATED] Creation of dynamic property App\Controllers\Proses::$Model_Input is deprecated in APPPATH\Controllers\Proses.php on line 16.
 1 SYSTEMPATH\CodeIgniter.php(906): App\Controllers\Proses->__construct()
 2 SYSTEMPATH\CodeIgniter.php(490): CodeIgniter\CodeIgniter->createController()
 3 SYSTEMPATH\CodeIgniter.php(368): CodeIgniter\CodeIgniter->handleRequest(null, Object(Config\Cache), false)
 4 FCPATH\index.php(67): CodeIgniter\CodeIgniter->run()
WARNING - 2023-07-18 23:09:00 --> [DEPRECATED] Creation of dynamic property App\Controllers\Proses::$Model_Proses is deprecated in APPPATH\Controllers\Proses.php on line 15.
 1 SYSTEMPATH\CodeIgniter.php(906): App\Controllers\Proses->__construct()
 2 SYSTEMPATH\CodeIgniter.php(490): CodeIgniter\CodeIgniter->createController()
 3 SYSTEMPATH\CodeIgniter.php(368): CodeIgniter\CodeIgniter->handleRequest(null, Object(Config\Cache), false)
 4 FCPATH\index.php(67): CodeIgniter\CodeIgniter->run()
WARNING - 2023-07-18 23:09:00 --> [DEPRECATED] Creation of dynamic property App\Controllers\Proses::$Model_Input is deprecated in APPPATH\Controllers\Proses.php on line 16.
 1 SYSTEMPATH\CodeIgniter.php(906): App\Controllers\Proses->__construct()
 2 SYSTEMPATH\CodeIgniter.php(490): CodeIgniter\CodeIgniter->createController()
 3 SYSTEMPATH\CodeIgniter.php(368): CodeIgniter\CodeIgniter->handleRequest(null, Object(Config\Cache), false)
 4 FCPATH\index.php(67): CodeIgniter\CodeIgniter->run()
INFO - 2023-07-18 16:09:03 --> Session: Class initialized using 'CodeIgniter\Session\Handlers\FileHandler' driver.
WARNING - 2023-07-18 23:09:04 --> [DEPRECATED] Creation of dynamic property App\Controllers\Input::$Model_Input is deprecated in APPPATH\Controllers\Input.php on line 16.
 1 SYSTEMPATH\CodeIgniter.php(906): App\Controllers\Input->__construct()
 2 SYSTEMPATH\CodeIgniter.php(490): CodeIgniter\CodeIgniter->createController()
 3 SYSTEMPATH\CodeIgniter.php(368): CodeIgniter\CodeIgniter->handleRequest(null, Object(Config\Cache), false)
 4 FCPATH\index.php(67): CodeIgniter\CodeIgniter->run()
INFO - 2023-07-18 23:09:05 --> Session: Class initialized using 'CodeIgniter\Session\Handlers\FileHandler' driver.
WARNING - 2023-07-18 23:09:06 --> [DEPRECATED] Creation of dynamic property App\Controllers\Input::$Model_Input is deprecated in APPPATH\Controllers\Input.php on line 16.
 1 SYSTEMPATH\CodeIgniter.php(906): App\Controllers\Input->__construct()
 2 SYSTEMPATH\CodeIgniter.php(490): CodeIgniter\CodeIgniter->createController()
 3 SYSTEMPATH\CodeIgniter.php(368): CodeIgniter\CodeIgniter->handleRequest(null, Object(Config\Cache), false)
 4 FCPATH\index.php(67): CodeIgniter\CodeIgniter->run()
INFO - 2023-07-18 23:09:06 --> Session: Class initialized using 'CodeIgniter\Session\Handlers\FileHandler' driver.
INFO - 2023-07-18 16:09:09 --> Session: Class initialized using 'CodeIgniter\Session\Handlers\FileHandler' driver.
WARNING - 2023-07-18 23:09:10 --> [DEPRECATED] Creation of dynamic property App\Controllers\Input::$Model_Input is deprecated in APPPATH\Controllers\Input.php on line 16.
 1 SYSTEMPATH\CodeIgniter.php(906): App\Controllers\Input->__construct()
 2 SYSTEMPATH\CodeIgniter.php(490): CodeIgniter\CodeIgniter->createController()
 3 SYSTEMPATH\CodeIgniter.php(368): CodeIgniter\CodeIgniter->handleRequest(null, Object(Config\Cache), false)
 4 FCPATH\index.php(67): CodeIgniter\CodeIgniter->run()
INFO - 2023-07-18 23:09:10 --> Session: Class initialized using 'CodeIgniter\Session\Handlers\FileHandler' driver.
INFO - 2023-07-18 16:13:06 --> Session: Class initialized using 'CodeIgniter\Session\Handlers\FileHandler' driver.
WARNING - 2023-07-18 23:13:08 --> [DEPRECATED] Creation of dynamic property App\Controllers\Input::$Model_Input is deprecated in APPPATH\Controllers\Input.php on line 16.
 1 SYSTEMPATH\CodeIgniter.php(906): App\Controllers\Input->__construct()
 2 SYSTEMPATH\CodeIgniter.php(490): CodeIgniter\CodeIgniter->createController()
 3 SYSTEMPATH\CodeIgniter.php(368): CodeIgniter\CodeIgniter->handleRequest(null, Object(Config\Cache), false)
 4 FCPATH\index.php(67): CodeIgniter\CodeIgniter->run()
INFO - 2023-07-18 23:13:08 --> Session: Class initialized using 'CodeIgniter\Session\Handlers\FileHandler' driver.
WARNING - 2023-07-18 23:13:09 --> [DEPRECATED] Creation of dynamic property App\Controllers\Input::$Model_Input is deprecated in APPPATH\Controllers\Input.php on line 16.
 1 SYSTEMPATH\CodeIgniter.php(906): App\Controllers\Input->__construct()
 2 SYSTEMPATH\CodeIgniter.php(490): CodeIgniter\CodeIgniter->createController()
 3 SYSTEMPATH\CodeIgniter.php(368): CodeIgniter\CodeIgniter->handleRequest(null, Object(Config\Cache), false)
 4 FCPATH\index.php(67): CodeIgniter\CodeIgniter->run()
INFO - 2023-07-18 23:13:09 --> Session: Class initialized using 'CodeIgniter\Session\Handlers\FileHandler' driver.
INFO - 2023-07-18 16:13:14 --> Session: Class initialized using 'CodeIgniter\Session\Handlers\FileHandler' driver.
WARNING - 2023-07-18 23:13:15 --> [DEPRECATED] Creation of dynamic property App\Controllers\Input::$Model_Input is deprecated in APPPATH\Controllers\Input.php on line 16.
 1 SYSTEMPATH\CodeIgniter.php(906): App\Controllers\Input->__construct()
 2 SYSTEMPATH\CodeIgniter.php(490): CodeIgniter\CodeIgniter->createController()
 3 SYSTEMPATH\CodeIgniter.php(368): CodeIgniter\CodeIgniter->handleRequest(null, Object(Config\Cache), false)
 4 FCPATH\index.php(67): CodeIgniter\CodeIgniter->run()
INFO - 2023-07-18 23:13:15 --> Session: Class initialized using 'CodeIgniter\Session\Handlers\FileHandler' driver.
WARNING - 2023-07-18 23:16:24 --> [DEPRECATED] Creation of dynamic property App\Controllers\Input::$Model_Input is deprecated in APPPATH\Controllers\Input.php on line 16.
 1 SYSTEMPATH\CodeIgniter.php(906): App\Controllers\Input->__construct()
 2 SYSTEMPATH\CodeIgniter.php(490): CodeIgniter\CodeIgniter->createController()
 3 SYSTEMPATH\CodeIgniter.php(368): CodeIgniter\CodeIgniter->handleRequest(null, Object(Config\Cache), false)
 4 FCPATH\index.php(67): CodeIgniter\CodeIgniter->run()
INFO - 2023-07-18 23:16:24 --> Session: Class initialized using 'CodeIgniter\Session\Handlers\FileHandler' driver.
WARNING - 2023-07-18 23:18:54 --> [DEPRECATED] Creation of dynamic property App\Controllers\Input::$Model_Input is deprecated in APPPATH\Controllers\Input.php on line 16.
 1 SYSTEMPATH\CodeIgniter.php(906): App\Controllers\Input->__construct()
 2 SYSTEMPATH\CodeIgniter.php(490): CodeIgniter\CodeIgniter->createController()
 3 SYSTEMPATH\CodeIgniter.php(368): CodeIgniter\CodeIgniter->handleRequest(null, Object(Config\Cache), false)
 4 FCPATH\index.php(67): CodeIgniter\CodeIgniter->run()
WARNING - 2023-07-18 23:18:54 --> [DEPRECATED] strtotime(): Passing null to parameter #1 ($datetime) of type string is deprecated in APPPATH\Controllers\Input.php on line 41.
 1 APPPATH\Controllers\Input.php(41): strtotime(null)
 2 SYSTEMPATH\CodeIgniter.php(934): App\Controllers\Input->Data_Input()
 3 SYSTEMPATH\CodeIgniter.php(499): CodeIgniter\CodeIgniter->runController(Object(App\Controllers\Input))
 4 SYSTEMPATH\CodeIgniter.php(368): CodeIgniter\CodeIgniter->handleRequest(null, Object(Config\Cache), false)
 5 FCPATH\index.php(67): CodeIgniter\CodeIgniter->run()
WARNING - 2023-07-18 23:18:54 --> [DEPRECATED] strtotime(): Passing null to parameter #1 ($datetime) of type string is deprecated in APPPATH\Controllers\Input.php on line 42.
 1 APPPATH\Controllers\Input.php(42): strtotime(null)
 2 SYSTEMPATH\CodeIgniter.php(934): App\Controllers\Input->Data_Input()
 3 SYSTEMPATH\CodeIgniter.php(499): CodeIgniter\CodeIgniter->runController(Object(App\Controllers\Input))
 4 SYSTEMPATH\CodeIgniter.php(368): CodeIgniter\CodeIgniter->handleRequest(null, Object(Config\Cache), false)
 5 FCPATH\index.php(67): CodeIgniter\CodeIgniter->run()
INFO - 2023-07-18 23:18:54 --> Session: Class initialized using 'CodeIgniter\Session\Handlers\FileHandler' driver.
WARNING - 2023-07-18 23:18:56 --> [DEPRECATED] Creation of dynamic property App\Controllers\Input::$Model_Input is deprecated in APPPATH\Controllers\Input.php on line 16.
 1 SYSTEMPATH\CodeIgniter.php(906): App\Controllers\Input->__construct()
 2 SYSTEMPATH\CodeIgniter.php(490): CodeIgniter\CodeIgniter->createController()
 3 SYSTEMPATH\CodeIgniter.php(368): CodeIgniter\CodeIgniter->handleRequest(null, Object(Config\Cache), false)
 4 FCPATH\index.php(67): CodeIgniter\CodeIgniter->run()
INFO - 2023-07-18 23:18:56 --> Session: Class initialized using 'CodeIgniter\Session\Handlers\FileHandler' driver.
INFO - 2023-07-18 16:20:44 --> Session: Class initialized using 'CodeIgniter\Session\Handlers\FileHandler' driver.
WARNING - 2023-07-18 23:20:46 --> [DEPRECATED] Creation of dynamic property App\Controllers\Input::$Model_Input is deprecated in APPPATH\Controllers\Input.php on line 16.
 1 SYSTEMPATH\CodeIgniter.php(906): App\Controllers\Input->__construct()
 2 SYSTEMPATH\CodeIgniter.php(490): CodeIgniter\CodeIgniter->createController()
 3 SYSTEMPATH\CodeIgniter.php(368): CodeIgniter\CodeIgniter->handleRequest(null, Object(Config\Cache), false)
 4 FCPATH\index.php(67): CodeIgniter\CodeIgniter->run()
INFO - 2023-07-18 23:20:46 --> Session: Class initialized using 'CodeIgniter\Session\Handlers\FileHandler' driver.
WARNING - 2023-07-18 23:27:41 --> [DEPRECATED] Creation of dynamic property App\Controllers\Input::$Model_Input is deprecated in APPPATH\Controllers\Input.php on line 16.
 1 SYSTEMPATH\CodeIgniter.php(906): App\Controllers\Input->__construct()
 2 SYSTEMPATH\CodeIgniter.php(490): CodeIgniter\CodeIgniter->createController()
 3 SYSTEMPATH\CodeIgniter.php(368): CodeIgniter\CodeIgniter->handleRequest(null, Object(Config\Cache), false)
 4 FCPATH\index.php(67): CodeIgniter\CodeIgniter->run()
INFO - 2023-07-18 23:27:41 --> Session: Class initialized using 'CodeIgniter\Session\Handlers\FileHandler' driver.
INFO - 2023-07-18 16:27:54 --> Session: Class initialized using 'CodeIgniter\Session\Handlers\FileHandler' driver.
WARNING - 2023-07-18 23:27:59 --> [DEPRECATED] Creation of dynamic property App\Controllers\Input::$Model_Input is deprecated in APPPATH\Controllers\Input.php on line 16.
 1 SYSTEMPATH\CodeIgniter.php(906): App\Controllers\Input->__construct()
 2 SYSTEMPATH\CodeIgniter.php(490): CodeIgniter\CodeIgniter->createController()
 3 SYSTEMPATH\CodeIgniter.php(368): CodeIgniter\CodeIgniter->handleRequest(null, Object(Config\Cache), false)
 4 FCPATH\index.php(67): CodeIgniter\CodeIgniter->run()
INFO - 2023-07-18 23:27:59 --> Session: Class initialized using 'CodeIgniter\Session\Handlers\FileHandler' driver.
INFO - 2023-07-18 16:28:20 --> Session: Class initialized using 'CodeIgniter\Session\Handlers\FileHandler' driver.
WARNING - 2023-07-18 23:28:22 --> [DEPRECATED] Creation of dynamic property App\Controllers\Input::$Model_Input is deprecated in APPPATH\Controllers\Input.php on line 16.
 1 SYSTEMPATH\CodeIgniter.php(906): App\Controllers\Input->__construct()
 2 SYSTEMPATH\CodeIgniter.php(490): CodeIgniter\CodeIgniter->createController()
 3 SYSTEMPATH\CodeIgniter.php(368): CodeIgniter\CodeIgniter->handleRequest(null, Object(Config\Cache), false)
 4 FCPATH\index.php(67): CodeIgniter\CodeIgniter->run()
INFO - 2023-07-18 23:28:22 --> Session: Class initialized using 'CodeIgniter\Session\Handlers\FileHandler' driver.
WARNING - 2023-07-18 23:28:25 --> [DEPRECATED] Creation of dynamic property App\Controllers\Input::$Model_Input is deprecated in APPPATH\Controllers\Input.php on line 16.
 1 SYSTEMPATH\CodeIgniter.php(906): App\Controllers\Input->__construct()
 2 SYSTEMPATH\CodeIgniter.php(490): CodeIgniter\CodeIgniter->createController()
 3 SYSTEMPATH\CodeIgniter.php(368): CodeIgniter\CodeIgniter->handleRequest(null, Object(Config\Cache), false)
 4 FCPATH\index.php(67): CodeIgniter\CodeIgniter->run()
INFO - 2023-07-18 23:28:25 --> Session: Class initialized using 'CodeIgniter\Session\Handlers\FileHandler' driver.
INFO - 2023-07-18 16:28:33 --> Session: Class initialized using 'CodeIgniter\Session\Handlers\FileHandler' driver.
WARNING - 2023-07-18 23:28:56 --> [DEPRECATED] Creation of dynamic property App\Controllers\Input::$Model_Input is deprecated in APPPATH\Controllers\Input.php on line 16.
 1 SYSTEMPATH\CodeIgniter.php(906): App\Controllers\Input->__construct()
 2 SYSTEMPATH\CodeIgniter.php(490): CodeIgniter\CodeIgniter->createController()
 3 SYSTEMPATH\CodeIgniter.php(368): CodeIgniter\CodeIgniter->handleRequest(null, Object(Config\Cache), false)
 4 FCPATH\index.php(67): CodeIgniter\CodeIgniter->run()
INFO - 2023-07-18 23:28:56 --> Session: Class initialized using 'CodeIgniter\Session\Handlers\FileHandler' driver.
WARNING - 2023-07-18 23:31:13 --> [DEPRECATED] Creation of dynamic property App\Controllers\Input::$Model_Input is deprecated in APPPATH\Controllers\Input.php on line 16.
 1 SYSTEMPATH\CodeIgniter.php(906): App\Controllers\Input->__construct()
 2 SYSTEMPATH\CodeIgniter.php(490): CodeIgniter\CodeIgniter->createController()
 3 SYSTEMPATH\CodeIgniter.php(368): CodeIgniter\CodeIgniter->handleRequest(null, Object(Config\Cache), false)
 4 FCPATH\index.php(67): CodeIgniter\CodeIgniter->run()
INFO - 2023-07-18 23:31:13 --> Session: Class initialized using 'CodeIgniter\Session\Handlers\FileHandler' driver.
WARNING - 2023-07-18 23:31:13 --> [DEPRECATED] Creation of dynamic property App\Controllers\Input::$Model_Input is deprecated in APPPATH\Controllers\Input.php on line 16.
 1 SYSTEMPATH\CodeIgniter.php(906): App\Controllers\Input->__construct()
 2 SYSTEMPATH\CodeIgniter.php(490): CodeIgniter\CodeIgniter->createController()
 3 SYSTEMPATH\CodeIgniter.php(368): CodeIgniter\CodeIgniter->handleRequest(null, Object(Config\Cache), false)
 4 FCPATH\index.php(67): CodeIgniter\CodeIgniter->run()
INFO - 2023-07-18 23:31:14 --> Session: Class initialized using 'CodeIgniter\Session\Handlers\FileHandler' driver.
INFO - 2023-07-18 16:31:17 --> Session: Class initialized using 'CodeIgniter\Session\Handlers\FileHandler' driver.
WARNING - 2023-07-18 23:31:18 --> [DEPRECATED] Creation of dynamic property App\Controllers\Input::$Model_Input is deprecated in APPPATH\Controllers\Input.php on line 16.
 1 SYSTEMPATH\CodeIgniter.php(906): App\Controllers\Input->__construct()
 2 SYSTEMPATH\CodeIgniter.php(490): CodeIgniter\CodeIgniter->createController()
 3 SYSTEMPATH\CodeIgniter.php(368): CodeIgniter\CodeIgniter->handleRequest(null, Object(Config\Cache), false)
 4 FCPATH\index.php(67): CodeIgniter\CodeIgniter->run()
INFO - 2023-07-18 23:31:18 --> Session: Class initialized using 'CodeIgniter\Session\Handlers\FileHandler' driver.
WARNING - 2023-07-18 23:31:27 --> [DEPRECATED] Creation of dynamic property App\Controllers\Input::$Model_Input is deprecated in APPPATH\Controllers\Input.php on line 16.
 1 SYSTEMPATH\CodeIgniter.php(906): App\Controllers\Input->__construct()
 2 SYSTEMPATH\CodeIgniter.php(490): CodeIgniter\CodeIgniter->createController()
 3 SYSTEMPATH\CodeIgniter.php(368): CodeIgniter\CodeIgniter->handleRequest(null, Object(Config\Cache), false)
 4 FCPATH\index.php(67): CodeIgniter\CodeIgniter->run()
WARNING - 2023-07-18 23:31:27 --> [DEPRECATED] Creation of dynamic property App\Controllers\Input::$Model_Input is deprecated in APPPATH\Controllers\Input.php on line 16.
 1 SYSTEMPATH\CodeIgniter.php(906): App\Controllers\Input->__construct()
 2 SYSTEMPATH\CodeIgniter.php(490): CodeIgniter\CodeIgniter->createController()
 3 SYSTEMPATH\CodeIgniter.php(368): CodeIgniter\CodeIgniter->handleRequest(null, Object(Config\Cache), false)
 4 FCPATH\index.php(67): CodeIgniter\CodeIgniter->run()
INFO - 2023-07-18 23:31:28 --> Session: Class initialized using 'CodeIgniter\Session\Handlers\FileHandler' driver.
WARNING - 2023-07-18 23:31:33 --> [DEPRECATED] Creation of dynamic property App\Controllers\Input::$Model_Input is deprecated in APPPATH\Controllers\Input.php on line 16.
 1 SYSTEMPATH\CodeIgniter.php(906): App\Controllers\Input->__construct()
 2 SYSTEMPATH\CodeIgniter.php(490): CodeIgniter\CodeIgniter->createController()
 3 SYSTEMPATH\CodeIgniter.php(368): CodeIgniter\CodeIgniter->handleRequest(null, Object(Config\Cache), false)
 4 FCPATH\index.php(67): CodeIgniter\CodeIgniter->run()
WARNING - 2023-07-18 23:31:33 --> [DEPRECATED] Creation of dynamic property App\Controllers\Input::$Model_Input is deprecated in APPPATH\Controllers\Input.php on line 16.
 1 SYSTEMPATH\CodeIgniter.php(906): App\Controllers\Input->__construct()
 2 SYSTEMPATH\CodeIgniter.php(490): CodeIgniter\CodeIgniter->createController()
 3 SYSTEMPATH\CodeIgniter.php(368): CodeIgniter\CodeIgniter->handleRequest(null, Object(Config\Cache), false)
 4 FCPATH\index.php(67): CodeIgniter\CodeIgniter->run()
WARNING - 2023-07-18 23:31:35 --> [DEPRECATED] Creation of dynamic property App\Controllers\Input::$Model_Input is deprecated in APPPATH\Controllers\Input.php on line 16.
 1 SYSTEMPATH\CodeIgniter.php(906): App\Controllers\Input->__construct()
 2 SYSTEMPATH\CodeIgniter.php(490): CodeIgniter\CodeIgniter->createController()
 3 SYSTEMPATH\CodeIgniter.php(368): CodeIgniter\CodeIgniter->handleRequest(null, Object(Config\Cache), false)
 4 FCPATH\index.php(67): CodeIgniter\CodeIgniter->run()
WARNING - 2023-07-18 23:31:44 --> [DEPRECATED] Creation of dynamic property App\Controllers\Input::$Model_Input is deprecated in APPPATH\Controllers\Input.php on line 16.
 1 SYSTEMPATH\CodeIgniter.php(906): App\Controllers\Input->__construct()
 2 SYSTEMPATH\CodeIgniter.php(490): CodeIgniter\CodeIgniter->createController()
 3 SYSTEMPATH\CodeIgniter.php(368): CodeIgniter\CodeIgniter->handleRequest(null, Object(Config\Cache), false)
 4 FCPATH\index.php(67): CodeIgniter\CodeIgniter->run()
WARNING - 2023-07-18 23:32:06 --> [DEPRECATED] Creation of dynamic property App\Controllers\Input::$Model_Input is deprecated in APPPATH\Controllers\Input.php on line 16.
 1 SYSTEMPATH\CodeIgniter.php(906): App\Controllers\Input->__construct()
 2 SYSTEMPATH\CodeIgniter.php(490): CodeIgniter\CodeIgniter->createController()
 3 SYSTEMPATH\CodeIgniter.php(368): CodeIgniter\CodeIgniter->handleRequest(null, Object(Config\Cache), false)
 4 FCPATH\index.php(67): CodeIgniter\CodeIgniter->run()
WARNING - 2023-07-18 23:32:06 --> [DEPRECATED] Creation of dynamic property App\Controllers\Input::$Model_Input is deprecated in APPPATH\Controllers\Input.php on line 16.
 1 SYSTEMPATH\CodeIgniter.php(906): App\Controllers\Input->__construct()
 2 SYSTEMPATH\CodeIgniter.php(490): CodeIgniter\CodeIgniter->createController()
 3 SYSTEMPATH\CodeIgniter.php(368): CodeIgniter\CodeIgniter->handleRequest(null, Object(Config\Cache), false)
 4 FCPATH\index.php(67): CodeIgniter\CodeIgniter->run()
WARNING - 2023-07-18 23:32:09 --> [DEPRECATED] Creation of dynamic property App\Controllers\Input::$Model_Input is deprecated in APPPATH\Controllers\Input.php on line 16.
 1 SYSTEMPATH\CodeIgniter.php(906): App\Controllers\Input->__construct()
 2 SYSTEMPATH\CodeIgniter.php(490): CodeIgniter\CodeIgniter->createController()
 3 SYSTEMPATH\CodeIgniter.php(368): CodeIgniter\CodeIgniter->handleRequest(null, Object(Config\Cache), false)
 4 FCPATH\index.php(67): CodeIgniter\CodeIgniter->run()
WARNING - 2023-07-18 23:32:11 --> [DEPRECATED] Creation of dynamic property App\Controllers\Input::$Model_Input is deprecated in APPPATH\Controllers\Input.php on line 16.
 1 SYSTEMPATH\CodeIgniter.php(906): App\Controllers\Input->__construct()
 2 SYSTEMPATH\CodeIgniter.php(490): CodeIgniter\CodeIgniter->createController()
 3 SYSTEMPATH\CodeIgniter.php(368): CodeIgniter\CodeIgniter->handleRequest(null, Object(Config\Cache), false)
 4 FCPATH\index.php(67): CodeIgniter\CodeIgniter->run()
WARNING - 2023-07-18 23:32:23 --> [DEPRECATED] Creation of dynamic property App\Controllers\Input::$Model_Input is deprecated in APPPATH\Controllers\Input.php on line 16.
 1 SYSTEMPATH\CodeIgniter.php(906): App\Controllers\Input->__construct()
 2 SYSTEMPATH\CodeIgniter.php(490): CodeIgniter\CodeIgniter->createController()
 3 SYSTEMPATH\CodeIgniter.php(368): CodeIgniter\CodeIgniter->handleRequest(null, Object(Config\Cache), false)
 4 FCPATH\index.php(67): CodeIgniter\CodeIgniter->run()
WARNING - 2023-07-18 23:32:26 --> [DEPRECATED] Creation of dynamic property App\Controllers\Input::$Model_Input is deprecated in APPPATH\Controllers\Input.php on line 16.
 1 SYSTEMPATH\CodeIgniter.php(906): App\Controllers\Input->__construct()
 2 SYSTEMPATH\CodeIgniter.php(490): CodeIgniter\CodeIgniter->createController()
 3 SYSTEMPATH\CodeIgniter.php(368): CodeIgniter\CodeIgniter->handleRequest(null, Object(Config\Cache), false)
 4 FCPATH\index.php(67): CodeIgniter\CodeIgniter->run()
WARNING - 2023-07-18 23:32:26 --> [DEPRECATED] str_replace(): Passing null to parameter #3 ($subject) of type array|string is deprecated in APPPATH\Controllers\Input.php on line 422.
 1 APPPATH\Controllers\Input.php(422): str_replace('.', '', null)
 2 SYSTEMPATH\CodeIgniter.php(934): App\Controllers\Input->Simpan_Input()
 3 SYSTEMPATH\CodeIgniter.php(499): CodeIgniter\CodeIgniter->runController(Object(App\Controllers\Input))
 4 SYSTEMPATH\CodeIgniter.php(368): CodeIgniter\CodeIgniter->handleRequest(null, Object(Config\Cache), false)
 5 FCPATH\index.php(67): CodeIgniter\CodeIgniter->run()
WARNING - 2023-07-18 23:32:26 --> [DEPRECATED] str_replace(): Passing null to parameter #3 ($subject) of type array|string is deprecated in APPPATH\Controllers\Input.php on line 423.
 1 APPPATH\Controllers\Input.php(423): str_replace('.', '', null)
 2 SYSTEMPATH\CodeIgniter.php(934): App\Controllers\Input->Simpan_Input()
 3 SYSTEMPATH\CodeIgniter.php(499): CodeIgniter\CodeIgniter->runController(Object(App\Controllers\Input))
 4 SYSTEMPATH\CodeIgniter.php(368): CodeIgniter\CodeIgniter->handleRequest(null, Object(Config\Cache), false)
 5 FCPATH\index.php(67): CodeIgniter\CodeIgniter->run()
INFO - 2023-07-18 23:32:26 --> Session: Class initialized using 'CodeIgniter\Session\Handlers\FileHandler' driver.
WARNING - 2023-07-18 23:32:26 --> [DEPRECATED] Creation of dynamic property App\Controllers\Input::$Model_Input is deprecated in APPPATH\Controllers\Input.php on line 16.
 1 SYSTEMPATH\CodeIgniter.php(906): App\Controllers\Input->__construct()
 2 SYSTEMPATH\CodeIgniter.php(490): CodeIgniter\CodeIgniter->createController()
 3 SYSTEMPATH\CodeIgniter.php(368): CodeIgniter\CodeIgniter->handleRequest(null, Object(Config\Cache), false)
 4 FCPATH\index.php(67): CodeIgniter\CodeIgniter->run()
INFO - 2023-07-18 23:32:26 --> Session: Class initialized using 'CodeIgniter\Session\Handlers\FileHandler' driver.
INFO - 2023-07-18 16:32:28 --> Session: Class initialized using 'CodeIgniter\Session\Handlers\FileHandler' driver.
WARNING - 2023-07-18 23:32:30 --> [DEPRECATED] Creation of dynamic property App\Controllers\Input::$Model_Input is deprecated in APPPATH\Controllers\Input.php on line 16.
 1 SYSTEMPATH\CodeIgniter.php(906): App\Controllers\Input->__construct()
 2 SYSTEMPATH\CodeIgniter.php(490): CodeIgniter\CodeIgniter->createController()
 3 SYSTEMPATH\CodeIgniter.php(368): CodeIgniter\CodeIgniter->handleRequest(null, Object(Config\Cache), false)
 4 FCPATH\index.php(67): CodeIgniter\CodeIgniter->run()
INFO - 2023-07-18 23:32:30 --> Session: Class initialized using 'CodeIgniter\Session\Handlers\FileHandler' driver.
WARNING - 2023-07-18 23:32:45 --> [DEPRECATED] Creation of dynamic property App\Controllers\Input::$Model_Input is deprecated in APPPATH\Controllers\Input.php on line 16.
 1 SYSTEMPATH\CodeIgniter.php(906): App\Controllers\Input->__construct()
 2 SYSTEMPATH\CodeIgniter.php(490): CodeIgniter\CodeIgniter->createController()
 3 SYSTEMPATH\CodeIgniter.php(368): CodeIgniter\CodeIgniter->handleRequest(null, Object(Config\Cache), false)
 4 FCPATH\index.php(67): CodeIgniter\CodeIgniter->run()
INFO - 2023-07-18 23:32:45 --> Session: Class initialized using 'CodeIgniter\Session\Handlers\FileHandler' driver.
INFO - 2023-07-18 16:32:48 --> Session: Class initialized using 'CodeIgniter\Session\Handlers\FileHandler' driver.
WARNING - 2023-07-18 23:32:49 --> [DEPRECATED] Creation of dynamic property App\Controllers\Input::$Model_Input is deprecated in APPPATH\Controllers\Input.php on line 16.
 1 SYSTEMPATH\CodeIgniter.php(906): App\Controllers\Input->__construct()
 2 SYSTEMPATH\CodeIgniter.php(490): CodeIgniter\CodeIgniter->createController()
 3 SYSTEMPATH\CodeIgniter.php(368): CodeIgniter\CodeIgniter->handleRequest(null, Object(Config\Cache), false)
 4 FCPATH\index.php(67): CodeIgniter\CodeIgniter->run()
INFO - 2023-07-18 23:32:49 --> Session: Class initialized using 'CodeIgniter\Session\Handlers\FileHandler' driver.
INFO - 2023-07-18 16:34:18 --> Session: Class initialized using 'CodeIgniter\Session\Handlers\FileHandler' driver.
WARNING - 2023-07-18 23:34:19 --> [DEPRECATED] Creation of dynamic property App\Controllers\Input::$Model_Input is deprecated in APPPATH\Controllers\Input.php on line 16.
 1 SYSTEMPATH\CodeIgniter.php(906): App\Controllers\Input->__construct()
 2 SYSTEMPATH\CodeIgniter.php(490): CodeIgniter\CodeIgniter->createController()
 3 SYSTEMPATH\CodeIgniter.php(368): CodeIgniter\CodeIgniter->handleRequest(null, Object(Config\Cache), false)
 4 FCPATH\index.php(67): CodeIgniter\CodeIgniter->run()
INFO - 2023-07-18 23:34:19 --> Session: Class initialized using 'CodeIgniter\Session\Handlers\FileHandler' driver.
INFO - 2023-07-18 16:35:10 --> Session: Class initialized using 'CodeIgniter\Session\Handlers\FileHandler' driver.
INFO - 2023-07-18 16:35:11 --> Session: Class initialized using 'CodeIgniter\Session\Handlers\FileHandler' driver.
WARNING - 2023-07-18 23:35:12 --> [DEPRECATED] Creation of dynamic property App\Controllers\Input::$Model_Input is deprecated in APPPATH\Controllers\Input.php on line 16.
 1 SYSTEMPATH\CodeIgniter.php(906): App\Controllers\Input->__construct()
 2 SYSTEMPATH\CodeIgniter.php(490): CodeIgniter\CodeIgniter->createController()
 3 SYSTEMPATH\CodeIgniter.php(368): CodeIgniter\CodeIgniter->handleRequest(null, Object(Config\Cache), false)
 4 FCPATH\index.php(67): CodeIgniter\CodeIgniter->run()
INFO - 2023-07-18 23:35:12 --> Session: Class initialized using 'CodeIgniter\Session\Handlers\FileHandler' driver.
INFO - 2023-07-18 16:36:02 --> Session: Class initialized using 'CodeIgniter\Session\Handlers\FileHandler' driver.
WARNING - 2023-07-18 23:36:07 --> [DEPRECATED] Creation of dynamic property App\Controllers\Input::$Model_Input is deprecated in APPPATH\Controllers\Input.php on line 16.
 1 SYSTEMPATH\CodeIgniter.php(906): App\Controllers\Input->__construct()
 2 SYSTEMPATH\CodeIgniter.php(490): CodeIgniter\CodeIgniter->createController()
 3 SYSTEMPATH\CodeIgniter.php(368): CodeIgniter\CodeIgniter->handleRequest(null, Object(Config\Cache), false)
 4 FCPATH\index.php(67): CodeIgniter\CodeIgniter->run()
INFO - 2023-07-18 23:36:07 --> Session: Class initialized using 'CodeIgniter\Session\Handlers\FileHandler' driver.
WARNING - 2023-07-18 23:36:11 --> [DEPRECATED] Creation of dynamic property App\Controllers\Input::$Model_Input is deprecated in APPPATH\Controllers\Input.php on line 16.
 1 SYSTEMPATH\CodeIgniter.php(906): App\Controllers\Input->__construct()
 2 SYSTEMPATH\CodeIgniter.php(490): CodeIgniter\CodeIgniter->createController()
 3 SYSTEMPATH\CodeIgniter.php(368): CodeIgniter\CodeIgniter->handleRequest(null, Object(Config\Cache), false)
 4 FCPATH\index.php(67): CodeIgniter\CodeIgniter->run()
INFO - 2023-07-18 23:36:11 --> Session: Class initialized using 'CodeIgniter\Session\Handlers\FileHandler' driver.
INFO - 2023-07-18 16:36:13 --> Session: Class initialized using 'CodeIgniter\Session\Handlers\FileHandler' driver.
WARNING - 2023-07-18 23:36:14 --> [DEPRECATED] Creation of dynamic property App\Controllers\Input::$Model_Input is deprecated in APPPATH\Controllers\Input.php on line 16.
 1 SYSTEMPATH\CodeIgniter.php(906): App\Controllers\Input->__construct()
 2 SYSTEMPATH\CodeIgniter.php(490): CodeIgniter\CodeIgniter->createController()
 3 SYSTEMPATH\CodeIgniter.php(368): CodeIgniter\CodeIgniter->handleRequest(null, Object(Config\Cache), false)
 4 FCPATH\index.php(67): CodeIgniter\CodeIgniter->run()
INFO - 2023-07-18 23:36:14 --> Session: Class initialized using 'CodeIgniter\Session\Handlers\FileHandler' driver.
WARNING - 2023-07-18 23:43:34 --> [DEPRECATED] Creation of dynamic property App\Controllers\Data_Dasar::$Model_DataDasar is deprecated in APPPATH\Controllers\Data_Dasar.php on line 16.
 1 SYSTEMPATH\CodeIgniter.php(906): App\Controllers\Data_Dasar->__construct()
 2 SYSTEMPATH\CodeIgniter.php(490): CodeIgniter\CodeIgniter->createController()
 3 SYSTEMPATH\CodeIgniter.php(368): CodeIgniter\CodeIgniter->handleRequest(null, Object(Config\Cache), false)
 4 FCPATH\index.php(67): CodeIgniter\CodeIgniter->run()
INFO - 2023-07-18 23:43:34 --> Session: Class initialized using 'CodeIgniter\Session\Handlers\FileHandler' driver.
INFO - 2023-07-18 16:43:36 --> Session: Class initialized using 'CodeIgniter\Session\Handlers\FileHandler' driver.
WARNING - 2023-07-18 23:43:38 --> [DEPRECATED] Creation of dynamic property App\Controllers\Input::$Model_Input is deprecated in APPPATH\Controllers\Input.php on line 16.
 1 SYSTEMPATH\CodeIgniter.php(906): App\Controllers\Input->__construct()
 2 SYSTEMPATH\CodeIgniter.php(490): CodeIgniter\CodeIgniter->createController()
 3 SYSTEMPATH\CodeIgniter.php(368): CodeIgniter\CodeIgniter->handleRequest(null, Object(Config\Cache), false)
 4 FCPATH\index.php(67): CodeIgniter\CodeIgniter->run()
INFO - 2023-07-18 23:43:38 --> Session: Class initialized using 'CodeIgniter\Session\Handlers\FileHandler' driver.
WARNING - 2023-07-18 23:46:42 --> [DEPRECATED] Creation of dynamic property App\Controllers\Input::$Model_Input is deprecated in APPPATH\Controllers\Input.php on line 16.
 1 SYSTEMPATH\CodeIgniter.php(906): App\Controllers\Input->__construct()
 2 SYSTEMPATH\CodeIgniter.php(490): CodeIgniter\CodeIgniter->createController()
 3 SYSTEMPATH\CodeIgniter.php(368): CodeIgniter\CodeIgniter->handleRequest(null, Object(Config\Cache), false)
 4 FCPATH\index.php(67): CodeIgniter\CodeIgniter->run()
INFO - 2023-07-18 23:46:42 --> Session: Class initialized using 'CodeIgniter\Session\Handlers\FileHandler' driver.
WARNING - 2023-07-18 23:47:51 --> [DEPRECATED] Creation of dynamic property App\Controllers\Input::$Model_Input is deprecated in APPPATH\Controllers\Input.php on line 16.
 1 SYSTEMPATH\CodeIgniter.php(906): App\Controllers\Input->__construct()
 2 SYSTEMPATH\CodeIgniter.php(490): CodeIgniter\CodeIgniter->createController()
 3 SYSTEMPATH\CodeIgniter.php(368): CodeIgniter\CodeIgniter->handleRequest(null, Object(Config\Cache), false)
 4 FCPATH\index.php(67): CodeIgniter\CodeIgniter->run()
INFO - 2023-07-18 23:47:51 --> Session: Class initialized using 'CodeIgniter\Session\Handlers\FileHandler' driver.
WARNING - 2023-07-18 23:57:22 --> [DEPRECATED] Creation of dynamic property App\Controllers\Input::$Model_Input is deprecated in APPPATH\Controllers\Input.php on line 16.
 1 SYSTEMPATH\CodeIgniter.php(906): App\Controllers\Input->__construct()
 2 SYSTEMPATH\CodeIgniter.php(490): CodeIgniter\CodeIgniter->createController()
 3 SYSTEMPATH\CodeIgniter.php(368): CodeIgniter\CodeIgniter->handleRequest(null, Object(Config\Cache), false)
 4 FCPATH\index.php(67): CodeIgniter\CodeIgniter->run()
INFO - 2023-07-18 23:57:22 --> Session: Class initialized using 'CodeIgniter\Session\Handlers\FileHandler' driver.
INFO - 2023-07-18 16:57:24 --> Session: Class initialized using 'CodeIgniter\Session\Handlers\FileHandler' driver.
INFO - 2023-07-18 16:57:25 --> Session: Class initialized using 'CodeIgniter\Session\Handlers\FileHandler' driver.
WARNING - 2023-07-18 23:57:26 --> [DEPRECATED] Creation of dynamic property App\Controllers\Input::$Model_Input is deprecated in APPPATH\Controllers\Input.php on line 16.
 1 SYSTEMPATH\CodeIgniter.php(906): App\Controllers\Input->__construct()
 2 SYSTEMPATH\CodeIgniter.php(490): CodeIgniter\CodeIgniter->createController()
 3 SYSTEMPATH\CodeIgniter.php(368): CodeIgniter\CodeIgniter->handleRequest(null, Object(Config\Cache), false)
 4 FCPATH\index.php(67): CodeIgniter\CodeIgniter->run()
INFO - 2023-07-18 23:57:26 --> Session: Class initialized using 'CodeIgniter\Session\Handlers\FileHandler' driver.
INFO - 2023-07-18 17:00:34 --> Session: Class initialized using 'CodeIgniter\Session\Handlers\FileHandler' driver.
INFO - 2023-07-18 17:02:34 --> Session: Class initialized using 'CodeIgniter\Session\Handlers\FileHandler' driver.
INFO - 2023-07-18 17:04:06 --> Session: Class initialized using 'CodeIgniter\Session\Handlers\FileHandler' driver.
INFO - 2023-07-18 17:04:45 --> Session: Class initialized using 'CodeIgniter\Session\Handlers\FileHandler' driver.
INFO - 2023-07-18 17:05:06 --> Session: Class initialized using 'CodeIgniter\Session\Handlers\FileHandler' driver.
INFO - 2023-07-18 17:09:32 --> Session: Class initialized using 'CodeIgniter\Session\Handlers\FileHandler' driver.
INFO - 2023-07-18 17:10:28 --> Session: Class initialized using 'CodeIgniter\Session\Handlers\FileHandler' driver.
INFO - 2023-07-18 17:10:37 --> Session: Class initialized using 'CodeIgniter\Session\Handlers\FileHandler' driver.
INFO - 2023-07-18 17:16:31 --> Session: Class initialized using 'CodeIgniter\Session\Handlers\FileHandler' driver.
INFO - 2023-07-18 17:16:37 --> Session: Class initialized using 'CodeIgniter\Session\Handlers\FileHandler' driver.
INFO - 2023-07-18 17:16:43 --> Session: Class initialized using 'CodeIgniter\Session\Handlers\FileHandler' driver.
INFO - 2023-07-18 17:19:44 --> Session: Class initialized using 'CodeIgniter\Session\Handlers\FileHandler' driver.
INFO - 2023-07-18 17:20:41 --> Session: Class initialized using 'CodeIgniter\Session\Handlers\FileHandler' driver.
INFO - 2023-07-18 17:20:48 --> Session: Class initialized using 'CodeIgniter\Session\Handlers\FileHandler' driver.
INFO - 2023-07-18 17:25:44 --> Session: Class initialized using 'CodeIgniter\Session\Handlers\FileHandler' driver.
INFO - 2023-07-18 17:27:33 --> Session: Class initialized using 'CodeIgniter\Session\Handlers\FileHandler' driver.
INFO - 2023-07-18 17:31:39 --> Session: Class initialized using 'CodeIgniter\Session\Handlers\FileHandler' driver.
INFO - 2023-07-18 17:34:49 --> Session: Class initialized using 'CodeIgniter\Session\Handlers\FileHandler' driver.
INFO - 2023-07-18 17:35:41 --> Session: Class initialized using 'CodeIgniter\Session\Handlers\FileHandler' driver.
INFO - 2023-07-18 17:36:22 --> Session: Class initialized using 'CodeIgniter\Session\Handlers\FileHandler' driver.
INFO - 2023-07-18 17:36:44 --> Session: Class initialized using 'CodeIgniter\Session\Handlers\FileHandler' driver.
INFO - 2023-07-18 17:38:07 --> Session: Class initialized using 'CodeIgniter\Session\Handlers\FileHandler' driver.
INFO - 2023-07-18 17:38:12 --> Session: Class initialized using 'CodeIgniter\Session\Handlers\FileHandler' driver.
INFO - 2023-07-18 17:38:40 --> Session: Class initialized using 'CodeIgniter\Session\Handlers\FileHandler' driver.
INFO - 2023-07-18 17:39:39 --> Session: Class initialized using 'CodeIgniter\Session\Handlers\FileHandler' driver.
INFO - 2023-07-18 17:40:30 --> Session: Class initialized using 'CodeIgniter\Session\Handlers\FileHandler' driver.
INFO - 2023-07-18 17:43:48 --> Session: Class initialized using 'CodeIgniter\Session\Handlers\FileHandler' driver.
INFO - 2023-07-18 17:44:05 --> Session: Class initialized using 'CodeIgniter\Session\Handlers\FileHandler' driver.
INFO - 2023-07-18 17:44:47 --> Session: Class initialized using 'CodeIgniter\Session\Handlers\FileHandler' driver.
INFO - 2023-07-18 17:45:15 --> Session: Class initialized using 'CodeIgniter\Session\Handlers\FileHandler' driver.
INFO - 2023-07-18 17:46:47 --> Session: Class initialized using 'CodeIgniter\Session\Handlers\FileHandler' driver.
INFO - 2023-07-18 17:47:42 --> Session: Class initialized using 'CodeIgniter\Session\Handlers\FileHandler' driver.
INFO - 2023-07-18 17:49:25 --> Session: Class initialized using 'CodeIgniter\Session\Handlers\FileHandler' driver.
INFO - 2023-07-18 17:50:14 --> Session: Class initialized using 'CodeIgniter\Session\Handlers\FileHandler' driver.
INFO - 2023-07-18 17:53:11 --> Session: Class initialized using 'CodeIgniter\Session\Handlers\FileHandler' driver.
INFO - 2023-07-18 17:54:30 --> Session: Class initialized using 'CodeIgniter\Session\Handlers\FileHandler' driver.
INFO - 2023-07-18 17:55:32 --> Session: Class initialized using 'CodeIgniter\Session\Handlers\FileHandler' driver.
INFO - 2023-07-18 17:59:00 --> Session: Class initialized using 'CodeIgniter\Session\Handlers\FileHandler' driver.
INFO - 2023-07-18 18:00:17 --> Session: Class initialized using 'CodeIgniter\Session\Handlers\FileHandler' driver.
INFO - 2023-07-18 18:01:40 --> Session: Class initialized using 'CodeIgniter\Session\Handlers\FileHandler' driver.
INFO - 2023-07-18 18:02:00 --> Session: Class initialized using 'CodeIgniter\Session\Handlers\FileHandler' driver.
INFO - 2023-07-18 18:03:28 --> Session: Class initialized using 'CodeIgniter\Session\Handlers\FileHandler' driver.
INFO - 2023-07-18 18:11:54 --> Session: Class initialized using 'CodeIgniter\Session\Handlers\FileHandler' driver.
INFO - 2023-07-18 18:11:55 --> Session: Class initialized using 'CodeIgniter\Session\Handlers\FileHandler' driver.
INFO - 2023-07-18 18:16:42 --> Session: Class initialized using 'CodeIgniter\Session\Handlers\FileHandler' driver.
INFO - 2023-07-18 18:18:04 --> Session: Class initialized using 'CodeIgniter\Session\Handlers\FileHandler' driver.
INFO - 2023-07-18 18:36:18 --> Session: Class initialized using 'CodeIgniter\Session\Handlers\FileHandler' driver.
INFO - 2023-07-18 18:36:34 --> Session: Class initialized using 'CodeIgniter\Session\Handlers\FileHandler' driver.
INFO - 2023-07-18 18:40:50 --> Session: Class initialized using 'CodeIgniter\Session\Handlers\FileHandler' driver.
INFO - 2023-07-18 18:41:35 --> Session: Class initialized using 'CodeIgniter\Session\Handlers\FileHandler' driver.
INFO - 2023-07-18 18:41:42 --> Session: Class initialized using 'CodeIgniter\Session\Handlers\FileHandler' driver.
INFO - 2023-07-18 18:42:51 --> Session: Class initialized using 'CodeIgniter\Session\Handlers\FileHandler' driver.
INFO - 2023-07-18 19:04:32 --> Session: Class initialized using 'CodeIgniter\Session\Handlers\FileHandler' driver.
INFO - 2023-07-18 19:05:01 --> Session: Class initialized using 'CodeIgniter\Session\Handlers\FileHandler' driver.
INFO - 2023-07-18 19:06:48 --> Session: Class initialized using 'CodeIgniter\Session\Handlers\FileHandler' driver.
INFO - 2023-07-18 19:07:54 --> Session: Class initialized using 'CodeIgniter\Session\Handlers\FileHandler' driver.
INFO - 2023-07-18 19:24:05 --> Session: Class initialized using 'CodeIgniter\Session\Handlers\FileHandler' driver.
INFO - 2023-07-18 19:32:26 --> Session: Class initialized using 'CodeIgniter\Session\Handlers\FileHandler' driver.
INFO - 2023-07-18 19:40:40 --> Session: Class initialized using 'CodeIgniter\Session\Handlers\FileHandler' driver.
INFO - 2023-07-18 19:44:23 --> Session: Class initialized using 'CodeIgniter\Session\Handlers\FileHandler' driver.
INFO - 2023-07-18 19:45:25 --> Session: Class initialized using 'CodeIgniter\Session\Handlers\FileHandler' driver.
INFO - 2023-07-18 19:52:45 --> Session: Class initialized using 'CodeIgniter\Session\Handlers\FileHandler' driver.
INFO - 2023-07-18 20:07:34 --> Session: Class initialized using 'CodeIgniter\Session\Handlers\FileHandler' driver.
INFO - 2023-07-18 20:08:10 --> Session: Class initialized using 'CodeIgniter\Session\Handlers\FileHandler' driver.
INFO - 2023-07-18 20:08:20 --> Session: Class initialized using 'CodeIgniter\Session\Handlers\FileHandler' driver.
INFO - 2023-07-18 20:09:22 --> Session: Class initialized using 'CodeIgniter\Session\Handlers\FileHandler' driver.
INFO - 2023-07-18 20:09:42 --> Session: Class initialized using 'CodeIgniter\Session\Handlers\FileHandler' driver.
INFO - 2023-07-18 20:09:45 --> Session: Class initialized using 'CodeIgniter\Session\Handlers\FileHandler' driver.
INFO - 2023-07-18 20:12:29 --> Session: Class initialized using 'CodeIgniter\Session\Handlers\FileHandler' driver.
INFO - 2023-07-18 20:13:01 --> Session: Class initialized using 'CodeIgniter\Session\Handlers\FileHandler' driver.
INFO - 2023-07-18 20:17:39 --> Session: Class initialized using 'CodeIgniter\Session\Handlers\FileHandler' driver.
INFO - 2023-07-18 20:17:44 --> Session: Class initialized using 'CodeIgniter\Session\Handlers\FileHandler' driver.
INFO - 2023-07-18 20:19:20 --> Session: Class initialized using 'CodeIgniter\Session\Handlers\FileHandler' driver.
INFO - 2023-07-18 20:21:48 --> Session: Class initialized using 'CodeIgniter\Session\Handlers\FileHandler' driver.
INFO - 2023-07-18 20:22:12 --> Session: Class initialized using 'CodeIgniter\Session\Handlers\FileHandler' driver.
INFO - 2023-07-18 20:22:19 --> Session: Class initialized using 'CodeIgniter\Session\Handlers\FileHandler' driver.
INFO - 2023-07-18 20:22:57 --> Session: Class initialized using 'CodeIgniter\Session\Handlers\FileHandler' driver.
INFO - 2023-07-18 20:24:37 --> Session: Class initialized using 'CodeIgniter\Session\Handlers\FileHandler' driver.
INFO - 2023-07-18 20:25:57 --> Session: Class initialized using 'CodeIgniter\Session\Handlers\FileHandler' driver.
INFO - 2023-07-18 20:28:55 --> Session: Class initialized using 'CodeIgniter\Session\Handlers\FileHandler' driver.
INFO - 2023-07-18 20:29:34 --> Session: Class initialized using 'CodeIgniter\Session\Handlers\FileHandler' driver.
INFO - 2023-07-18 20:31:00 --> Session: Class initialized using 'CodeIgniter\Session\Handlers\FileHandler' driver.
INFO - 2023-07-18 20:33:41 --> Session: Class initialized using 'CodeIgniter\Session\Handlers\FileHandler' driver.
INFO - 2023-07-18 20:34:14 --> Session: Class initialized using 'CodeIgniter\Session\Handlers\FileHandler' driver.
INFO - 2023-07-18 20:36:39 --> Session: Class initialized using 'CodeIgniter\Session\Handlers\FileHandler' driver.
INFO - 2023-07-18 20:36:48 --> Session: Class initialized using 'CodeIgniter\Session\Handlers\FileHandler' driver.
INFO - 2023-07-18 20:40:05 --> Session: Class initialized using 'CodeIgniter\Session\Handlers\FileHandler' driver.
INFO - 2023-07-18 20:40:38 --> Session: Class initialized using 'CodeIgniter\Session\Handlers\FileHandler' driver.
INFO - 2023-07-18 20:45:04 --> Session: Class initialized using 'CodeIgniter\Session\Handlers\FileHandler' driver.
INFO - 2023-07-18 20:45:09 --> Session: Class initialized using 'CodeIgniter\Session\Handlers\FileHandler' driver.
INFO - 2023-07-18 20:46:01 --> Session: Class initialized using 'CodeIgniter\Session\Handlers\FileHandler' driver.
INFO - 2023-07-18 20:50:09 --> Session: Class initialized using 'CodeIgniter\Session\Handlers\FileHandler' driver.
INFO - 2023-07-18 20:50:21 --> Session: Class initialized using 'CodeIgniter\Session\Handlers\FileHandler' driver.
INFO - 2023-07-18 20:50:38 --> Session: Class initialized using 'CodeIgniter\Session\Handlers\FileHandler' driver.
INFO - 2023-07-18 20:53:00 --> Session: Class initialized using 'CodeIgniter\Session\Handlers\FileHandler' driver.
INFO - 2023-07-18 20:55:46 --> Session: Class initialized using 'CodeIgniter\Session\Handlers\FileHandler' driver.
INFO - 2023-07-18 20:57:11 --> Session: Class initialized using 'CodeIgniter\Session\Handlers\FileHandler' driver.
INFO - 2023-07-18 21:17:59 --> Session: Class initialized using 'CodeIgniter\Session\Handlers\FileHandler' driver.
INFO - 2023-07-18 21:18:58 --> Session: Class initialized using 'CodeIgniter\Session\Handlers\FileHandler' driver.
INFO - 2023-07-18 22:04:47 --> Session: Class initialized using 'CodeIgniter\Session\Handlers\FileHandler' driver.
INFO - 2023-07-18 22:06:13 --> Session: Class initialized using 'CodeIgniter\Session\Handlers\FileHandler' driver.
INFO - 2023-07-18 22:06:21 --> Session: Class initialized using 'CodeIgniter\Session\Handlers\FileHandler' driver.
INFO - 2023-07-18 22:06:27 --> Session: Class initialized using 'CodeIgniter\Session\Handlers\FileHandler' driver.
INFO - 2023-07-18 22:07:21 --> Session: Class initialized using 'CodeIgniter\Session\Handlers\FileHandler' driver.
INFO - 2023-07-18 22:08:12 --> Session: Class initialized using 'CodeIgniter\Session\Handlers\FileHandler' driver.
INFO - 2023-07-18 22:08:40 --> Session: Class initialized using 'CodeIgniter\Session\Handlers\FileHandler' driver.
INFO - 2023-07-18 22:09:00 --> Session: Class initialized using 'CodeIgniter\Session\Handlers\FileHandler' driver.
INFO - 2023-07-18 22:09:20 --> Session: Class initialized using 'CodeIgniter\Session\Handlers\FileHandler' driver.
INFO - 2023-07-18 22:09:37 --> Session: Class initialized using 'CodeIgniter\Session\Handlers\FileHandler' driver.
INFO - 2023-07-18 22:09:41 --> Session: Class initialized using 'CodeIgniter\Session\Handlers\FileHandler' driver.
INFO - 2023-07-18 22:09:59 --> Session: Class initialized using 'CodeIgniter\Session\Handlers\FileHandler' driver.
INFO - 2023-07-18 22:10:17 --> Session: Class initialized using 'CodeIgniter\Session\Handlers\FileHandler' driver.
INFO - 2023-07-18 22:10:22 --> Session: Class initialized using 'CodeIgniter\Session\Handlers\FileHandler' driver.
INFO - 2023-07-18 22:10:27 --> Session: Class initialized using 'CodeIgniter\Session\Handlers\FileHandler' driver.
INFO - 2023-07-18 22:10:30 --> Session: Class initialized using 'CodeIgniter\Session\Handlers\FileHandler' driver.
INFO - 2023-07-18 22:11:00 --> Session: Class initialized using 'CodeIgniter\Session\Handlers\FileHandler' driver.
INFO - 2023-07-18 22:11:05 --> Session: Class initialized using 'CodeIgniter\Session\Handlers\FileHandler' driver.
INFO - 2023-07-18 22:11:34 --> Session: Class initialized using 'CodeIgniter\Session\Handlers\FileHandler' driver.
INFO - 2023-07-18 22:11:38 --> Session: Class initialized using 'CodeIgniter\Session\Handlers\FileHandler' driver.
INFO - 2023-07-18 22:13:42 --> Session: Class initialized using 'CodeIgniter\Session\Handlers\FileHandler' driver.
INFO - 2023-07-18 22:13:46 --> Session: Class initialized using 'CodeIgniter\Session\Handlers\FileHandler' driver.
INFO - 2023-07-18 22:13:48 --> Session: Class initialized using 'CodeIgniter\Session\Handlers\FileHandler' driver.
INFO - 2023-07-18 22:13:53 --> Session: Class initialized using 'CodeIgniter\Session\Handlers\FileHandler' driver.
INFO - 2023-07-18 22:14:26 --> Session: Class initialized using 'CodeIgniter\Session\Handlers\FileHandler' driver.
INFO - 2023-07-18 22:14:30 --> Session: Class initialized using 'CodeIgniter\Session\Handlers\FileHandler' driver.
INFO - 2023-07-18 22:14:40 --> Session: Class initialized using 'CodeIgniter\Session\Handlers\FileHandler' driver.
INFO - 2023-07-18 22:14:44 --> Session: Class initialized using 'CodeIgniter\Session\Handlers\FileHandler' driver.
INFO - 2023-07-18 22:24:55 --> Session: Class initialized using 'CodeIgniter\Session\Handlers\FileHandler' driver.
INFO - 2023-07-18 22:25:17 --> Session: Class initialized using 'CodeIgniter\Session\Handlers\FileHandler' driver.
INFO - 2023-07-18 22:25:33 --> Session: Class initialized using 'CodeIgniter\Session\Handlers\FileHandler' driver.
